tree
version=v4
num_class=1
num_tree_per_iteration=1
label_index=0
max_feature_idx=49
objective=binary sigmoid:1
feature_names=roc_1h roc_4h roc_12h roc_24h roc_72h roc_168h vol_ratio rvol_hod qvol_z168 trades_z168 taker_share taker_share_4h rsi14 atr_pct atr_ratio_72 ema20_ext_atr breakout_dist_atr z20 rexp72 med_range24 dist_hh168_atr bbw_pctile_720 ma_align ema50_slope_24h d_final tp_rr p1h_age hour dow tier uni_adr_pct uni_log_spot30 breadth_ema50 breadth_roc24_pos median_roc24 median_roc4 btc_roc_4h btc_roc_24h btc_z20 btc_vol_24h btc_above_ema50 altseason rank_roc4 rank_roc24 rank_volratio pat_P1 pat_P1H pat_P2 pat_P3 is_long
feature_infos=[-0.070149253731343286:0.087128712871287206] [-0.094080996884735257:0.15783898305084754] [-0.14496382860322754:0.21444444444444444] [-0.16900780379041258:0.24214659685863871] [-0.27894211576846306:0.48247078464106852] [-0.55983531564501376:0.83098591549295775] [1.5000622774635288:359.33243343693715] [0.17162408615706429:418.12938815520056] [-0.882724326419139:12.808503134291994] [-2.0621862797786137:12.888344154463313] [0.010684026673918622:0.93398023079375814] [0.12618416637937041:0.79797988739573289] [6.6508007442924963:94.490173445865935] [0.0033874654315657745:0.019998545175260549] [0.15825111217167168:4.1160600141496522] [-0.32071578911178783:6.7742859368981989] [0.0012545733365193921:4.1696014705848761] [-4.1672904870647827:4.1730504526984538] [0.020968083546489852:6349] [0.0021034833309561641:0.024243059079580669] [0:116.59957742769095] [0.0013888888888888889:1] [0:4] [-0.091164964124475945:0.1124031011784381] [0.01:0.039999757498992913] [2:2.5] [0:6] [0:23] [0:6] [1:3] [3.3999999999999999:26.600000000000001] [-0.52287874528033762:3.0352696000994364] [0:1] [0:1] [-0.28880407124681928:0.1491837968561065] [-0.17004504504504503:0.098896829205336045] [-0.066175709402497729:0.097804932656685883] [-0.13249619472144281:0.12748695327998094] [-4.0417165874818934:4.0938514165617619] [0.0006431687198023816:0.016762935430467193] [0:1] [-0.21164175022992993:0.12145636910961288] [0.0067114093959731542:1] [0.0067114093959731542:1] [0.01020408163265306:1] [0:1] [0:1] [0:1] none [0:1]
tree_sizes=1724 1762 1776 1754 1774 1761 1775 1765 1778 1787 1764 1769 1780 1772 1771 1789 1781 1769 1779 1782 1770 1768 1771 1778 1776 1785 1780 1798 1784 1776 1773 1787 1773 1773 1762 1777 1768 1782 1790 1780 1772 1770 1769 1785 1786 1788 1779 1776 1785 1789 1760 1781 1781 1766 1779 1772 1779 1780 1781 1775 1761 1787 1778 1784 1769 1778 1788 1767 1779 1768 1794 1784 1774 1786 1771 1782 1763 1776 1785 1775 1768 1771 1782 1772 1758 1780 1781 1782 1793 1792 1779 1776 1768 1761 1777 1765 1767 1777 1770 1786 1781 1796 1776 1781 1786 1779 1760 1786 1767 1771 1770 1775 1786 1763 1772 1775 1789 1774 1776 1780 1788 1792 1763 1765 1766 1783 1787 1784 1770 1768 1778 1772 1787 1789 1776 1776 1779 1767 1770 1782 1775 1772 1774 1759 1773 1790 1774 1760 1767 1767 1784 1780 1767 1786 1764 1799 1771 1781 1767 1780 1789 1784 1771 1776 1754 1778 1760 1768 1777 1789 1768 1774 1785 1790 1775 1778 1791 1769 1773 1777 1771 1782 1770 1776 1770 1777 1789 1784 1801 1792 1792 1782 1769 1781 1772 1775 1751 1778 1758 1786 1765 1778 1794 1780 1778 1772 1784 1763 1789 1774 1783 1767 1775 1760 1763 1777 1777 1774 1768 1789 1772 1799 1782 1777 1777 1789 1778 1751 1772 1787 1781 1769 1788 1766 1775 1773 1769 1780 1789 1783 1765 1775 1767 1761 1780 1769 1766 1765 1787 1776 1771 1778 1775 1765 1762 1783 1770 1784 1757 1762 1792 1761 1781 1770 1770 1768 1773 1763 1769 1772 1774 1774 1792 1776 1776 1778 1753 1772 1783 1777 1755 1770 1782 1783 1770 1777 1781 1777 1793 1766 1776 1762 1779 1757 1766 1765 1776 1777 1771 1766 1775 1780 1789 1775 1777 1777 1765 1783 1762 1767 1776 1765 1769 1772 1789 1760 1767 1786 1754 1767 1773 1779 1746 1755 1759 1753 1780 1771 1770 1779 1795 1759 1772 1776 1779 1768 1769 1773 1764 1780 1766 1777 1753 1760 1775 1785 1777 1798 1783 1777 1767 1764 1776 1752 1762 1779 1774 1792 1768 1769 1776 1781 1760 1780 1767 1783 1759 1786 1797 1759 1789 1789 1764 1783 1779 1754 1769 1781 1761 1774 1780 1781 1779 1786 1769 1766 1764 1753 1769 1770 1760 1762 1786 1769 1784 1752 1792 1782 1777 1761 1781 1766 1760 1771 1763 1765 1776 1788 1764 1782 1762 1753 1761 1743 1772 1782 1769 1774 1791 1774 1773 1766 1767 1773 1770 1768 1768 1770 1785 1774 1787 1765 1770 1752 1757 1780 1766 1765 1754 1773 1777 1773 1779 1793 1778 1772 1778 1756 1773 1782 1783 1757 1781 1762 1776 1772 1772 1728 1771 1782 1768 1765 1763 1755 1771 1771 1753 1772 1768 1772 1773 1768 1781 1759 1760 1759 1774 1775 1782 1755 1769 1754 1755 1762 1768 1770 1775 1787 1783 1788 1782 1775 1770 1779 1757 1772 1771 1776 1775 1768

Tree=0
num_leaves=15
num_cat=0
split_feature=41 32 34 41 42 32 35 37 25 32 41 36 37 35
split_gain=78.62 74.6207 92.8944 71.6929 55.1008 33.8069 33.7924 48.6191 38.6148 30.6672 35.0733 26.9837 26.7658 26.4794
threshold=-0.028524154599199599 0.066890380313199119 -0.048896929398537063 -0.050925154213402039 0.80321414741190156 0.0080322580645161307 -0.042773741608064818 -0.028525828205926414 2.2500000000000004 0.093988412780359104 -0.038417598865471962 -0.0027052148177583164 0.022824334973246877 -0.057561550418693257
decision_type=2 2 2 2 2 2 2 2 2 2 2 2 2 2
left_child=1 2 3 5 6 -1 7 -2 -8 -3 -11 -4 -10 -5
right_child=4 9 11 13 -6 -7 8 -9 12 10 -12 -13 -14 -15
leaf_value=-1.3153514633021988 -1.3360519138070699 -1.3431910878680084 -1.196120585222709 -1.2330100618085154 -1.2963606087139206 -1.2305935342308716 -1.2992722438049833 -1.209497668402737 -1.3226683684703078 -1.3328245209155063 -1.2642154240010721 -1.2937650419679556 -1.3007295627825115 -1.313093280391425
leaf_weight=12.772989764809607 9.462822191417219 48.331085324287415 43.932731442153454 6.2618735656142226 799.30702474713326 58.978511065244675 330.10659056156874 13.48151110857725 818.41169876977801 27.685546040534973 38.84265873581171 9.4180145189166051 166.19569120556116 120.28382071107626
leaf_count=214 107 589 587 89 10216 861 4312 163 9907 321 489 126 2206 1617
internal_value=-1.30304 -1.28181 -1.26678 -1.28365 -1.30672 -1.24552 -1.31291 -1.2583 -1.31403 -1.31485 -1.29287 -1.21111 -1.31897 -1.30663
internal_weight=2503.47 366.507 251.648 198.297 2136.97 71.7515 1337.66 22.9443 1314.71 114.859 66.5282 53.3507 984.607 126.546
internal_count=31804 4893 3494 2781 26911 1075 16695 270 16425 1399 810 713 12113 1706
is_linear=0
shrinkage=1


Tree=1
num_leaves=15
num_cat=0
split_feature=41 39 38 25 33 27 39 42 35 35 28 5 37 28
split_gain=83.4029 102.11 98.812 57.3221 53.6255 44.7595 40.4303 36.4791 29.083 28.4677 39.5417 31.7089 26.0485 25.9892
threshold=-0.028524154599199599 0.0040174598924916207 -2.8141999128758788 2.2500000000000004 0.0091326105087572995 15.500000000000002 0.003896651996107405 0.88278556034482769 -0.04935260507573843 -0.021662213991203102 1.0000000180025095e-35 0.010502159213950259 -0.02779570784516849 2.5000000000000004
decision_type=2 2 2 2 2 2 2 2 2 2 2 2 2 2
left_child=1 2 -1 13 -4 6 9 8 12 10 -6 -11 -5 -2
right_child=3 -3 4 7 5 -7 -8 -9 -10 11 -12 -13 -14 -15
leaf_value=0.13251109137110037 -0.0016998851366832669 -0.0067617540253954922 0.10771867888918643 -0.025543973071307804 0.071585357237235844 -0.015981841651959997 0.12053341868279646 0.0032320016256354293 -0.014071337889843636 0.074606319600441756 -0.02795087714709199 -0.005972032068720691 0.088748098787881813 0.021265565733981234
leaf_weight=23.799294395372272 221.07188740186393 167.09931789711118 15.263510871678589 5.1294823698699465 8.2110949363559467 53.883632814511657 8.627376586198805 479.73772043734789 1144.6599009204656 33.352433269843459 35.892000138759613 16.886907365173101 8.1969385035336 271.29366292990744
leaf_count=344 2983 2177 226 57 112 740 118 5810 14278 455 422 202 111 3653
internal_value=-5.47311e-05 0.0219288 0.0459587 -0.00384381 0.0305878 0.0199864 0.0386769 -0.00833866 -0.0131255 0.0255015 -0.00401698 0.0494326 0.0497891 0.0110407
internal_weight=2493.11 363.016 195.916 2130.09 172.117 156.853 102.97 1637.72 1157.99 94.3424 44.1031 50.2393 13.3264 492.366
internal_count=31688 4796 2619 26892 2275 2049 1309 20256 14446 1191 534 657 168 6636
is_linear=0
shrinkage=0.05


Tree=2
num_leaves=15
num_cat=0
split_feature=41 39 38 33 22 33 27 45 8 33 36 39 39 2
split_gain=72.5731 83.5509 90.3916 46.3636 50.0624 57.9122 59.4164 41.1024 32.1626 28.6765 26.5824 25.222 36.0115 25.6176
threshold=-0.028524154599199599 0.0040174598924916207 -2.8141999128758788 0.0091326105087572995 1.0000000180025095e-35 0.025642898889538284 15.500000000000002 1.0000000180025095e-35 0.99631893336081812 0.054189387583892627 0.030757561690817895 0.0044863756876359585 0.0048624557227649242 -0.050695272469465917
decision_type=2 2 2 2 2 2 2 2 2 2 2 2 2 2
left_child=1 2 -1 -4 5 -5 -7 -2 -9 -10 -11 -3 13 -13
right_child=7 11 3 4 -6 6 -8 8 9 10 -12 12 -14 -15
leaf_value=0.11939223753353595 0.0094523880023833079 -0.034838753504037381 0.097573772092628117 -0.030588664167611121 -0.013446560547422833 0.093166675902959961 0.00081106069964984788 -0.012722988694513708 -0.038437055599110703 0.0064388405131485457 -0.042517733609081093 0.093062609266123669 -0.010673218190854133 0.0083227770517710319
leaf_weight=27.190738279372454 496.2516324929893 46.820910442620516 15.823561830446122 19.019702635705471 71.869978440925479 44.782229084521532 26.920755041763186 964.35368918813765 37.024377483874559 600.24178797379136 24.099409082904458 12.045218370854853 85.52175453491509 21.022675473242998
leaf_count=352 6646 626 220 227 881 601 386 11646 491 7795 296 160 1116 263
internal_value=0.000501009 0.0207491 0.041645 0.0268646 0.0172774 0.0410478 0.0608051 -0.00307975 -0.00692244 0.00156749 0.00422635 -0.0056844 0.00676994 0.0473589
internal_weight=2492.99 371.018 205.607 178.416 162.593 90.7227 71.703 2121.97 1625.72 661.366 624.341 165.411 118.59 33.0679
internal_count=31706 4832 2667 2315 2095 1214 987 26874 20228 8582 8091 2165 1539 423
is_linear=0
shrinkage=0.05


Tree=3
num_leaves=15
num_cat=0
split_feature=41 38 27 41 41 41 38 37 25 25 27 41 35 7
split_gain=75.1665 76.6511 41.156 43.7492 43.3977 39.594 42.8101 49.6275 39.0431 33.9304 30.8094 38.5314 30.1348 28.3077
threshold=-0.028524154599199599 -3.0907367181214829 15.500000000000002 -0.050925154213402039 -0.03011101864931395 -0.03476758345026653 -1.4957047045106977 -0.035786874103375992 2.2500000000000004 2.2500000000000004 19.500000000000004 -0.073025314814470207 -0.017809962006343934 2.1309862758387172
decision_type=2 2 2 2 2 2 2 2 2 2 2 2 2 10
left_child=1 -1 4 10 5 6 7 -3 -2 -8 -4 -12 -6 -10
right_child=8 2 3 -5 12 -7 9 -9 13 -11 11 -13 -14 -15
leaf_value=0.090764280590333979 0.0085484070689139866 -0.027977785247793204 -0.017403073005178685 -0.025756326571933476 0.11424829136227035 -0.018187041464999928 0.053807830663295711 0.073145720001952449 -0.013726181547831479 -0.02026405064715063 -0.024663962874679337 0.10563611522355415 0.00049270954450962069 -0.00048529062703667821
leaf_weight=30.419534968212247 504.49236221984029 12.046794569119809 13.905651051551102 96.695224855095148 16.400812719017271 53.552024146541953 16.67441632412374 61.441483097150922 830.7036040853709 48.937616921961308 5.7728913873434058 14.13137309253216 8.0572146754711849 781.51395311579108
leaf_count=362 6722 204 202 1313 178 637 235 794 10350 569 80 196 97 9824
internal_value=0.000146898 0.0205322 0.0131864 -0.00880446 0.0263058 0.0171582 0.0309246 0.0558425 -0.00353364 0.00103748 0.0367495 0.0704804 0.0832181 -0.00732907
internal_weight=2494.74 378.035 347.616 130.505 217.11 192.652 139.1 73.4883 2116.71 65.612 33.8099 19.9043 24.458 1612.22
internal_count=31763 4867 4505 1791 2714 2439 1802 998 26896 804 478 276 275 20174
is_linear=0
shrinkage=0.05


Tree=4
num_leaves=15
num_cat=0
split_feature=41 39 38 42 32 34 41 34 34 45 39 39 39 38
split_gain=65.9228 75.0589 71.9433 45.7123 44.5117 49.4243 58.0661 33.8467 41.7477 26.3228 25.4975 26.409 25.8241 31.7014
threshold=-0.028524154599199599 0.0040174598924916207 -2.8141999128758788 0.81642014604006752 0.051949025487256377 -0.043660139828284088 -0.037213766437482053 -0.093884379758956762 -0.066929805893291852 1.0000000180025095e-35 0.0044863756876359585 0.0048624557227649242 0.0052131927921316825 -2.2289507973497176
decision_type=2 2 2 2 2 2 2 2 2 2 2 2 2 2
left_child=1 2 -1 -2 5 6 7 -4 -9 -5 -3 -12 -13 -14
right_child=3 10 4 9 -6 -7 -8 8 -10 -11 11 12 13 -15
leaf_value=0.10636104460499599 -0.0087113510995509066 -0.035232746173670025 -0.030863156825549083 0.024230285778384611 -0.005522863883278357 0.1025447427652412 -0.028542971767800962 0.11177094950214757 0.019897396891907518 0.0017219729195765022 0.040786599902713355 -0.043993559746593122 0.069502241466157452 -0.0091992345442356953
leaf_weight=28.982494618743658 1337.1131126042455 45.918137887492776 7.5531111285090438 160.63101416639984 69.907931379973888 23.494288075715303 30.345027536153793 21.855544524267316 27.89678718522191 606.18086368404329 34.403106678277254 27.807330314069986 11.960528891533611 48.498727381229401
leaf_count=350 16974 617 98 2231 836 275 417 290 383 7515 422 373 155 602
internal_value=0.000326896 0.0193916 0.0389824 -0.00314184 0.0256281 0.0446158 0.0243922 0.0524641 0.0667776 0.00656342 -0.00543547 0.00666137 -0.00811291 0.0104897
internal_weight=2482.55 378.623 210.035 2103.92 181.053 111.145 87.6505 57.3054 49.7523 766.812 168.588 122.67 88.2666 60.4593
internal_count=31538 4818 2649 26720 2299 1463 1188 771 673 9746 2169 1552 1130 757
is_linear=0
shrinkage=0.05


Tree=5
num_leaves=15
num_cat=0
split_feature=41 32 39 42 5 28 32 37 38 39 39 41 15 35
split_gain=60.0842 66.5419 68.0519 45.5921 42.6511 45.523 36.6274 35.5055 34.0221 30.8456 47.4248 39.4141 34.4673 30.4883
threshold=-0.028524154599199599 0.066890380313199119 0.0040436004811766485 0.80546234153616714 -0.01115238362385834 4.5000000000000009 0.018099918099918105 -0.035786874103375992 -2.5089896074548474 0.0036736841119307186 0.0027004803966359692 -0.037714274874956037 2.3523906714376115 -0.031549262581472941
decision_type=2 2 2 2 2 2 2 2 2 2 2 2 2 2
left_child=1 2 7 -2 5 -4 -7 -1 13 10 12 -12 -9 -3
right_child=3 8 4 -5 -6 6 -8 9 -10 -11 11 -13 -14 -15
leaf_value=-0.035562134751063422 -0.0087852783734097221 -0.031517925379105992 -0.030623033930444535 0.0062933901742832452 0.062281546894636622 0.083758186658636213 -0.027370179103836396 0.018152415839841406 -0.023688864493484403 0.10034871825069486 0.045447810084498719 -0.031496385886270073 0.10447380337153933 0.088912234839593457
leaf_weight=7.3754504024982444 1323.7970038466156 5.1212757118046275 73.419202722609043 800.54951535724103 19.251810528337955 14.232525205239655 8.9092937260866147 20.476113313809037 100.80505532771349 33.131191615015268 30.357091329991817 26.713993448764086 31.79677258618176 9.1927097886800748
leaf_count=116 16893 68 985 10085 218 226 91 242 1234 373 368 360 451 105
internal_value=0.000188266 0.018344 0.0319226 -0.00310152 0.00280755 -0.0115325 0.0437136 0.0536071 -0.0130162 0.0592723 0.0429824 0.00979564 0.075197 0.0488197
internal_weight=2505.13 380.782 265.663 2124.35 115.813 96.561 23.1418 149.851 115.119 142.475 109.344 57.0711 52.2729 14.314
internal_count=31815 4837 3430 26978 1520 1302 317 1910 1407 1794 1421 728 693 173
is_linear=0
shrinkage=0.05


Tree=6
num_leaves=15
num_cat=0
split_feature=41 39 39 25 23 38 36 8 34 34 32 32 36 38
split_gain=54.7387 63.2377 55.2065 39.1389 34.0865 40.49 47.5352 30.7485 27.7784 44.5605 27.5977 24.4486 21.6804 24.3963
threshold=-0.028524154599199599 0.0040174598924916207 0.0036736841119307186 2.2500000000000004 -0.0045688228097919828 -1.4596715739316279 -0.010396644600191405 1.2040670428429163 -0.048450201035997363 -0.055487256980164205 0.053768714506969552 0.066890380313199119 0.030757561690817895 1.8847014053232878
decision_type=2 2 2 2 2 2 2 2 2 2 2 2 2 2
left_child=1 2 4 -2 5 6 -1 -5 9 -8 -9 -12 13 -13
right_child=3 -3 -4 7 -6 -7 8 10 -10 -11 11 12 -14 -15
leaf_value=-0.005493092236003503 0.0085796838646067415 -0.0060868343772855953 0.080811886887838358 -0.012336287840904504 -0.01287463166859513 -0.0071428696503721247 0.080326653790581834 -0.032106322783230445 0.11410596920355554 -0.025909306366815651 0.064550929781934066 -0.0010633821142268015 -0.042482494713885405 0.023771111445592255
leaf_weight=23.496057689189911 514.32826380245388 165.34854167513549 45.668796591460705 1032.08523950167 51.348182080313563 38.389511797577143 18.294971685856581 48.474761791527271 24.391935901716352 13.829539909958838 12.039295157417653 354.80772065930068 19.392068253830075 131.89160044491291
leaf_count=307 6781 2194 515 12735 595 503 247 620 303 175 142 4617 248 1769
internal_value=-0.000206856 0.0171165 0.0346606 -0.00336157 0.0202874 0.0346079 0.0538816 -0.00721806 0.0770061 0.0372624 0.00213126 0.00561068 0.00359078 0.00583985
internal_weight=2493.79 380.768 215.419 2113.02 169.75 118.402 80.0125 1598.69 56.5164 32.1245 566.605 518.131 506.091 486.699
internal_count=31751 4839 2645 26912 2130 1535 1032 20131 725 422 7396 6776 6634 6386
is_linear=0
shrinkage=0.05


Tree=7
num_leaves=15
num_cat=0
split_feature=41 39 38 32 34 25 41 34 34 7 35 41 12 33
split_gain=48.0297 58.4328 50.1136 37.1724 46.0221 35.0137 33.7052 28.582 32.571 28.0927 30.693 25.3278 21.4695 21.3471
threshold=-0.028524154599199599 0.0040979153261787348 -2.8141999128758788 0.051949025487256377 -0.04042734364255559 2.2500000000000004 -0.037213766437482053 -0.093884379758956762 -0.066929805893291852 4.0258515285865846 -0.042773741608064818 -0.04669007415986786 64.31278888237911 0.080268456375838945
decision_type=2 2 2 2 2 2 2 2 2 10 2 2 2 2
left_child=1 2 -1 4 6 -2 7 -4 -9 10 -7 -10 -12 -5
right_child=5 -3 3 13 -6 9 -8 8 11 -11 12 -13 -14 -15
leaf_value=0.086839031638133973 0.00881088791664064 -0.0061420550955404917 -0.031008364534789851 -0.025807587108325033 0.10561430329101003 0.050634148448584639 -0.014790284474742435 0.095481312095496013 -0.03407069407593432 0.0077795521936015041 -0.015559747206864741 0.046191951930798753 -0.0024249908122550598 0.026944736660590381
leaf_weight=31.870217431336641 503.50523147918284 162.81749468669295 7.9517202973365775 45.858595689758658 16.668030859902501 16.126601509749889 35.434797547757626 23.340833524242043 10.938876397907732 288.43056128174067 772.58165802620351 22.365053137764335 522.16357007808983 25.955530861392617
leaf_count=347 6639 2143 106 551 151 186 486 292 133 3688 9662 299 6727 312
internal_value=0.000346817 0.0165079 0.0330066 0.021897 0.0387497 -0.00263045 0.0231109 0.0434707 0.055593 -0.00624873 -0.0093532 0.018823 -0.0102923 -0.00622866
internal_weight=2486.01 383.201 220.384 188.513 116.699 2102.81 100.031 64.5965 56.6448 1599.3 1310.87 33.3039 1294.75 71.8141
internal_count=31722 4820 2677 2330 1467 26902 1316 830 724 20263 16575 432 16389 863
is_linear=0
shrinkage=0.05


Tree=8
num_leaves=15
num_cat=0
split_feature=41 39 38 28 32 39 39 33 46 27 35 36 41 38
split_gain=41.4364 52.4007 43.7739 33.5558 33.0933 28.4709 46.5597 28.0597 27.4182 24.5822 40.2367 26.8149 32.8796 24.1899
threshold=-0.028524154599199599 0.0040174598924916207 -2.8141999128758788 1.5000000000000002 0.051949025487256377 0.0034810174990574203 0.0027004803966359692 0.080268456375838945 1.0000000180025095e-35 1.0000000180025095e-35 -0.020019542898475236 -0.0082062843311077587 0.020903841804748417 -2.1556372015925054
decision_type=2 2 2 2 2 2 2 2 2 2 2 2 2 2
left_child=1 2 -1 9 5 6 -4 -6 -5 10 -2 -11 13 -13
right_child=3 -3 4 8 7 -7 -8 -9 -10 11 -12 12 -14 -15
leaf_value=0.080335962094739477 0.091925257550957734 -0.0063348094734885637 0.053968146905620941 -0.0013996226204404322 -0.02763581101735349 0.074270236374450446 -0.01685083436825786 0.033687302166398918 0.018089985583971676 -0.034161934301747118 -0.018645165587395447 0.068162012326623111 -0.038058219232826818 -0.0048942061615177088
leaf_weight=32.694929081946611 9.7022638171911257 163.44797892123461 41.45606829598546 1285.3375058565289 47.780910950154066 30.580063229426742 42.771295951679349 23.96897210739553 204.8285845592618 130.8119254373014 15.630493363365529 6.6745185740292063 74.779768394306302 388.54293796047568
leaf_count=352 129 2184 524 16201 576 313 598 292 2816 1617 222 94 1005 4986
internal_value=-1.05501e-05 0.0150196 0.0307252 -0.00275751 0.0201608 0.036264 0.0190767 -0.00629 0.00133083 -0.0124209 0.0318748 -0.0145363 -0.00877184 -0.00282427
internal_weight=2499.01 382.7 219.252 2116.31 186.557 114.807 84.2274 71.7499 1490.17 626.142 25.3328 600.809 469.997 395.217
internal_count=31909 4839 2655 27070 2303 1435 1122 868 19017 8053 351 7702 6085 5080
is_linear=0
shrinkage=0.05


Tree=9
num_leaves=15
num_cat=0
split_feature=46 15 38 39 36 37 38 27 28 39 41 36 37 34
split_gain=40.9379 38.1347 25.0741 40.58 18.9191 19.1506 56.6298 39.1351 32.5411 47.7941 45.3221 22.8611 35.1814 20.0291
threshold=1.0000000180025095e-35 2.7383658163718056 -2.2799654113136016 0.0041169336424687454 0.030757561690817895 -0.021293744514056853 -2.5731736252747983 15.500000000000002 5.5000000000000009 0.0026643130724381967 -0.0069071644447634686 -0.0054817099004729189 0.0024442116493876846 -0.025184237553829866
decision_type=2 2 2 2 2 2 2 2 2 2 2 2 2 2
left_child=1 4 3 -3 5 -1 7 8 9 -7 -11 13 -13 -8
right_child=-2 2 -4 -5 -6 6 11 -9 -10 10 -12 12 -14 -15
leaf_value=-0.019239164378793409 0.015865188668191314 0.058526624908318794 0.004043313509842994 -0.0060162163492049415 -0.04299582409762874 -0.017290768324918739 -0.034112338516970507 -0.010252878197396493 -0.0012648490179996885 0.11628589329760138 0.0027345726802873588 0.0094490786772616821 -0.0090850267455111818 -0.0068965972464573979
leaf_weight=201.53173654340208 346.24744840525091 56.433532310649753 285.14723319560289 38.926645083352923 28.425224719569087 11.457188315689562 114.82032414712012 39.838220655918121 23.245369125157595 32.672824736684561 11.780414182692764 388.59239022620022 728.46057771891356 162.70359610207379
leaf_count=2551 4803 697 4168 503 329 128 1385 446 305 382 150 4854 8982 1964
internal_value=5.03729e-05 -0.00255887 0.0116843 0.0331927 -0.00569182 -0.00495038 -0.00299074 0.0294103 0.0487955 0.0680039 0.089513 -0.0058506 -0.00262414 -0.018561
internal_weight=2470.28 2124.04 380.507 95.3602 1743.53 1715.1 1513.57 118.994 79.1558 55.9104 44.4532 1394.58 1117.05 277.524
internal_count=31647 26844 5368 1200 21476 21147 18596 1411 965 660 532 17185 13836 3349
is_linear=0
shrinkage=0.05


Tree=10
num_leaves=15
num_cat=0
split_feature=15 25 8 32 35 37 38 35 32 38 37 32 33 32
split_gain=37.8284 35.4739 23.6438 24.082 22.6662 21.2887 28.1869 19.5077 18.6296 15.5673 33.8923 42.1503 22.8316 16.5894
threshold=2.7383658163718056 2.2500000000000004 0.49873632119744632 0.027059182428309948 0.013035381750465482 -0.035786874103375992 -2.3088008557083732 -0.022260876125977238 0.010256679991584264 -2.7692931296177146 -0.01800763498220875 0.14126625883470931 0.13269821202817414 0.050933932895191984
decision_type=2 2 2 2 2 2 2 2 2 2 2 2 2 2
left_child=1 4 3 7 -1 8 -7 -3 -2 10 -4 13 -11 -12
right_child=5 2 9 -5 -6 6 -8 -9 -10 12 11 -13 -14 -15
leaf_value=0.014106993328600485 0.029283181648968627 -0.0068487457800530116 -0.014635955367774588 -0.015477124516825863 -0.010340458284807164 0.043483786388108757 0.010390087257379098 0.059262329243194481 -0.034095732952560825 -0.018527954850389734 0.006237169943088222 -0.023756946801363404 0.001958143883939621 0.10065696870420636
leaf_weight=410.97464590519667 11.921460460871456 22.868729282170534 33.447010569274426 652.88404692150652 118.8228039611131 77.821139045059681 313.14616045169532 15.2220008559525 35.281049638986588 172.20519991777837 6.6043938528746393 11.007780637592075 581.72023430280387 19.392232790589333
leaf_count=5272 210 243 411 7996 1517 949 4625 202 530 2192 70 130 7245 224
internal_value=0.000358656 -0.00250547 -0.00639613 -0.0131824 0.00857851 0.0136044 0.0174432 0.0233818 -0.0168172 -0.000662841 0.0210019 0.0511216 -0.00281235 0.0815452
internal_weight=2483.32 2045.15 1515.35 690.975 529.797 438.17 390.967 38.0907 47.2025 824.377 70.4514 37.0044 753.925 25.9966
internal_count=31816 25502 18713 8441 6789 6314 5574 445 740 10272 835 424 9437 294
is_linear=0
shrinkage=0.05


Tree=11
num_leaves=15
num_cat=0
split_feature=15 25 39 32 32 39 39 37 35 28 39 39 39 38
split_gain=29.06 30.654 23.6856 29.2524 26.3261 21.1712 43.9543 20.8999 20.5553 19.0795 16.9835 34.5626 15.302 22.3113
threshold=2.6605786161462461 2.2500000000000004 0.0048813387803928309 0.066890380313199119 0.062718531468531485 0.0027004803966359692 0.0034048941301260071 0.02303590102115061 0.014745003319637353 1.5000000000000002 0.0040658002082448819 0.0046090420763447376 0.0078202828573643215 -3.1466454278155216
decision_type=2 2 2 2 2 2 2 2 2 2 2 2 2 2
left_child=1 8 3 4 5 -2 -7 -5 -1 -9 -8 -12 13 -3
right_child=2 12 -4 7 -6 6 10 9 -10 -11 11 -13 -14 -15
leaf_value=0.01249524878833002 0.062467271159537902 0.028919626542339302 -0.0072698610354157006 -0.00029515067830214003 0.10213599915768974 -0.035562857761396463 0.056354260224717234 -0.0017689151302572343 -0.012314462745718818 0.064270043334963098 -0.030133471611478654 0.059449820415159872 -0.032128663905411296 -0.006403044827782145
leaf_weight=426.92392274364829 27.097607504576445 41.34566431120038 131.34629349224269 203.27095206454396 9.0585603993386012 27.021418485790491 36.269060792401433 18.074163556098938 99.234219009056687 21.720562098547816 21.244621647521853 13.348415257409213 50.353733500465751 1352.3991272617131
leaf_count=5436 349 488 1950 2797 92 391 466 268 1270 406 305 173 536 16849
internal_value=0.000215574 -0.00253953 0.0108124 0.0171232 0.0354418 0.0268649 0.0144521 0.00651055 0.00774423 0.0374266 0.0346109 0.00757629 -0.00630021 -0.00525556
internal_weight=2478.71 1970.26 508.452 377.105 134.04 124.981 97.8835 243.066 526.158 39.7947 70.8621 34.593 1444.1 1393.74
internal_count=31776 24579 7197 5247 1776 1684 1335 3471 6706 674 944 478 17873 17337
is_linear=0
shrinkage=0.05


Tree=12
num_leaves=15
num_cat=0
split_feature=41 7 32 38 25 38 36 37 39 35 39 35 39 38
split_gain=35.6633 33.3062 25.4839 36.8114 22.0747 20.1211 19.7715 26.6567 24.3893 24.7123 23.117 19.4357 17.2393 33.3747
threshold=-0.052843884075925378 4.4270764040269368 0.0080322580645161307 -1.5536594716159409 2.2500000000000004 -3.4036275092200836 0.030757561690817895 0.034230678971959201 0.0050366116930271945 -0.042773741608064818 0.0035979348822813154 -0.028583622949820194 0.0059647742080916862 2.4221463455276075
decision_type=2 10 2 2 2 2 2 2 2 2 2 2 2 2
left_child=2 4 -1 -4 -2 -3 7 8 9 10 -6 -7 -9 -14
right_child=1 5 3 -5 6 11 -8 12 -10 -11 -12 -13 13 -15
leaf_value=-0.026222627259098158 0.0055832588394571538 0.06450458758904222 0.06717768099878732 -0.0096239894781155015 -0.029472607859299799 -0.021358817376689695 -0.042537992172544489 0.0023233236249807308 -0.021524720179706025 -0.0052318131586852274 0.064540411558154778 0.015090127620390484 0.011087121496440124 0.10938515643186592
leaf_weight=12.182538395747541 527.67537265457213 13.627595277503131 45.84406067058444 20.872237477451563 5.6911455392837551 37.412515766918659 31.726854667067528 62.180882772430778 238.36896856501698 1128.4695292580873 18.645787872374058 284.28417163155973 28.114549528807402 8.3901924081146699
leaf_count=200 6842 147 575 265 59 468 403 901 2934 14411 209 3679 380 119
internal_value=0.000331862 -0.000793787 0.0323726 0.0441544 -0.00319231 0.0136958 -0.00624393 -0.00533135 -0.00713201 -0.00407589 0.0412795 0.0105892 0.0191725 0.0441355
internal_weight=2463.49 2384.59 78.8988 66.7163 2049.26 335.324 1521.59 1489.86 1391.18 1152.81 24.3369 321.697 98.6856 36.5047
internal_count=31592 30552 1040 840 26258 4294 19416 19013 17613 14679 268 4147 1400 499
is_linear=0
shrinkage=0.05


Tree=13
num_leaves=15
num_cat=0
split_feature=35 37 39 32 39 39 28 39 35 0 27 32 35 2
split_gain=35.711 27.0906 24.2496 35.1839 51.708 77.5663 48.4762 38.732 53.5689 33.0363 29.9971 35.1381 32.712 31.3634
threshold=0.01561355396609654 0.022824334973246877 0.0041169336424687454 0.026088929219600727 0.0034155240279346724 0.0027004803966359692 2.5000000000000004 0.0040658002082448819 -0.023150700314426894 -0.01245041483414505 7.5000000000000009 0.1006952827000145 -0.017213845023627602 -0.026475287288930557
decision_type=2 2 2 2 2 2 2 2 2 2 2 2 2 2
left_child=2 -2 3 4 5 6 -1 10 -9 -4 11 12 -5 -12
right_child=1 -3 9 7 -6 -7 -8 8 -10 -11 13 -13 -14 -15
leaf_value=-0.036835315718035756 -0.019409269977908369 0.0035303081618433766 -0.017348345323312749 0.063579841301701648 0.077029956464331528 -0.041175959292227303 0.087680041217509289 0.13035858099528716 -0.00028993079983470285 0.0046947709868482741 -0.016400823555732323 0.0060090707733100029 -0.00088350303309179818 0.0052154942477032938
leaf_weight=7.3828328475356093 336.48672632873058 204.38532697968185 266.79018555767834 56.296656116843224 38.959621509537101 35.887267094105482 25.250093344599009 9.5377691499888915 16.99689195305109 449.67214028723538 243.35824002325535 233.76631502062082 28.78634618408978 512.67772771045566
leaf_count=80 4163 2821 3397 630 399 453 330 112 218 5939 3187 2955 387 6592
internal_value=0.000504628 -0.0107879 0.00369665 0.00800428 0.0346626 0.00697266 0.0583586 0.005258 0.0598943 -0.0035768 0.00363817 0.0163723 0.0429313 -0.00180456
internal_weight=2466.23 540.872 1925.36 1208.9 107.48 68.5202 32.6329 1101.42 26.5347 716.462 1074.89 318.849 85.083 756.036
internal_count=31663 6984 24679 15343 1262 863 410 14081 330 9336 13751 3972 1017 9779
is_linear=0
shrinkage=0.05


Tree=14
num_leaves=15
num_cat=0
split_feature=41 27 14 32 32 41 27 36 37 33 34 33 28 36
split_gain=34.5958 39.573 32.9116 29.1749 27.9235 25.1902 23.0558 28.4536 40.8635 35.7246 30.1726 29.2371 22.43 23.5159
threshold=-0.02520679144032539 15.500000000000002 0.98496023193306692 0.03478523895946764 0.050933932895191984 -0.025814060101948724 14.500000000000002 -0.012875610501447974 0.0054517666688891362 0.054189387583892627 -0.048450201035997363 0.010256679991584264 1.0000000180025095e-35 -0.0053638066813311283
decision_type=2 2 2 2 2 2 2 2 2 2 2 2 2 2
left_child=1 5 -2 -3 -4 6 7 9 10 -1 11 -9 13 -13
right_child=2 3 4 -5 -6 -7 -8 8 -10 -11 -12 12 -14 -15
leaf_value=-0.03840278876743583 -0.0082700235656123344 0.013907394334891604 -0.027501445515336054 -0.026419322580785876 0.0068862618602124771 0.080051975297903311 0.060290698029496603 0.073291471016828355 -0.021493085572281318 0.034849059910685022 0.057800916790370242 -0.015875673744164053 -0.019294327702077757 0.074234590680722329
leaf_weight=43.434565104544163 1098.4510867390782 84.754940826445818 58.487483253702521 85.148797489702702 854.60101606696844 14.05042117834091 26.221578599885106 11.343456111848353 36.755146184936166 20.751667695119977 70.616050016134977 10.297261299565436 49.150870021432638 11.495467703789471
leaf_count=603 13686 1138 808 1193 11292 192 304 175 434 230 767 142 603 126
internal_value=0.00038991 0.0126206 -0.00245575 -0.00648021 0.00454579 0.0235786 0.019391 0.0140831 0.023672 -0.0139132 0.0348656 0.0129998 -0.000831205 0.0366398
internal_weight=2475.56 464.02 2011.54 169.904 913.088 294.116 280.066 253.844 189.658 64.1862 152.903 82.2871 70.9436 21.7927
internal_count=31693 5907 25786 2331 12100 3576 3384 3080 2247 833 1813 1046 871 268
is_linear=0
shrinkage=0.05


Tree=15
num_leaves=15
num_cat=0
split_feature=41 7 37 38 37 38 32 35 41 32 35 36 36 36
split_gain=33.4468 29.1162 23.9584 23.1906 20.9227 39.0405 29.7288 21.9786 21.3632 20.0302 20.0159 26.2401 32.8499 21.5584
threshold=-0.050925154213402039 2.8612531502055489 -0.017038341228885975 -3.4036275092200836 -0.015944761768246048 -2.5089896074548474 0.14126625883470931 0.032697557394459127 0.01441926552713252 0.010256679991584264 -0.020542863206408021 -0.0041913587084869688 -0.0027052148177583164 0.0022585248369625392
decision_type=2 10 2 2 2 2 2 2 2 2 2 2 2 2
left_child=2 4 -1 -3 8 6 -6 10 9 -2 11 -7 -13 -12
right_child=1 3 -4 -5 5 7 -8 -9 -10 -11 13 12 -14 -15
leaf_value=0.050214187734363994 0.024509331310327988 0.053564405954656974 0.00010805783902527397 0.006135039757633555 0.046954804381255849 -0.028336075868099733 -0.013304024979187742 -0.03067333878892169 0.035972564314851754 -0.022819933522419868 0.0081823475586260668 0.072941896221216926 -0.025384981357695215 -0.0061393247217647988
leaf_weight=52.351422527804971 20.327985981479287 21.897638773545623 40.886550007387996 701.63860008493066 63.734779253602028 123.46124593913555 26.509886652231216 66.348040195181966 14.22885727137327 264.66200081631541 476.66321759857237 11.487919667735698 13.661068242043255 573.20672009140253
leaf_count=720 282 246 493 9006 732 1544 351 823 194 3500 6094 133 185 7457
internal_value=0.000775252 -0.000405081 0.0293656 0.00792824 -0.00406273 -0.00139703 0.0294843 -0.00370781 -0.0159135 -0.0190796 -0.00209376 -0.0189515 0.0241782 0.000370981
internal_weight=2471.07 2377.83 93.238 723.536 1654.29 1355.07 90.2447 1264.83 299.219 284.99 1198.48 148.61 25.149 1049.87
internal_count=31760 30547 1213 9252 21295 17319 1083 16236 3976 3782 15413 1862 318 13551
is_linear=0
shrinkage=0.05


Tree=16
num_leaves=15
num_cat=0
split_feature=41 32 34 41 14 38 33 39 33 38 5 35 32 39
split_gain=27.6256 30.0497 48.3123 30.084 27.1682 26.0225 24.1818 24.1311 30.1848 23.8769 23.074 22.448 22.1167 20.4039
threshold=-0.028524154599199599 0.066890380313199119 -0.048896929398537063 -0.050925154213402039 0.9884807915341528 -3.1466454278155216 0.059914529914529925 0.0069559287838043514 0.99024367028364757 -2.5089896074548474 0.064523209380044869 -0.04935260507573843 0.04029551851050011 0.0018082428568711455
decision_type=2 2 2 2 2 2 2 2 2 2 2 2 2 2
left_child=1 2 3 -1 11 -5 -6 10 -9 -3 -8 -2 -7 -13
right_child=4 9 -4 5 6 12 7 8 -10 -11 -12 13 -14 -15
leaf_value=0.031378520957681184 0.054569393358197327 0.04067894249705694 0.056871088904768288 0.04960578846255928 -0.025345522092710179 -0.025524401238437883 0.014787201215892635 -0.038586257610350505 0.055695786066241239 -0.018442520036121377 -0.0024745244556325426 0.0091507862409344522 0.028706650651844648 -0.010425653478675488
leaf_weight=82.252850839868188 9.6685897670686227 15.669462800025938 66.726263668388128 12.906857062131165 59.104762746021152 90.844607831910253 534.03892252407968 47.595324205234647 5.5780209377408019 96.930520564317703 300.1050066947937 149.78780947811902 18.981788109987974 987.06767574883997
leaf_count=1045 111 180 717 141 831 1262 7060 579 94 1236 3972 1913 249 12413
internal_value=0.000375892 0.0126077 0.0214929 0.00889683 -0.00189483 -0.00680837 0.00436275 0.00647257 -0.0247589 -0.00883541 0.00859911 -0.00705679 -0.0153095 -0.00781756
internal_weight=2477.26 384.312 271.712 204.986 2092.95 122.733 946.422 887.317 53.1733 112.6 834.144 1146.52 109.826 1136.86
internal_count=31803 4830 3414 2697 26973 1652 12536 11705 673 1416 11032 14437 1511 14326
is_linear=0
shrinkage=0.05


Tree=17
num_leaves=15
num_cat=0
split_feature=15 39 32 32 32 35 45 41 35 32 28 35 32 27
split_gain=29.2182 29.1692 35.2 33.9439 30.6752 31.7789 24.0169 21.2707 31.9008 21.4047 20.7189 19.9414 15.5561 26.5848
threshold=2.2292042449567586 0.0041169336424687454 0.9677398373983741 0.066890380313199119 0.042313201241346389 -0.016557064420928577 1.0000000180025095e-35 -0.037213766437482053 -0.025927545843038576 0.027059182428309948 5.5000000000000009 0.014745003319637353 0.028647613838370032 16.500000000000004
decision_type=2 2 2 2 2 2 2 2 2 2 2 2 2 2
left_child=6 3 -3 4 7 -6 11 -2 -9 -10 -5 -1 13 -8
right_child=1 2 -4 10 5 -7 12 8 9 -11 -12 -13 -14 -15
leaf_value=0.010221185825188724 0.038955309009067962 -0.010278224323034345 0.027724145886773501 0.013293838843792727 0.079893838065019332 -0.0075420000625220918 0.044002931884702834 -0.037890846846218282 0.054369602779773075 -0.020177872699782547 -0.010786705920109184 -0.015593692579212932 -0.0098888177819934416 -0.030279398801533144
leaf_weight=372.13173984922469 50.071070682257414 335.17858007736504 69.293322447687387 289.92446890845895 43.101505065336823 12.220013242214916 29.484114358201623 29.634712740778923 21.194705752655864 11.898935778066514 123.7753781452775 88.626445779576898 978.27638334780931 14.234848504886029
leaf_count=4549 602 4643 1124 4018 492 185 314 398 282 175 1620 1104 12156 160
internal_value=0.000133595 0.00678329 -0.0035087 0.013907 0.0325167 0.0615558 -0.00429756 0.0162665 -0.00338304 0.0284355 0.00604637 0.00514162 -0.00855745 0.0191913
internal_weight=2469.05 986.293 404.472 581.821 168.121 55.3215 1482.75 112.799 62.7284 33.0936 413.7 460.758 1022 43.719
internal_count=31822 13539 5767 7772 2134 677 18283 1457 855 457 5638 5653 12630 474
is_linear=0
shrinkage=0.05


Tree=18
num_leaves=15
num_cat=0
split_feature=41 32 28 32 28 32 5 32 35 21 28 35 33 41
split_gain=25.438 36.0068 27.6642 25.7804 33.3262 69.5413 42.3324 32.2537 25.6866 23.6431 23.0324 21.6294 31.2763 20.713
threshold=-0.028524154599199599 0.066890380313199119 1.5000000000000002 0.048865768377963505 4.5000000000000009 0.026088929219600727 -0.013351542744880871 0.032922368242785542 -0.015723841568523435 0.87367424242424252 1.0000000180025095e-35 -0.042773741608064818 0.18797682556071821 -0.012269335206818109
decision_type=2 2 2 2 2 2 2 2 2 10 2 2 2 2
left_child=1 3 -2 4 6 -6 7 -1 -5 11 -9 12 -4 -13
right_child=2 -3 9 8 5 -7 -8 10 -10 -11 -12 13 -14 -15
leaf_value=-0.036608034551916198 -0.01071599955459844 -0.011855212280717509 -0.025025225751696446 0.069456512259668077 0.061691325671924896 -0.031658258913276054 0.045056429495158375 0.055508690991057485 -0.0055799883671720498 0.02279512733096957 -0.017540605121856977 -0.011942000951397431 0.091198932443602471 0.0026463115275053234
leaf_weight=69.574580831453204 608.69096456468105 109.40910601615906 6.6115130633115795 40.235182344913483 65.428617406636477 24.239616855978966 30.435628058388829 16.399083396419883 14.308593600988386 119.15556295029819 18.133077466860414 313.40121033787727 9.9255741126835328 1027.0808343011886
leaf_count=929 8016 1405 85 434 819 353 318 201 185 1922 231 4067 98 12776
internal_value=0.000403102 0.0120703 -0.00179279 0.0215043 0.0133842 0.0361173 -0.00251794 -0.0178537 0.0509564 0.00191039 0.0197831 -3.85059e-07 0.0497103 -0.000796101
internal_weight=2473.03 388.163 2084.87 278.754 224.211 89.6682 134.542 104.107 54.5438 1476.17 34.5322 1357.02 16.5371 1340.48
internal_count=31839 4875 26964 3470 2851 1172 1679 1361 619 18948 432 17026 183 16843
is_linear=0
shrinkage=0.05


Tree=19
num_leaves=15
num_cat=0
split_feature=7 32 28 35 36 35 35 33 36 39 39 34 37 36
split_gain=23.274 19.7081 31.712 16.4992 18.1346 28.9678 16.2495 25.897 46.0301 19.4952 29.3719 27.1893 25.3659 22.813
threshold=2.0220161031757997 0.026088929219600727 4.5000000000000009 0.032697557394459127 -0.0086566403134443731 -0.035203977488117093 0.014745003319637353 0.95017730496453912 0.011342823468346809 0.0041169336424687454 0.0040658002082448819 -0.029168619279224369 -0.011000630433429413 -0.015533655072681006
decision_type=10 2 2 2 2 2 2 2 2 2 2 2 2 2
left_child=1 2 -1 4 -3 -6 9 -8 -9 10 -2 -11 -13 -12
right_child=6 3 -4 -5 5 -7 7 8 -10 11 13 12 -14 -15
leaf_value=-0.016662965541326003 0.011785254621173176 -0.017320409299908614 0.043710438921958854 -0.034174258234681121 0.074046215043977473 -0.0027269296326174982 -0.014905119477341345 -0.019745295142207294 0.047864477085282901 -0.016070070716385287 0.11054880731264559 0.042059762722528191 0.0020914846659102044 0.0035984086268817436
leaf_weight=34.175076534971595 541.42372944205999 230.19748185947537 46.220894081518054 46.077318554744124 7.4691595546901217 845.51037930697203 204.62336830608547 43.73321071267128 48.283262465149164 157.8917594961822 8.7659494206309336 45.009302536025643 195.38402538187802 8.3626266587525588
leaf_count=451 6746 2994 592 583 76 11067 2522 566 774 2136 87 540 2518 115
internal_value=0.00030346 -0.00463435 0.0185736 -0.00636121 -0.00502648 -0.00162706 0.00506811 -0.00509328 0.0163696 0.00822845 0.0142128 -0.000236068 0.0102793 0.0709442
internal_weight=2463.13 1209.65 80.396 1129.25 1083.18 852.98 1253.48 296.64 92.0165 956.837 558.552 398.285 240.393 17.1286
internal_count=31767 15763 1043 14720 14137 11143 16004 3862 1340 12142 6948 5194 3058 202
is_linear=0
shrinkage=0.05


Tree=20
num_leaves=15
num_cat=0
split_feature=41 39 39 36 14 39 5 32 34 32 37 35 39 17
split_gain=25.3143 25.9561 37.8458 33.2748 25.9286 24.1002 23.3165 25.7308 21.5662 35.3702 34.5135 31.4447 30.5648 26.886
threshold=-0.02520679144032539 0.0040436004811766485 0.0036736841119307186 -0.013507471031474204 0.92839486168694108 0.0017813786777377731 -0.016766467065868203 0.039139093137254909 -0.031318194172462614 0.12721755368814194 -0.01017235101500019 -0.01400230368498606 0.0052428145311921347 -1.6950486099170401
decision_type=2 2 2 2 2 2 2 2 2 2 2 2 2 2
left_child=1 2 3 -1 5 -2 -3 -8 -6 10 11 12 -10 -11
right_child=4 6 -4 -5 8 -7 7 -9 9 13 -12 -13 -14 -15
leaf_value=-0.034235428840032882 0.011770918579893654 -0.015106217359280902 0.056881003324019588 0.018915333494155827 -0.016562624549460777 -0.011342761420504596 0.071220621921929406 0.0018085229536446935 0.1040573539062305 -0.019097939625038644 0.0032430922037974424 -0.0067375397387824032 -0.0052497393923991754 0.0060149197160490504
leaf_weight=30.214108470827341 126.49573565274477 130.12810117937624 52.45892895758152 182.51876190118492 117.89296684041619 819.26247064955533 13.45351194962859 49.278806431218982 27.711743673309684 119.91071672923863 48.986970335245132 11.8574580270797 7.3723060041666022 723.2696718107909
leaf_count=379 1636 1837 568 2276 1575 10301 155 642 349 1531 610 157 94 9618
internal_value=0.0002187 0.0107567 0.020762 0.0107536 -0.00221223 -0.00820565 -0.0031782 0.0208532 0.00316381 0.00571481 0.0336917 0.0620962 0.0832986 0.00235203
internal_weight=2460.81 458.052 265.192 212.733 2002.76 945.758 192.86 62.7323 1057 939.109 95.9285 46.9415 35.084 843.18
internal_count=31728 5857 3223 2655 25871 11937 2634 797 13934 12359 1210 600 443 11149
is_linear=0
shrinkage=0.05


Tree=21
num_leaves=15
num_cat=0
split_feature=25 15 39 33 41 39 39 41 37 27 37 41 33 36
split_gain=20.7942 25.5644 22.2996 27.9955 23.9209 29.0586 18.9176 27.411 16.4161 15.4909 15.0137 16.6588 13.7337 11.9121
threshold=2.2500000000000004 2.2292042449567586 0.0041169336424687454 0.95017730496453912 -0.018536337560868251 0.0037659308287908621 0.0027388345650072761 -0.037213766437482053 0.055498251672459926 1.0000000180025095e-35 -0.01946975325348543 -0.025431240433135379 0.97156334231805941 0.013307880894562809
decision_type=2 2 2 2 2 2 2 2 2 2 2 2 2 2
left_child=9 -2 4 -4 5 6 10 -8 13 -1 -3 -12 -6 -5
right_child=1 2 3 8 12 -7 7 -9 -10 -11 11 -13 -14 -15
leaf_value=0.046593653497417148 -0.0080999268686908227 -0.025623687545186707 -0.012854550127773721 0.012362533643104816 0.00572005651383464 0.064737300464576236 0.030706365638522366 -0.027659909526173018 -0.013896063163700682 0.0061713826335481588 0.051554546516753133 -0.0060628306504553232 -0.02617285455424545 0.066306687155941041
leaf_weight=19.908138263970613 1017.7613644860685 6.8575956970453253 280.16489511355758 24.254215884953737 294.51906399987638 31.846081785857677 29.280091578140855 43.801920397207141 17.754648078233004 579.62651177309453 50.3125667180866 14.961661798879502 33.070830300450325 17.317948231473565
leaf_count=267 12573 91 3827 377 3879 324 325 623 290 7552 605 214 479 275
internal_value=-0.000172104 -0.00278161 0.00364049 -0.00621316 0.0102652 0.0247986 0.0141766 -0.00380676 0.0237115 0.00788791 0.0314624 0.0388562 0.00215534 0.0395405
internal_weight=2461.44 1861.9 844.142 339.492 504.65 177.06 145.214 73.082 59.3268 599.535 72.1318 65.2742 327.59 41.5722
internal_count=31701 23882 11309 4769 6540 2182 1858 948 942 7819 910 819 4358 652
is_linear=0
shrinkage=0.05


Tree=22
num_leaves=15
num_cat=0
split_feature=36 41 32 33 28 28 5 33 32 39 32 41 36 32
split_gain=24.3838 19.4637 25.0056 26.7488 38.3096 33.5687 25.219 23.36 22.7896 22.6642 20.9262 20.8677 29.7757 19.9246
threshold=0.030757561690817895 -0.028524154599199599 0.066890380313199119 0.048865768377963505 4.5000000000000009 1.0000000180025095e-35 -0.013351542744880871 0.0091326105087572995 0.020168124194969838 0.0078202828573643215 0.032922368242785542 -0.041539892385861248 -0.0065325621144413084 0.087274954724619172
decision_type=2 2 2 2 2 2 2 2 2 2 2 2 2 2
left_child=1 2 3 4 6 -5 10 -8 -6 -3 -1 -7 -13 -4
right_child=-2 9 13 5 8 11 7 -9 -10 -11 -12 12 -14 -15
leaf_value=-0.036661601660435493 -0.036603335119513712 -0.00040528265994048607 -0.035087887172015608 0.077183394766961733 0.056525567196136987 -0.026051900338538464 0.075139368902045145 -0.0066517836447409625 0.0021344176724422039 -0.033505093970220688 0.013274833045182274 0.06878901372134634 -0.022803088128790672 0.0075924889928753363
leaf_weight=64.320512535050511 39.651006828993559 1993.78044067882 40.081914968788624 33.225195001810789 43.856908142566681 17.715333119034767 9.9621267654001731 19.212842764332891 32.45912417024374 48.097881142050028 27.01303587295115 18.461253920570019 11.107275005429981 66.015494534745812
leaf_count=891 528 25925 553 334 568 182 105 215 458 554 385 173 129 824
internal_value=1.10865e-05 0.000683764 0.0109437 0.0187492 0.00836554 0.0421611 -0.0091886 0.028184 0.0349454 -0.00126491 -0.0219698 0.012524 0.0360611 -0.00938496
internal_weight=2464.96 2425.31 383.431 277.334 196.825 80.5091 120.509 29.175 76.316 2041.88 91.3335 47.2839 29.5685 106.097
internal_count=31824 31296 4817 3440 2622 818 1596 320 1026 26479 1276 484 302 1377
is_linear=0
shrinkage=0.05


Tree=23
num_leaves=15
num_cat=0
split_feature=35 37 39 39 36 15 37 37 0 14 36 38 9 37
split_gain=22.2966 28.1272 24.8865 31.9891 33.8321 26.4477 20.2031 19.9169 19.5385 18.5545 18.9481 26.6735 17.6485 17.1733
threshold=0.014745003319637353 0.022326683784692384 0.0041169336424687454 0.0040658002082448819 -0.015533655072681006 2.3443392273572923 -0.0087668589723875461 -0.016393458791980283 -0.011753848600382031 1.1583135181257895 0.029101909375975791 1.7904613357414594 5.2406362453105304 0.037634960450938955
decision_type=2 2 2 2 2 2 2 2 2 2 2 2 2 2
left_child=2 6 3 5 -5 7 -2 -1 12 -3 11 -11 13 -4
right_child=1 9 8 4 -6 -7 -8 -9 -10 10 -12 -13 -14 -15
leaf_value=-0.021054066538774393 0.024264531677052448 -0.0069015614986870314 -0.020787181046028762 0.10786878955194315 0.0059710740753779667 0.015643698570347968 -0.020583868273300873 0.0028231555339541183 0.0014421121190578347 -0.01093245382288331 -0.017835466823345244 0.053600395047056416 0.033263018007168438 0.048892914138014922
leaf_weight=95.326505733653903 22.962821774184704 127.08006387576461 254.19173010438681 10.852269951254131 18.048545887693763 391.2605211995542 338.34764773026109 669.55578944087029 423.1049674116075 21.004393320530653 19.449700621888041 46.977383958175778 12.953121926635502 4.5326792895793906
leaf_count=1180 333 1693 3372 108 245 5254 4222 8224 5618 325 281 684 156 42
internal_value=-0.000448419 -0.0090128 0.00219194 0.00658687 0.0544999 0.00515964 -0.0174413 -0.000270048 -0.0052977 0.00525752 0.0223478 0.0342786 -0.0156305 -0.0186626
internal_weight=2455.65 575.822 1879.83 1185.04 28.9008 1156.14 361.31 764.882 694.782 214.512 87.4315 67.9818 271.678 258.724
internal_count=31737 7538 24199 15011 353 14658 4555 9404 9188 2983 1290 1009 3570 3414
is_linear=0
shrinkage=0.05


Tree=24
num_leaves=15
num_cat=0
split_feature=35 25 14 33 36 38 32 38 39 28 0 23 39 39
split_gain=22.0666 21.5069 20.5487 17.4283 40.2747 25.5881 22.3878 23.6685 23.3073 21.8876 16.6931 38.278 27.7313 34.5835
threshold=0.014745003319637353 2.2500000000000004 1.0413798933830787 0.95017730496453912 0.011342823468346809 3.068142964877667 0.95045413632272335 2.7847162849617901 0.0052131927921316825 1.5000000000000002 0.0057088973070684732 0.0067482292702194533 0.0041169336424687454 0.0037159571762567403
decision_type=2 2 2 2 2 2 2 2 2 2 2 2 2 2
left_child=1 -1 -2 5 -5 6 7 8 -4 -6 11 12 13 -3
right_child=2 10 3 4 9 -7 -8 -9 -10 -11 -12 -13 -14 -15
leaf_value=0.011700145433612969 -0.017134095602927047 0.0016030821648256928 0.018897083617998921 -0.017777662940555855 -0.0039597967457622269 -0.043640768302775107 -0.029082783337553902 0.066574857330848489 -0.030758036405922996 0.069299976709003147 0.0068734733916266631 -0.023419713851431097 -0.011600828744601908 0.036144443481987823
leaf_weight=492.42960311472416 305.62314287945628 348.03219155594707 72.020576480776072 36.251083740964532 13.353071492165325 32.685897827148438 37.073511889204383 12.794346474111078 29.151558285579085 32.03249510936439 500.37397987022996 200.86376728117466 262.18670140579343 86.693213136866689
leaf_count=6373 3946 4369 932 487 187 407 470 173 366 546 6281 2720 3642 940
internal_value=0.000167223 0.00277116 -0.00840384 0.0017819 0.0203185 -0.00677475 0.00234601 0.0133625 0.00381484 0.0494919 -0.000404122 -0.00447588 0.00111204 0.00882401
internal_weight=2461.57 1890.58 570.986 265.363 81.6367 183.726 151.04 113.966 101.172 45.3856 1398.15 897.776 696.912 434.725
internal_count=31839 24325 7514 3568 1220 2348 1941 1471 1298 733 17952 11671 8951 5309
is_linear=0
shrinkage=0.05


Tree=25
num_leaves=15
num_cat=0
split_feature=36 15 42 23 37 37 14 37 27 39 37 28 37 34
split_gain=20.1404 18.301 18.3904 25.3332 16.08 20.2283 18.4633 23.5458 15.0848 14.1429 13.5743 25.3648 23.8619 19.6353
threshold=0.030757561690817895 2.3443392273572923 0.81642014604006752 0.0091129042165973857 -0.057239565701855392 -0.026125988270423391 0.9884807915341528 0.002121048636178791 4.5000000000000009 0.0017813786777377731 -0.035786874103375992 5.5000000000000009 -0.035288521670153943 -0.069653726723941004
decision_type=2 2 2 2 2 2 2 2 2 2 2 2 2 2
left_child=1 2 3 4 -1 -6 7 9 -8 -7 11 -3 -12 -14
right_child=-2 10 -4 -5 5 6 8 -9 -10 -11 12 -13 13 -15
leaf_value=0.063290410611832895 -0.033496369079806562 -0.026978169725532037 0.0057250025166073228 -0.01896764795613293 -0.026180962920895629 0.034139203746495567 0.037295207271593182 -0.017639251868424591 0.0054960358900628583 0.00011792161669994296 0.069890428283548148 0.048209557214722358 0.038471054805218313 0.005479374257520318
leaf_weight=4.5225884467363349 37.877373473718762 56.691307393833995 506.53039641864598 267.51682198233902 73.519612219184637 30.43237660266459 40.444395465776324 210.06057219021022 222.61034707352519 221.84039315208793 10.809193506836889 8.9537131525576097 43.433002218604088 710.96497347764671
leaf_count=52 527 901 6060 3580 974 389 506 2624 2796 2825 107 132 526 9714
internal_value=0.000472638 0.00107518 -0.00208839 -0.00579336 -0.00131655 -0.00207366 0.000532166 -0.00547174 0.0109896 0.00480573 0.00705819 -0.0140366 0.00894723 0.0076196
internal_weight=2446.21 2408.33 1577.48 1070.95 803.43 798.908 725.388 462.333 263.055 252.273 830.852 65.645 765.207 754.398
internal_count=31713 31186 19806 13746 10166 10114 9140 5838 3302 3214 11380 1033 10347 10240
is_linear=0
shrinkage=0.05


Tree=26
num_leaves=15
num_cat=0
split_feature=46 15 42 23 35 33 32 37 35 27 27 41 37 16
split_gain=20.6478 21.3082 12.6642 16.6595 17.0827 21.3543 15.0382 21.6252 20.4435 20.4138 23.077 19.3725 12.8473 12.8169
threshold=1.0000000180025095e-35 2.7632448205064786 0.79932885906040274 0.0091129042165973857 -0.042773741608064818 0.06343617259110218 0.028647613838370032 -0.021293744514056853 -0.026944785340978879 15.500000000000002 1.5000000000000002 0.012245824651604733 0.022326683784692384 1.106134382709792
decision_type=2 2 2 2 2 2 2 2 2 2 2 2 2 8
left_child=1 2 3 4 5 -1 8 11 -6 10 -10 -8 -5 -9
right_child=-2 -3 -4 12 6 -7 7 13 9 -11 -12 -13 -14 -15
leaf_value=-0.025971270178373293 0.010715242610493371 0.0084958422183256492 0.0013588039239567919 -0.024195762389321928 -0.015175747898615597 0.065159426002340023 -0.035716826379851574 -0.0081466108304435025 -0.025355982540907651 -0.013630626672723046 0.068244463997718816 0.029309675072784272 0.0033020229089002076 0.0080390344752253526
leaf_weight=6.4708420839160707 360.11426660791039 378.16693519242108 591.65489015728235 205.74569389037788 32.086836276575923 13.603548392653463 91.521535634994507 500.90754250623286 5.3958217538893214 14.238217715173958 29.132877375930548 9.2037595845758897 51.81102892011404 156.9061018191278
leaf_count=70 4811 5219 7103 2827 412 127 1266 6548 74 164 323 132 753 1890
internal_value=-0.000256607 -0.00217104 -0.00454975 -0.00767144 -0.00427544 0.0364629 -0.00545986 -0.007663 0.0144517 0.0335439 0.0522603 -0.0286699 -0.0187067 -0.00425438
internal_weight=2446.96 2086.85 1708.68 1117.02 859.467 20.0744 839.393 758.539 80.8538 48.7669 34.5287 100.725 257.557 657.814
internal_count=31719 26908 21689 14586 11006 197 10809 9836 973 561 397 1398 3580 8438
is_linear=0
shrinkage=0.05


Tree=27
num_leaves=15
num_cat=0
split_feature=25 39 38 37 41 41 34 34 37 32 38 39 36 27
split_gain=19.2137 21.0694 27.7773 27.8617 22.9318 21.0029 24.3031 23.2046 27.2041 27.8717 21.5126 17.2987 22.3988 16.6118
threshold=2.2500000000000004 0.0064908497132076361 -3.1466454278155216 -0.017714302527759514 -0.040823845695574422 -0.050925154213402039 -0.056905647748971382 -0.053977736693210064 -0.01558108816576592 0.020168124194969838 -1.2974268355724121 0.0043111247493088931 -0.0094455986027354704 1.0000000180025095e-35
decision_type=2 2 2 2 2 2 2 2 2 2 2 2 2 2
left_child=13 2 3 4 -2 -4 -7 11 10 -10 -9 12 -8 -1
right_child=1 -3 5 -5 -6 6 7 8 9 -11 -12 -13 -14 -15
leaf_value=0.046446843496880393 0.052768499420384918 -0.021381644514434906 0.025153700904439299 0.061595422958533499 -0.020623185567203037 -0.033433401452043064 0.093052936942889103 -0.031022306136506229 0.049324595839616819 -0.0019168554680680226 0.0089052386007325117 -0.016662705547925469 -0.0053563011711475102 0.0056256413319739325
leaf_weight=21.208513714373112 9.9863706082105619 136.23391565307975 60.284096453338861 29.367230981588364 31.733766695484519 61.299258846789598 11.810237020254139 134.41612102650106 22.100187618285418 1276.4051677361131 42.000954546034336 7.8183308765292159 8.0243169218301773 581.05636435374618
leaf_count=281 98 1775 739 307 408 917 107 1837 204 16580 580 118 104 7486
internal_value=-0.000276807 -0.00282568 -0.00127599 0.0282584 0.000711492 -0.00265143 -0.00380001 -0.0024842 -0.00339614 -0.000858886 -0.021533 0.0392275 0.0601774 0.00743373
internal_weight=2433.74 1831.48 1695.25 71.0874 41.7201 1624.16 1563.87 1502.58 1474.92 1298.51 176.417 27.6529 19.8346 602.265
internal_count=31541 23774 21999 813 506 21186 20447 19530 19201 16784 2417 329 211 7767
is_linear=0
shrinkage=0.05


Tree=28
num_leaves=15
num_cat=0
split_feature=25 15 36 37 35 4 39 43 35 38 37 36 36 41
split_gain=18.6003 20.8347 15.7414 16.7699 12.9197 11.5106 11.2996 10.2545 10.1704 27.2265 26.0912 25.6986 33.2645 18.3621
threshold=2.2500000000000004 2.1051866996194013 0.0022585248369625392 -0.020705618902673913 0.038916304646571871 -0.10865746888190768 0.0058882051777119542 0.48341401694355818 -0.04935260507573843 -2.2799654113136016 -0.02779570784516849 -0.020218297948842442 -0.019791020723335658 -0.050925154213402039
decision_type=2 2 2 2 2 2 2 2 2 2 2 2 2 2
left_child=2 7 3 6 8 -5 -1 -2 9 10 -3 -10 -13 -14
right_child=1 4 -4 5 -6 -7 -8 -9 11 -11 -12 12 13 -15
leaf_value=-0.014789740955668124 -0.013984395944715032 -0.00045343271525158835 -0.0031073319520757651 -0.010601039042730994 -0.025894042478209586 0.022144051435098164 0.023200815163826383 -0.0029843909390584499 -0.02721418188256948 -0.034583380310068607 0.089304391275652623 0.078458767303297511 0.033048921188020407 0.0018767626673778022
leaf_weight=69.308081662282348 376.98175134137273 14.175339646637438 212.58561202138662 26.696216333657503 32.828578537330031 280.02953135594726 21.72293439693749 483.71854455024004 61.304191842675209 9.1032417267560941 13.724781900644304 10.196277806535361 45.313630931079388 788.70473925024271
leaf_count=953 4828 185 2842 279 442 3495 274 6021 814 97 130 84 578 10741
internal_value=0.000308715 -0.00220733 0.00783398 0.0136477 0.00279136 0.0191697 -0.00498801 -0.00785527 0.00392186 0.0279923 0.0505624 0.00278992 0.00511612 0.00375726
internal_weight=2446.39 1836.05 610.342 397.757 975.351 306.726 91.031 860.7 942.522 37.0034 27.9001 905.519 844.215 834.018
internal_count=31763 23920 7843 5001 13071 3774 1227 10849 12629 412 315 12217 11403 11319
is_linear=0
shrinkage=0.05


Tree=29
num_leaves=15
num_cat=0
split_feature=8 32 28 35 36 32 25 36 35 35 38 37 32 0
split_gain=17.084 18.1581 23.3741 18.0266 17.2433 18.0035 16.3352 15.6154 14.4977 24.6504 14.4248 50.8563 25.0967 15.8505
threshold=0.42697351917282061 0.026088929219600727 4.5000000000000009 -0.042773741608064818 0.029101909375975791 0.98974332000841592 2.2500000000000004 0.025954294611816756 -0.020542863206408021 -0.019428401108437878 -2.7692931296177146 -0.019801237993864736 0.14126625883470931 -0.013667981961355212
decision_type=2 2 2 2 2 2 2 2 2 2 2 2 2 2
left_child=1 2 -1 -3 7 -6 -5 10 -8 -10 11 -2 -13 -12
right_child=4 3 -4 6 5 -7 8 -9 9 -11 13 12 -14 -15
leaf_value=-0.012409222598143149 -0.013114118707649072 0.038593131211315919 0.040926305426363579 0.0022091845136317854 -0.045688345974284193 0.029425840774996371 -0.027982564435482415 0.05210751231304122 0.045505246075654149 -0.010718197103571787 -0.0092108882073123118 0.059472570332470137 -0.015650450121065137 0.0049087041649916981
leaf_weight=33.36715236492455 62.500954363495111 16.40332480147481 41.757978249341249 273.06138274818659 27.658640313893557 6.752626657485961 116.65257064439356 12.027707399800418 15.420628307387231 489.18116252310574 241.24385531432927 58.703088024631143 11.274328976869581 1029.1295249983668
leaf_count=442 851 155 506 3340 405 99 1552 189 186 6385 3218 621 150 13551
internal_value=0.000124568 -0.00493902 0.017941 -0.00691405 0.00357409 -0.0290853 -0.00795866 0.00446802 -0.0124097 -0.00857039 0.00387596 0.0192661 0.0471327 0.0022018
internal_weight=2435.13 985.844 75.1251 910.719 1449.29 34.4113 894.316 1414.88 621.254 504.602 1402.85 132.478 69.9774 1270.37
internal_count=31650 12566 948 11618 19084 504 11463 18580 8123 6571 18391 1622 771 16769
is_linear=0
shrinkage=0.05


Tree=30
num_leaves=15
num_cat=0
split_feature=27 8 35 39 28 36 41 27 28 28 2 41 35 34
split_gain=18.8881 20.2467 20.0628 18.5862 17.2385 14.0711 18.6814 13.5274 18.0886 21.6394 14.5585 19.9738 29.2034 15.7199
threshold=1.0000000180025095e-35 0.41847602580879356 -0.020019542898475236 0.0028278030466420247 2.5000000000000004 0.029101909375975791 0.0098020589528473607 19.500000000000004 4.5000000000000009 1.5000000000000002 0.037795836017070046 -0.02520679144032539 -0.031861437207666841 -0.036827616147729551
decision_type=2 2 2 2 2 2 2 2 2 2 2 2 2 2
left_child=2 -2 3 -1 -4 7 -7 10 9 -9 11 12 -3 -13
right_child=1 5 4 -5 -6 6 -8 8 -10 -11 -12 13 -14 -15
leaf_value=-0.0032896771242970331 -0.0062315906304785456 -0.013505045084177573 -0.023177236539333429 0.08198722171149278 0.030993413878655274 -0.046185288322132451 0.028717497628141655 0.0013781706973042538 -0.0070846094198398673 0.041697205999537468 0.010692906513391174 -0.02785343895163658 0.025470933806838226 -0.0030074849468107929
leaf_weight=8.6211554817855376 942.11879496090114 69.842585753649473 24.5146114975214 16.144526295363903 24.340066691860557 24.863261099904776 7.677565023303031 55.348138714209199 56.88211496733129 79.811596808955073 338.60193569213152 66.635431857779622 133.00606114417315 588.9306374322623
leaf_count=105 12046 923 355 170 320 368 123 766 740 1031 4578 957 1729 7475
internal_value=0.00023541 -0.000565328 0.0243455 0.0567355 0.00418314 0.00319848 -0.0270419 0.00400136 0.0161446 0.0258247 0.00199412 -0.00147917 0.0120491 -0.00572468
internal_weight=2437.34 2363.72 73.6204 24.7657 48.8547 1421.6 32.5408 1389.06 192.042 135.16 1197.02 858.415 202.849 655.566
internal_count=31686 30736 950 275 675 18690 491 18199 2537 1797 15662 11084 2652 8432
is_linear=0
shrinkage=0.05


Tree=31
num_leaves=15
num_cat=0
split_feature=46 36 8 33 36 5 37 33 32 27 32 32 42 37
split_gain=16.292 17.6026 14.7791 14.188 15.9147 12.8624 23.7921 12.7987 19.7312 17.4584 16.2012 23.2396 12.3925 15.4748
threshold=1.0000000180025095e-35 0.030757561690817895 1.1877054736673316 0.010152545866831583 -0.010266781607440044 0.064523209380044869 0.022824334973246877 0.023811023622047248 0.038948725728155345 16.500000000000004 0.048865768377963505 0.053394310150264308 0.818816263009435 0.042676343919122568
decision_type=2 2 2 2 2 2 2 2 2 2 2 2 2 2
left_child=1 2 3 4 -1 6 -4 -5 9 -9 -10 -12 13 -13
right_child=-2 -3 5 7 -6 -7 -8 8 10 -11 11 12 -14 -15
leaf_value=-0.0084969958519827121 0.0098452380293276628 -0.035836785934588299 0.0043462651157083988 -0.030104416546933545 0.055590860993306214 -0.0053333781829735909 0.033380410701661277 0.035972371119351171 -0.030985293002104071 -0.010793769381965622 0.048432115700128543 -0.010085524332957445 0.0024448955831740523 0.031707690265474889
leaf_weight=15.935477528721096 372.55253315158188 31.561725394800305 424.53046140260994 43.343486273661256 15.865166759118436 211.56713480316103 80.147464148700237 50.696283526718616 54.341920625418425 28.165107037872076 15.69084722548723 709.44585754536092 361.83805807866156 18.094186523929238
leaf_count=221 4898 465 5486 564 198 2791 1104 600 704 373 203 9451 4450 256
internal_value=0.000295269 -0.00145047 -0.000829005 -0.00397509 0.026685 0.0049277 0.00923939 -0.0048366 -0.00383463 0.0196223 -0.00550754 -0.00412075 -0.00509551 -0.00883678
internal_weight=2433.78 2061.22 2029.66 1313.42 31.8006 716.245 504.678 1281.62 1238.27 78.8614 1159.41 1105.07 1089.38 727.54
internal_count=31764 26866 26401 17020 419 9381 6590 16601 16037 973 15064 14360 14157 9707
is_linear=0
shrinkage=0.05


Tree=32
num_leaves=15
num_cat=0
split_feature=8 32 28 41 27 36 32 36 37 37 28 41 37 2
split_gain=16.0334 15.6615 25.9487 14.4533 17.0079 13.0392 20.9435 13.4377 12.4312 16.3537 13.0186 22.7277 21.2945 15.582
threshold=0.41847602580879356 0.026088929219600727 4.5000000000000009 -0.016819312352261803 18.500000000000004 0.029101909375975791 0.98974332000841592 0.025954294611816756 -0.021293744514056853 0.002121048636178791 1.0000000180025095e-35 -0.011192195798358782 -0.010642585183566365 -0.029756701031827423
decision_type=2 2 2 2 2 2 2 2 2 2 2 2 2 2
left_child=1 2 -1 4 -4 7 -7 -2 -3 10 11 12 -10 -12
right_child=5 8 3 -5 -6 6 -8 -9 9 -11 13 -13 -14 -15
leaf_value=-0.015311479751845259 0.0035510976502704443 -0.023086838637080307 0.075270877157804186 -0.020587161890397023 0.0044034966521337478 -0.044390918883364751 0.034225183826843086 0.048476573109708418 -0.0070173724650869828 -0.011318870433286304 -0.015993639955955891 -0.010969759971595411 0.072697978908421446 0.0070284624266154384
leaf_weight=32.9130489975214 1418.6924867331982 99.101874845102429 21.700355973094702 5.4201731607317916 13.355117831379173 26.78702487424016 7.4108258523046961 11.884093923494218 11.013902796432374 421.40437007509172 108.92749742604792 25.314241070300341 21.709861572831869 202.20796626619995
leaf_count=438 18601 1365 241 55 184 418 107 180 135 5389 1425 332 261 2570
internal_value=3.48142e-05 -0.0049616 0.0165274 0.0412543 0.0521923 0.00332559 -0.0251619 0.00409184 -0.00681666 -0.00464485 0.00302286 0.023745 0.048494 -0.00115698
internal_weight=2427.84 963.068 73.3887 40.4756 35.0555 1464.77 34.1979 1430.58 889.68 790.578 369.173 58.038 32.7238 311.135
internal_count=31701 12395 918 480 425 19306 525 18781 11477 10112 4723 728 396 3995
is_linear=0
shrinkage=0.05


Tree=33
num_leaves=15
num_cat=0
split_feature=30 38 37 35 27 27 37 42 15 35 37 32 46 35
split_gain=13.4187 15.9766 39.4764 16.1454 22.8265 20.127 17.7355 14.1519 13.3357 12.4779 14.3879 12.7432 10.8374 17.8206
threshold=8.8500000000000014 -2.7692931296177146 -0.019801237993864736 -0.016985883263356479 15.500000000000002 2.5000000000000004 -0.010828857134490664 0.87899125483018115 2.692580229680932 -0.04578911904522525 -0.02779570784516849 0.018099918099918105 1.0000000180025095e-35 -0.020542863206408021
decision_type=2 2 2 2 2 2 2 2 2 2 2 2 2 2
left_child=1 2 9 4 5 -4 -6 -2 12 10 -1 -11 13 -3
right_child=7 8 3 -5 6 -7 -8 -9 -10 11 -12 -13 -14 -15
leaf_value=-0.014594182684902705 0.0011336748601246793 -0.020959792551435031 0.0075102223953603491 -0.012238179403712891 0.049348310502243579 0.080851730650092699 -0.024383629995675976 0.017035104872430203 0.0053864442275497956 0.013715417002283101 0.064008928031770426 -0.039289023343399537 0.0044670218076213724 -0.0047563268137961676
leaf_weight=10.658219322562216 439.59031470865011 205.48300481401384 13.797090739011763 13.323735259473322 7.9821510873734978 33.634095478802919 17.007503133267164 200.79756564646959 323.98535582795739 12.402174677699803 4.9296758845448485 39.174565982073545 209.65524685941637 902.42328169196844
leaf_count=134 5732 2733 143 166 83 374 194 2383 4657 158 55 566 2672 11753
internal_value=2.77902e-05 -0.00219066 0.0130122 0.0346531 0.0435132 0.0622684 0.00346868 0.00621301 -0.00364202 -0.015102 0.0197722 -0.0264578 -0.00587406 -0.00784224
internal_weight=2434.84 1794.46 152.909 85.7446 72.4208 47.4312 24.9897 640.388 1641.55 67.1646 15.5879 51.5767 1317.56 1107.91
internal_count=31803 23688 1873 960 794 517 277 8115 21815 913 189 724 17158 14486
is_linear=0
shrinkage=0.05


Tree=34
num_leaves=15
num_cat=0
split_feature=35 9 32 28 33 41 28 5 39 27 28 42 35 27
split_gain=15.4282 13.8495 17.1806 15.064 14.5782 38.618 21.5754 21.5067 20.4444 17.4578 33.903 16.8385 15.6917 15.4246
threshold=0.032697557394459127 0.4536640433638785 0.026088929219600727 4.5000000000000009 0.06343617259110218 -0.037213766437482053 3.5000000000000004 -0.027589276122953196 0.0038440495181889241 18.500000000000004 4.5000000000000009 0.64680527383367148 -0.025927545843038576 3.5000000000000004
decision_type=2 2 2 2 2 2 2 2 2 2 2 2 2 2
left_child=1 2 3 -1 5 6 8 9 -3 13 -11 -9 -7 -6
right_child=-2 4 -4 -5 7 12 -8 11 -10 10 -12 -13 -14 -15
leaf_value=-0.0066862040365317336 -0.019024651033405122 0.026748852220460969 -0.0048851459022369826 0.037329690291222059 0.034864360615498961 -0.041151617075001742 0.040354724072121852 -0.0092445874424223612 -0.02605014846539341 0.061187408654672031 -0.02428167271024094 0.0072161477003953693 -0.0065421006335622299 0.0064957575879776332
leaf_weight=30.79907538369298 92.407702462747693 27.368859432637691 953.36567623913288 42.22653091698885 54.734698973596096 63.64885620214045 43.856114313006401 223.03567806445062 37.389443188905716 42.852910486981273 12.291396724060176 483.21495852991939 66.943698653951287 260.97060969658196
leaf_count=436 1261 294 12373 491 702 938 564 2976 567 527 145 6327 924 3239
internal_value=0.000475195 0.00128325 -0.00306204 0.0195268 0.00467025 -0.00639835 0.0152547 0.00714662 -0.00341782 0.016811 0.0417019 0.00198936 -0.0243057 0.011881
internal_weight=2435.11 2342.7 1026.39 73.0256 1316.31 239.207 108.614 1077.1 64.7583 370.85 55.1443 706.251 130.593 315.705
internal_count=31764 30503 13300 927 17203 3287 1425 13916 861 4613 672 9303 1862 3941
is_linear=0
shrinkage=0.05


Tree=35
num_leaves=15
num_cat=0
split_feature=7 41 37 38 33 18 35 33 39 37 35 28 35 39
split_gain=13.5083 16.8458 18.2383 32.9441 28.8842 28.1612 20.8615 17.2723 16.8702 14.7388 14.0698 29.9194 18.6873 26.1879
threshold=4.7067724920317007 -0.050925154213402039 -0.015944761768246048 -2.5089896074548474 0.26182486417385753 0.1196280213229889 -0.01875450937950934 0.29803526072015546 0.0069559287838043514 -0.017038341228885975 -0.020542863206408021 3.5000000000000004 -0.027456069911717087 0.0025648732732520053
decision_type=10 2 2 2 2 2 2 2 2 2 2 2 2 2
left_child=1 9 4 5 -3 6 7 -4 10 -1 11 12 13 -5
right_child=-2 2 3 8 -6 -7 -8 -9 -10 -11 -12 -13 -14 -15
leaf_value=0.039963595777033664 0.010494023760830794 -0.015423082277271367 0.074288693613910967 0.095230725334039576 0.035865728092306218 -0.003452262187880078 0.00084989160172479279 -0.011068952656202738 -0.026435740426601208 -0.0019402900713487025 0.0017345981888186705 -0.034174185036662398 -0.013225869702698538 0.0068150965384518696
leaf_weight=42.120778828859329 315.50084545649588 340.22169728763402 39.475102066993713 6.5387501008808604 25.11314819380641 44.942561959847808 18.021388798952103 5.4614381957799187 57.959275487810373 37.033451171591878 1337.0786440651864 82.247478118166327 50.924163930118084 33.828833667561412
leaf_count=547 3959 4746 459 98 320 506 240 71 773 450 17507 1033 672 431
internal_value=0.00092637 -0.000518184 -0.0014184 0.000797603 -0.0114609 0.0268852 0.0472022 0.063845 -0.00107665 0.0214078 -1.96779e-05 -0.013206 0.00647844 0.0300537
internal_weight=2436.47 2120.97 2041.81 1676.48 365.335 107.9 62.9579 44.9365 1568.58 79.1542 1510.62 173.539 91.2917 40.3676
internal_count=31812 27853 26856 21790 5066 1276 770 530 20514 997 19741 2234 1201 529
is_linear=0
shrinkage=0.05


Tree=36
num_leaves=15
num_cat=0
split_feature=35 37 37 41 33 32 14 38 39 35 39 5 39 39
split_gain=14.7381 24.316 16.7658 13.7821 18.9919 18.4526 17.2456 28.2967 24.7362 48.5521 17.6324 19.3043 13.1258 20.0677
threshold=0.014745003319637353 0.022824334973246877 0.002121048636178791 -0.00095203145369854292 0.65321793453504273 0.9826073805202663 0.91692300202629229 2.2683693872708326 0.0051828875454588887 0.038916304646571871 0.0045190270423932375 0.11217304647611549 0.0041169336424687454 0.0040658002082448819
decision_type=2 2 2 2 2 2 2 2 2 2 2 2 2 2
left_child=12 2 -2 4 -3 -6 -5 10 -9 -10 11 -8 13 -1
right_child=1 3 -4 6 5 -7 7 8 9 -11 -12 -13 -14 -15
leaf_value=0.0038591592587058341 0.0056900655872908421 0.046316787352761735 -0.021141148008528308 -0.015384032952354932 -0.032661452244302266 0.040040167893430484 0.061175516689866927 0.00093065936652963902 0.10210715591201554 -0.016935537517869432 -0.021096087564407534 -0.026040148113152063 -0.0036613744041559051 0.042694892738830072
leaf_weight=1156.7009533680975 71.414847509935498 7.0401621386408797 271.69278394430876 33.570008942857385 52.477334225550294 5.9250354114919892 12.658038999885322 19.362244501709938 25.14081122353673 10.190845625475047 37.0417693965137 6.3869044091552487 688.15623203665018 29.331858720630407
leaf_count=14666 959 102 3562 450 700 80 220 273 404 141 518 64 9256 337
internal_value=-0.000304045 -0.00743958 -0.015555 0.00588591 -0.0125236 -0.0227098 0.0143718 0.0236638 0.0476263 0.0699284 -0.0016893 0.0325941 0.00181519 0.00499481
internal_weight=2427.09 552.901 343.108 209.793 65.4425 58.4024 144.351 110.781 54.6939 35.3317 56.0867 19.0449 1874.19 1186.03
internal_count=31732 7473 4521 2952 882 780 2070 1620 818 545 802 284 24259 15003
is_linear=0
shrinkage=0.05


Tree=37
num_leaves=15
num_cat=0
split_feature=27 26 41 7 38 30 38 37 36 37 0 15 33 37
split_gain=17.6373 12.58 20.2261 13.3126 10.8181 10.5371 11.5359 21.3048 11.9962 16.8423 14.0365 10.7144 10.4143 10.221
threshold=1.0000000180025095e-35 2.5000000000000004 -0.029672680811574838 4.072760122249913 -2.3088008557083732 7.2500000000000009 -2.7692931296177146 -0.018416345418536536 -0.0086566403134443731 0.0038116809375934317 -0.010602147810397809 2.45119038832771 0.087274954724619172 -0.011000630433429413
decision_type=2 2 2 10 2 2 2 2 2 2 2 2 2 2
left_child=4 3 -3 5 -1 6 7 -2 10 -10 -8 -11 -9 -14
right_child=1 2 -4 -5 -6 -7 8 12 9 11 -12 -13 13 -15
leaf_value=0.052419615422907739 -0.017961464489284377 0.031089287613573852 0.00096308513292112314 0.0062043999883537766 0.0098867230068995209 -0.00060883991806923166 -0.035447460329292579 -0.002387640782276595 0.0023651596035676051 -0.018777875712047847 -0.0044590601248064915 0.00032382190957219254 0.076213911019828065 0.014035103990700862
leaf_weight=17.381539169698954 34.703744243830442 67.220821177586913 245.25491785816848 333.47071784734726 55.020632110536098 829.88684382289648 85.903210036456585 14.461098760366438 269.03904010914266 282.09235311113298 63.818151313811541 98.40735569037497 11.420958645641802 15.805366076529028
leaf_count=177 469 873 3495 4121 745 10605 1211 160 3552 3658 872 1386 131 192
internal_value=-0.000662836 -0.00143289 0.0078315 -0.00286834 0.0228242 -0.00465521 -0.00846487 0.00963136 -0.0102436 -0.00719492 -0.0228097 -0.0138975 0.0320653 0.047896
internal_weight=2423.89 2351.48 312.476 2039.01 72.4022 1705.54 875.651 76.3912 799.26 649.539 149.721 380.5 41.6874 27.2263
internal_count=31647 30725 4368 26357 922 22236 11631 952 10679 8596 2083 5044 483 323
is_linear=0
shrinkage=0.05


Tree=38
num_leaves=15
num_cat=0
split_feature=46 36 8 23 0 39 36 36 35 35 37 36 38 33
split_gain=15.558 13.8553 13.6731 13.1904 17.9993 11.7619 11.4708 33.1089 20.4858 17.8796 14.5409 16.188 13.4531 13.8701
threshold=1.0000000180025095e-35 0.030757561690817895 0.41847602580879356 0.012093109837192475 0.0081703796745483687 0.0078202828573643215 -0.019791020723335658 -0.020218297948842442 -0.04935260507573843 -0.033608957509550445 -0.015944761768246048 -0.0080443046489974673 -2.7692931296177146 0.099091727354553655
decision_type=2 2 2 2 2 2 2 2 2 2 2 2 2 2
left_child=1 2 -1 5 -5 6 7 8 -4 -10 11 -8 -12 -14
right_child=-2 -3 3 4 -6 -7 10 -9 9 -11 12 -13 13 -15
leaf_value=-0.00640993533351851 0.0093988217180466516 -0.032932724979427008 0.043906739723280581 -0.020782110441733163 0.0023998304195440509 -0.024934143657153435 -0.020733289132580181 0.086826383074704652 -0.038160945805694332 0.018021949430836945 0.03541097826214052 0.011136820579676859 -0.012784458474318267 0.0088123662232421403
leaf_weight=765.62877537123859 367.73887874558568 29.916712231934071 20.614792320877314 126.99932270683348 226.56449876539409 26.437060745432973 100.81283723190427 11.768832530826328 23.457209240645167 23.865190587937835 36.336744032800198 59.884350327774882 81.99891085550189 523.47573164850473
leaf_count=10081 4808 477 229 1797 3132 362 1433 99 302 340 390 860 997 6435
internal_value=-2.19314e-06 -0.00170094 -0.00116031 0.00203671 -0.00610075 0.00521912 0.00625814 0.0237869 0.00766296 -0.0108127 0.00438066 -0.00887911 0.00774362 0.00580677
internal_weight=2425.5 2057.76 2027.84 1262.22 353.564 908.652 882.215 79.706 67.9372 47.3224 802.509 160.697 641.811 605.475
internal_count=31742 26934 26457 16376 4929 11447 11085 970 871 642 10115 2293 7822 7432
is_linear=0
shrinkage=0.05


Tree=39
num_leaves=15
num_cat=0
split_feature=25 39 8 37 23 2 41 6 27 35 38 37 37 37
split_gain=13.8388 14.3689 13.2078 11.7656 10.9982 20.4859 10.8778 10.6658 10.6427 9.83076 17.5171 11.2183 10.3462 16.6718
threshold=2.2500000000000004 0.0078202828573643215 0.32305268946330651 0.049001476752028934 0.010960735062520046 -0.02534209048094321 0.072703264347917865 2.2760291946439595 1.0000000180025095e-35 -0.04935260507573843 -2.2289507973497176 -0.028525828205926414 -0.01558108816576592 -0.0093048258668829691
decision_type=2 2 2 2 2 2 2 2 2 2 2 2 2 2
left_child=8 2 -2 -3 7 -6 -7 -4 -1 10 11 -9 -11 -14
right_child=1 3 4 -5 5 6 -8 9 -10 12 -12 -13 13 -15
leaf_value=0.038405242271487228 -0.0069393974989499013 -0.034890562952930755 0.016459837934588089 0.017023683988116236 -0.031236761194536052 -0.0014869489581882432 0.049289686342658207 0.002515795449996762 0.0056673499980879477 -0.0096884146181604961 -0.029884622129313435 0.069539231212965055 0.026637711087188751 0.00090316784361382297
leaf_weight=21.155935073271394 568.68985694088042 47.893892653286457 165.27568118833005 10.495450921356676 57.69773780554533 254.34530334919691 5.9954736698418847 9.9982335530221498 592.10161335207522 162.29861422814429 6.326540905982255 13.540291000157595 68.704790936782956 433.38549213111401
leaf_count=268 7591 663 2212 121 848 3613 116 125 7579 2253 70 123 812 5259
internal_value=0.000641061 -0.00156676 -0.000715812 -0.0249523 0.00230641 -0.00557873 0.000589168 0.00523942 0.00709819 0.00246967 0.0283528 0.0464989 0.0011031 0.00465255
internal_weight=2417.9 1804.65 1746.26 58.3893 1177.57 318.039 260.341 859.53 613.258 694.254 29.8651 23.5385 664.389 502.09
internal_count=31653 23806 23022 784 15431 4577 3729 10854 7847 8642 318 248 8324 6071
is_linear=0
shrinkage=0.05


Tree=40
num_leaves=15
num_cat=0
split_feature=30 41 27 33 38 34 38 34 21 39 39 38 37 14
split_gain=12.3439 18.0664 28.2471 17.8194 23.8064 16.5583 23.0452 19.7975 16.9223 15.6819 20.4885 20.0205 15.311 13.6035
threshold=8.8500000000000014 -0.02520679144032539 15.500000000000002 0.050933932895191984 -0.12382212272990435 -0.03182449684665669 -2.5731736252747983 -0.002397669038834704 0.91875000000000007 0.0050538153238726532 0.0039354115544055776 -2.8301304463335089 -0.057239565701855392 1.1899460902199264
decision_type=2 2 2 2 2 2 2 2 10 2 2 2 2 2
left_child=1 2 3 -1 -5 8 7 9 12 10 11 -7 -3 -8
right_child=-2 5 -4 4 -6 6 13 -9 -10 -11 -12 -13 -14 -15
leaf_value=0.0039995339395625263 0.0062647015257177446 0.037485361778246247 -0.010491895453509224 0.044032875274826841 -0.0084100828779447214 -0.010868739784045948 -0.0074044396320226205 -0.027872071554902952 0.024107961507326161 -0.013287943571544454 0.082799085054163585 0.055097988735110529 -0.029570797109019838 0.0045484940794065397
leaf_weight=109.39092370867729 634.99486350081861 4.9210246056318274 124.77000214904547 88.221631763502955 26.317390630021691 23.172044303268191 886.07348752580583 12.323784677311776 15.427653836086391 12.607261164113877 17.120045071467757 15.508238162845375 126.62852690927684 320.95729908719659
leaf_count=1439 8046 63 1776 970 334 284 11722 158 215 148 188 204 1805 4309
internal_value=0.000306168 -0.00182695 0.00830481 0.0187784 0.0321354 -0.00430968 -0.00245738 0.022611 -0.019924 0.0329846 0.0436723 0.018859 -0.0257816 -0.00422042
internal_weight=2418.43 1783.44 348.7 223.93 114.539 1434.74 1287.76 80.7314 146.977 68.4076 55.8003 38.6803 131.55 1207.03
internal_count=31661 23615 4519 2743 1304 19096 17013 982 2083 824 676 488 1868 16031
is_linear=0
shrinkage=0.05


Tree=41
num_leaves=15
num_cat=0
split_feature=26 41 28 34 34 27 35 1 36 35 36 27 35 34
split_gain=13.9369 20.0688 13.5475 22.6584 13.8028 16.4545 25.7615 17.3808 16.4531 16.7992 15.6543 12.9938 16.3429 12.8391
threshold=2.5000000000000004 -0.040823845695574422 1.5000000000000002 0.03754243166571803 0.014162711053114509 4.5000000000000009 -0.020019542898475236 -0.017075323030957209 -0.012036098486881528 -0.035203977488117093 0.023289357849408224 10.500000000000002 0.018916326234903084 -0.062583596986519455
decision_type=2 2 2 2 2 2 2 2 2 2 2 2 2 2
left_child=2 -2 3 4 5 6 8 -7 9 13 11 -6 -13 -1
right_child=1 -3 -4 -5 10 7 -8 -9 -10 -11 -12 12 -14 -15
leaf_value=-0.018834997041426622 0.039694500002187293 0.0045604904806697726 0.0012944907149998689 -0.030458080178137149 -0.0036997588824350725 -0.024069560112288554 -0.014825471500464878 0.00023512206213866372 0.059277041923716724 -0.03493901552363942 -0.03101816920019201 0.012630240432552842 0.065030862993739044 0.05584160498025903
leaf_weight=5.7847092263400581 42.985081052407622 277.99435771629214 1481.4793967790902 86.643273923546076 45.476499220356345 172.63072866946459 54.652374759316444 125.38502735830843 23.424066580832005 11.119444331154225 15.127368038520215 50.95034646987915 18.206000115722418 11.446798469871284
leaf_count=72 556 3946 18937 1192 578 2376 724 1651 287 137 213 666 261 115
internal_value=0.000181514 0.00980227 -0.00130714 -0.00747595 -0.00350057 -0.00804075 0.00854914 -0.0140086 0.0323555 0.00456023 0.0104238 0.0169604 0.0298797 0.0321744
internal_weight=2423.31 320.979 2102.33 620.847 534.203 404.443 106.427 298.016 51.775 28.351 129.76 114.633 69.1563 17.2315
internal_count=31711 4502 27209 8272 7080 5362 1335 4027 611 324 1718 1505 927 187
is_linear=0
shrinkage=0.05


Tree=42
num_leaves=15
num_cat=0
split_feature=37 36 23 33 32 36 27 27 38 32 28 5 37 33
split_gain=11.1422 22.8679 24.3087 21.2094 33.1731 19.944 16.9913 27.7088 21.505 19.9594 35.1005 24.2892 19.6396 16.7949
threshold=0.0024442116493876846 -0.0041913587084869688 0.007213538865668557 0.18797682556071821 0.10246315364425602 -0.011885785103346589 6.5000000000000009 2.5000000000000004 -3.3684214873842868 0.027059182428309948 4.5000000000000009 -0.013351542744880871 -0.017517134918888341 0.050933932895191984
decision_type=2 2 2 2 2 2 2 2 2 2 2 2 2 2
left_child=1 2 3 6 5 -5 7 8 -1 10 11 -8 -9 -11
right_child=-2 -3 -4 4 -6 -7 9 12 -10 13 -12 -13 -14 -15
leaf_value=0.037424661601469837 -0.0030594454284042861 0.011714016546933288 -0.022545940582815383 0.086901683935828866 0.003252793131323148 0.0017056617563472717 -0.031059316141842687 0.009701272667134702 -0.025887479996017388 -0.033616277250537646 0.036555005324393056 0.033006567027281844 0.068784356154119805 -0.0065034983505903371
leaf_weight=13.571715403348206 1152.6037860121578 519.87409479729831 114.88965391553938 19.497931297868494 75.620046207681298 9.8287404347211105 51.023254703730345 31.703124843537807 44.608216414228082 75.617141211405396 57.639233419671655 15.56802002340555 23.425485763698816 207.76752539724112
leaf_count=141 15233 6687 1596 214 917 116 778 425 602 1167 703 177 268 2659
internal_value=0.000486765 0.00372836 -0.00191703 0.00201845 0.0219783 0.062756 -0.00217344 0.014556 -0.00932561 -0.00694392 0.00950715 -0.0148225 0.0384392 -0.0141956
internal_weight=2413.24 1260.63 740.76 625.87 104.947 29.3267 520.924 113.309 58.1799 407.615 124.231 66.5913 55.1286 283.385
internal_count=31683 16450 9763 8167 1247 330 6920 1436 743 5484 1658 955 693 3826
is_linear=0
shrinkage=0.05


Tree=43
num_leaves=15
num_cat=0
split_feature=25 15 36 37 37 39 35 0 37 34 39 38 34 34
split_gain=13.6934 12.245 11.3358 11.9334 17.4735 13.4277 18.2842 22.1193 17.6073 32.7256 23.2232 23.2053 20.418 15.9366
threshold=2.2500000000000004 1.6984564040757719 0.030757561690817895 0.022824334973246877 0.0051027191516187518 0.0049336053215082703 -0.042773741608064818 -0.02267901576927683 -0.012318625911437007 -0.053977736693210064 0.0041169336424687454 -2.0425449914558258 -0.093884379758956762 -0.093884379758956762
decision_type=2 2 2 2 2 2 2 2 2 2 2 2 2 2
left_child=-1 -2 3 4 5 6 7 -3 9 10 11 12 -8 -12
right_child=1 2 -4 -5 -6 -7 8 -9 -10 -11 13 -13 -14 -15
leaf_value=0.0067223758471930024 -0.0097234572354952323 0.061504757872365423 -0.030914190813496681 0.011413005182857441 -0.010448455033287396 -0.011346851636296352 -0.018987851255709537 -0.0050329952668374213 0.0099482155829374308 -0.019078510932506371 0.041386506794902203 -0.010990483276396783 0.068763804214202043 -0.037433380178348817
leaf_weight=613.10247103311121 386.66450067609549 25.492853045463562 23.568021746352315 221.33188822120428 347.26517811231315 134.22979971393943 5.7742115482687941 19.963223854079843 391.95596739090979 170.91368077136576 4.0737817771732834 17.06009122915566 32.952150288969278 20.201549392193556
leaf_count=7775 5006 221 390 3083 4571 1919 72 224 4990 2356 70 250 336 360
internal_value=0.000299152 -0.00189948 0.000265554 0.000902573 -0.00112602 0.00284876 0.00567865 0.03468 0.00337642 -0.00688079 0.0187494 0.0355787 0.0550047 -0.0193968
internal_weight=2414.55 1801.45 1414.78 1391.21 1169.88 822.617 688.388 45.4561 642.931 250.975 80.0618 55.7865 38.7264 24.2753
internal_count=31623 23848 18842 18452 15369 10798 8879 445 8434 3444 1088 658 408 430
is_linear=0
shrinkage=0.05


Tree=44
num_leaves=15
num_cat=0
split_feature=7 33 32 35 35 33 32 35 34 39 14 33 28 35
split_gain=11.517 16.5188 21.2734 11.6031 13.2241 11.4442 17.5075 20.4489 19.7658 15.466 15.4865 13.5282 30.5243 14.3316
threshold=4.5587165365410236 0.0091326105087572995 0.0080322580645161307 0.032697557394459127 0.030976772695637481 0.023811023622047248 0.026088929219600727 -0.024739021134939167 -0.050755169951225303 0.0053583571214449429 0.95676719053490078 0.0739497887148894 1.0000000180025095e-35 -0.042773741608064818
decision_type=10 2 2 2 2 2 2 2 2 2 2 2 2 2
left_child=1 2 -1 4 5 9 7 -7 -9 -3 -11 12 -8 -13
right_child=-2 3 -4 -5 -6 6 11 8 -10 10 -12 13 -14 -15
leaf_value=-0.015403560127612207 0.0083193782916208651 -0.03165894269805699 0.049561382079715638 -0.02067343896248923 0.040719967048875594 -0.0064319389517137615 0.021511866038846372 -0.017678485856721732 0.061031822496697266 0.059978282232346636 -0.02278404917219326 0.037384118059985989 -0.022054308235653148 -0.00099798489653029981
leaf_weight=16.938883636146784 338.37381731159985 58.143352029845119 29.169136226177216 77.151644183322787 13.395938841626046 33.056719422340393 46.487893158569932 7.8177769351750603 30.733928631991148 6.3734580017626268 7.3341152667999268 19.70797991938889 188.16654780879617 1549.1093404777348
leaf_count=263 4254 801 374 1104 185 434 608 117 336 74 110 195 2660 20320
internal_value=-0.000167005 -0.00156181 0.0265229 -0.00226074 -0.00148532 -0.00187928 -0.00110119 0.0223152 0.0448733 -0.0207924 0.0214426 -0.00209008 -0.0131546 -0.00039858
internal_weight=2421.96 2083.59 46.108 2037.48 1960.33 1946.93 1875.08 71.6084 38.5517 71.8509 13.7076 1803.47 234.654 1568.82
internal_count=31835 27581 637 26944 25840 25655 24670 887 453 985 184 23783 3268 20515
is_linear=0
shrinkage=0.05


Tree=45
num_leaves=15
num_cat=0
split_feature=26 34 25 8 23 41 39 28 38 41 28 37 35 33
split_gain=11.6247 13.6449 11.077 9.75232 11.8394 16.2875 24.0515 14.4896 13.5518 13.4215 12.1488 11.5104 10.3019 10.1053
threshold=2.5000000000000004 -0.052171446571524997 2.2500000000000004 0.42697351917282061 0.019733805428679311 -0.004515505509429917 0.0046908276125225698 1.0000000180025095e-35 2.8625662087715802 0.0045770913092937357 4.5000000000000009 0.021861865858208266 0.016458290836968929 0.093988412780359104
decision_type=2 2 2 2 2 2 2 2 2 2 2 2 2 2
left_child=2 -2 -1 -4 5 6 8 9 13 -7 -9 -6 -12 -5
right_child=1 -3 3 4 11 7 -8 10 -10 -11 12 -13 -14 -15
leaf_value=0.0052334511411231861 0.029797010598497316 0.0038128064524973874 -0.0083420267982865035 -0.0033836205843474406 -0.02085911326556639 0.013248379464845309 -0.023842451284493339 0.019022164701923017 -0.03616401265239115 -0.030412196526348551 0.0082471104684376829 0.0068631461925052692 -0.027811560150204417 0.014620547457819183
leaf_weight=499.03391869179904 58.302348766475916 260.30691127106547 589.41665845643729 161.24703390151262 113.83585546165705 27.205389998853207 112.46577082946897 250.14421264268458 16.194969246163964 35.542259836569428 61.155698623508215 51.714940467849374 23.327726008370519 143.16995443217456
leaf_count=6317 765 3712 7862 2066 1607 364 1600 3183 197 484 704 770 289 1747
internal_value=0.000136581 0.00895458 -0.00122945 -0.0032738 -0.000247837 0.00220417 -0.00448176 0.00945595 0.00257151 -0.0119017 0.0135771 -0.0122519 -0.00270715 0.00518333
internal_weight=2403.06 318.609 2084.45 1585.42 996.004 830.453 433.078 397.375 320.612 62.7476 334.628 165.551 84.4834 304.417
internal_count=31667 4477 27190 20873 13011 10634 5610 5024 4010 848 4176 2377 993 3813
is_linear=0
shrinkage=0.05


Tree=46
num_leaves=15
num_cat=0
split_feature=37 37 42 33 33 28 32 7 37 38 38 37 37 32
split_gain=12.646 15.9018 17.8388 14.5592 19.4055 22.2265 23.1087 14.269 11.6646 19.1174 18.9492 14.6429 19.4203 14.5652
threshold=0.006138689081722771 0.022326683784692384 0.88278556034482769 0.70472994566954317 0.95017730496453912 2.5000000000000004 0.98984745413316855 1.8581829010527582 -0.021293744514056853 -2.7692931296177146 -1.9200128058457311 -0.024153690638999911 -0.026125988270423391 0.10726270373921382
decision_type=2 2 2 2 2 2 2 10 2 2 2 2 2 2
left_child=8 2 -2 -3 -5 -6 7 -7 11 13 -11 12 -1 -10
right_child=1 3 -4 4 5 6 -8 -9 9 10 -12 -13 -14 -15
leaf_value=-0.0062121012987977455 -0.016483207048446819 0.034659824254718488 0.0018997422057940947 -0.0095407207108022217 -0.003809227559482686 0.012108202295041127 -0.0010219456628300673 0.077196181674447625 0.033940630720691499 -0.010071212174773813 0.0064755243958149319 -0.027846458790015401 0.030397974957310354 -0.0055028347615980449
leaf_weight=228.35290451068431 364.92964545637369 28.489863753318787 203.68183253519237 210.0179905500263 82.972850671038032 14.864794792607425 28.496342586353421 24.154975777491927 85.871731039136648 216.4459518417716 789.45357068814337 55.245161959901452 37.881858199834824 29.82643217407167
leaf_count=3378 4931 387 2523 2776 1206 197 423 398 910 2788 9953 780 553 406
internal_value=-0.000202375 -0.00464365 -0.00993911 0.00312481 0.000192645 0.0136462 0.0338814 0.0565923 0.00275066 0.00515435 0.00288285 -0.00558596 -0.000538612 0.0239656
internal_weight=2400.69 957.608 568.611 388.997 360.507 150.489 67.5161 39.0198 1443.08 1121.6 1005.9 321.48 266.235 115.698
internal_count=31609 12841 7454 5387 5000 2224 1018 595 18768 14057 12741 4711 3931 1316
is_linear=0
shrinkage=0.05


Tree=47
num_leaves=15
num_cat=0
split_feature=30 9 41 27 41 34 21 38 32 38 39 34 5 41
split_gain=11.6857 10.9121 10.2577 21.8483 13.1477 12.8344 22.3193 13.2119 24.0941 24.8057 12.6528 16.6397 13.923 11.6214
threshold=8.8500000000000014 6.3192418098791725 -0.02520679144032539 15.500000000000002 -0.025814060101948724 -0.03182449684665669 0.96005128543757723 -2.5731736252747983 0.10246315364425602 -2.8301304463335089 0.0027162130978013988 -0.069653726723941004 -0.039644765846683964 -0.0088716671815431952
decision_type=2 2 2 2 2 2 10 2 2 2 2 2 2 2
left_child=1 2 3 4 -1 6 -4 8 -7 -10 12 -12 -5 -9
right_child=-2 -3 5 10 -6 7 -8 13 9 -11 11 -13 -14 -15
leaf_value=0.011533016391852537 0.006405641603938742 0.026405630560781941 -0.023581794732052526 0.036980991805113828 0.059761470775033569 0.043961551815346944 0.044350580920887929 -0.013341286910004482 -0.03765080120370147 0.031968233308460721 0.0061918729658784148 -0.035561975376763477 -0.026382348095907216 -0.0011036231194594499
leaf_weight=203.62582525238395 634.75838723033667 29.438134707510471 131.40462643746287 19.801656283438209 10.722099900245665 36.73164152726531 8.6764188800007087 239.38627006486058 25.054967289790511 17.493513496592641 36.892827173694968 56.43252800218761 9.0129659585654718 946.27914253808558
leaf_count=2530 8009 352 1960 288 136 380 103 3196 332 241 526 842 123 12661
internal_value=0.00061268 -0.00147587 -0.00202141 0.00576269 0.0152528 -0.00389944 -0.0179907 -0.00227428 0.0168732 -0.00867569 -0.0108367 -0.0195806 0.0161911 -0.00362006
internal_weight=2405.71 1770.95 1741.51 336.488 214.348 1405.03 140.081 1264.95 79.2801 42.5485 122.14 93.3254 28.8146 1185.67
internal_count=31679 23670 23318 4445 2666 18873 2063 16810 953 573 1779 1368 411 15857
is_linear=0
shrinkage=0.05


Tree=48
num_leaves=15
num_cat=0
split_feature=36 18 15 31 32 18 16 39 36 39 17 12 17 39
split_gain=9.89784 9.81739 9.08882 10.5385 10.4876 10.0956 9.03336 17.0338 9.69727 9.02299 8.46422 9.09527 8.43509 8.17576
threshold=0.030757561690817895 0.25974593235332516 2.7252572921616349 0.59092179397238642 0.028647613838370032 0.13210193691225691 0.93718500829358875 0.0048813387803928309 -0.024219472069351985 0.0033858920703690874 -2.3009671699679131 29.398803012001299 2.2159834418764617 0.0037659308287908621
decision_type=2 2 2 2 2 2 8 2 2 2 2 2 2 2
left_child=1 2 3 5 -5 -1 7 9 -8 -4 11 -7 -11 -10
right_child=-2 -3 6 4 -6 10 8 -9 13 12 -12 -13 -14 -15
leaf_value=0.0054135366187032033 -0.025658778102298975 -0.016500166783332073 0.010806081156852672 0.016197997574160575 -0.0085292701894283812 0.010400693695844501 -0.032964772202109097 -0.009715208350361661 -0.0043619296686137655 0.044604432778005632 -0.00027392600878549628 -0.023313369118824326 -0.00020216003792789236 0.014055163284971013
leaf_weight=791.12326662521809 32.080529645085335 78.194358453154564 73.692081175744534 42.32986256107688 492.34337806329131 22.785696037113667 14.347812239080666 47.171673886477947 132.1752887647599 54.69625218398869 426.5474775955081 82.020405489951372 12.692008597776292 103.14735488779843
leaf_count=10534 545 864 1095 528 6529 269 215 769 1685 784 5264 1017 172 1411
internal_value=-2.53441e-05 0.00037437 0.000983914 -0.000549604 -0.00643969 0.00184702 0.00742008 0.0155374 0.00111471 0.0240244 -0.00346406 -0.0158438 0.0367344 0.00383518
internal_weight=2405.35 2373.27 2295.07 1857.15 534.673 1322.48 437.922 188.252 249.67 141.08 531.354 104.806 67.3883 235.323
internal_count=31681 31136 30272 24141 7057 17084 6131 2820 3311 2051 6550 1286 956 3096
is_linear=0
shrinkage=0.05


Tree=49
num_leaves=15
num_cat=0
split_feature=14 41 5 39 37 34 38 37 41 0 39 34 39 34
split_gain=10.2414 20.8363 14.5769 14.662 15.8864 12.7473 30.1437 21.2394 15.9884 17.6718 15.7976 20.0537 13.7161 12.3468
threshold=0.92839486168694108 -0.02520679144032539 0.030832494521224722 0.0017813786777377731 -0.0045238459832314662 -0.031318194172462614 -2.5731736252747983 -0.018416345418536536 -0.021059268980753078 -0.0058781543528255145 0.0041169336424687454 -0.093884379758956762 0.0040865523534024326 -0.04956677086688676
decision_type=2 2 2 2 2 2 2 2 2 2 2 2 2 2
left_child=1 -1 3 4 -3 8 7 -7 10 -10 12 -12 -2 -5
right_child=5 2 -4 13 -6 6 -8 -9 9 -11 11 -13 -14 -15
leaf_value=0.011080255995272983 0.0072633278012391575 0.043915911982676359 0.0032963316867074158 0.024194380605188175 -0.0037904165007354115 -0.013678037560825024 0.0037601852526565911 0.059405860724823303 -0.036714216611755716 0.013437203051217171 0.031497807795075453 -0.022062535294569328 0.06255022681142712 -0.014992934692601989
leaf_weight=196.30299603939056 120.17873532883823 18.188678892329335 257.92254542931914 16.511613823473454 67.839799581095576 10.943105267360805 937.10840833373368 36.351507108658552 61.258335243910551 20.935434741899371 16.783089879900217 90.700034251436591 7.6347777470946303 543.87359307147563
leaf_count=2540 1461 266 3375 247 863 140 12331 387 967 269 285 1302 56 7155
internal_value=4.22627e-05 -0.00349964 -0.006708 -0.0106944 0.00815414 0.00303857 0.00584287 0.0428046 -0.00561216 -0.0239022 0.00114133 -0.0126709 0.0127963 -0.0136345
internal_weight=2402.53 1100.64 904.336 646.414 86.0285 1301.89 984.403 47.2946 317.49 82.1938 235.297 107.483 127.814 560.385
internal_count=31644 14446 11906 8531 1129 17198 12858 527 4340 1236 3104 1587 1517 7402
is_linear=0
shrinkage=0.05


Tree=50
num_leaves=15
num_cat=0
split_feature=27 35 39 28 35 28 27 39 41 39 27 38 38 15
split_gain=11.119 13.2462 15.7301 11.6932 10.0869 17.0216 20.835 29.1112 20.8507 16.1587 26.233 15.1592 14.9807 14.6125
threshold=1.0000000180025095e-35 -0.020019542898475236 0.0028278030466420247 2.5000000000000004 0.014745003319637353 4.5000000000000009 14.500000000000002 0.0064908497132076361 -0.0025720853268943462 0.006384085797807742 5.5000000000000009 3.2615679804899194 -0.02271111267904764 1.4071304201403994
decision_type=2 2 2 2 2 2 2 2 2 2 2 2 2 2
left_child=1 2 -1 -3 -2 6 9 8 -8 12 -11 -7 -6 -10
right_child=4 3 -4 -5 5 11 7 -9 13 10 -12 -13 -14 -15
leaf_value=-0.0095335079677239063 0.0016785616289637973 -0.0188404869270897 0.069135903637442014 0.024693932483208357 0.039341768278693033 -0.027966158850084494 -0.017000349501993098 -0.033077279077957288 -0.01032333310699284 0.062980893714613226 -0.023365513679702694 0.02717850779900538 -0.019321087294061168 0.03341858110671822
leaf_weight=7.5887512862682369 1792.8637440633029 25.569025287404656 15.710200862959026 26.251404801383615 6.9421204142272463 108.61450257338583 30.028443776071072 27.674238733947277 20.264925928786397 12.997691519558431 13.359026625752447 10.006676891818641 193.1493032798171 116.07858824916184
leaf_count=94 23427 376 157 326 100 1456 442 449 258 190 192 135 2567 1605
internal_value=0.000502054 0.0188168 0.0463552 0.00344568 -0.000126909 -0.00609137 -0.00128065 0.0105965 0.0186143 -0.0114673 0.0224686 -0.0224031 -0.0163763 0.026782
internal_weight=2407.1 75.1194 23.299 51.8204 2331.98 539.116 420.494 194.046 166.372 226.448 26.3567 118.621 200.091 136.344
internal_count=31774 953 251 702 30821 7394 5803 2754 2305 3049 382 1591 2667 1863
is_linear=0
shrinkage=0.05


Tree=51
num_leaves=15
num_cat=0
split_feature=36 27 32 39 28 27 39 2 8 5 33 32 21 36
split_gain=10.0082 9.7384 14.7299 9.35343 15.483 13.9358 11.3298 8.96103 9.29471 15.4529 14.2809 10.5708 10.3903 10.3659
threshold=0.030757561690817895 1.0000000180025095e-35 0.10246315364425602 0.0016558931583486218 4.5000000000000009 17.500000000000004 0.0015151452300485692 -0.052260244029158347 1.0676106889478418 0.067631830714501531 0.12100874516981901 0.1006952827000145 0.92792397660818726 -0.012875610501447974
decision_type=2 2 2 2 2 2 2 2 2 2 2 2 10 2
left_child=1 2 -1 4 -3 -6 -7 -5 13 10 -10 -12 -13 -9
right_child=-2 3 -4 7 5 6 -8 8 9 -11 11 12 -14 -15
leaf_value=0.042594766464491944 -0.025719250650456271 0.062714519722473619 -0.00083274855340900603 0.0093559823176653564 0.017127588086580114 -0.032574352515933984 0.016637168812664617 -0.01659485753792193 -0.0058821915389202246 -0.0077757904414376038 0.040548177188493462 0.0076551056281075371 0.044344520384769881 -0.0025519782178205172
leaf_weight=29.639344183728099 30.844455361366272 8.9045108836144191 44.323231415823102 201.79434612207115 97.228045171126723 27.802688915282488 14.334088817238806 145.77380324248224 141.16407578252256 235.49538115784526 26.541244748979807 335.8222069889307 15.859562331810592 1047.7004328034818
leaf_count=370 537 146 564 2768 1206 358 193 1982 1949 3111 267 4260 273 13742
internal_value=0.000505749 0.000900086 0.0181653 0.00030627 0.0122404 0.006955 -0.0158446 -0.000543165 -0.00158976 0.00274144 0.00753873 0.0125592 0.0099081 -0.00432929
internal_weight=2403.23 2372.38 73.9626 2298.42 148.269 139.365 42.1368 2150.15 1948.36 754.882 519.387 378.223 351.682 1193.47
internal_count=31726 31189 934 30255 1903 1757 551 28352 25584 9860 6749 4800 4533 15724
is_linear=0
shrinkage=0.05


Tree=52
num_leaves=15
num_cat=0
split_feature=35 37 27 27 35 14 0 23 37 36 36 38 27 37
split_gain=11.1515 22.118 15.4775 15.3392 14.682 14.3361 12.9772 17.4087 15.2398 12.1404 22.4419 17.7797 16.4596 12.3121
threshold=0.01561355396609654 0.022326683784692384 20.500000000000004 22.500000000000004 0.025132824131779422 1.1342767961593154 -0.011753848600382031 0.0065143547103776464 0.02303590102115061 -0.0040934363574655066 -0.0036593051599140831 -3.1466454278155216 1.0000000180025095e-35 -0.0093048258668829691
decision_type=2 2 2 2 2 2 2 2 2 2 2 2 2 2
left_child=6 -2 4 -4 -3 -6 7 9 -9 11 -11 13 -13 -1
right_child=1 2 3 -5 5 -7 -8 8 -10 10 -12 12 -14 -15
leaf_value=0.02527284719982428 -0.01532968360071805 -0.013096939540942652 0.074032900653375949 -0.00012829492951376998 -0.0061192296557908941 0.033045651623718468 0.004400019491899128 -0.025378457460208909 0.031670181942539663 0.058285239197199669 0.0032780048843377915 0.042722135111180719 -0.012021037383119102 -0.031945666141240101
leaf_weight=60.903475280851126 300.05050415731966 92.000991137698293 10.364013036713004 12.734440118074417 41.646000823006034 44.631748689338565 1277.7234124550596 119.07687203213573 8.6854587569832784 17.831923890858889 102.3997367862612 9.5532371234148723 296.94634414464235 6.5914042498916379
leaf_count=727 4104 1280 160 170 604 634 16426 1768 100 209 1343 122 3999 80
internal_value=-0.000231998 -0.00682605 0.00590873 0.0403996 0.000459736 0.0148412 0.00152185 -0.00437859 -0.0204535 -5.98298e-05 0.0134377 -0.00451904 -0.00965639 0.0178671
internal_weight=2401.14 501.428 201.377 23.0985 178.279 86.2777 1899.71 621.988 127.762 494.226 120.232 373.994 306.5 67.4949
internal_count=31726 6952 2848 330 2518 1238 24774 8348 1868 6480 1552 4928 4121 807
is_linear=0
shrinkage=0.05


Tree=53
num_leaves=15
num_cat=0
split_feature=30 38 37 35 27 28 27 33 32 33 37 32 5 28
split_gain=11.368 8.70394 27.0754 11.9339 12.9926 22.7799 14.7489 9.02502 17.7014 14.9834 11.0017 9.71509 11.0891 10.6325
threshold=8.8500000000000014 -2.7692931296177146 -0.019801237993864736 -0.016985883263356479 15.500000000000002 3.5000000000000004 2.5000000000000004 0.010152545866831583 0.0080322580645161307 0.023811023622047248 -0.047661793222785014 0.026088929219600727 -0.15212272870822349 4.5000000000000009
decision_type=2 2 2 2 2 2 2 2 2 2 2 2 2 2
left_child=1 2 -1 4 6 -6 -4 8 -3 10 -9 13 -13 -11
right_child=-2 7 3 -5 5 -7 -8 9 -10 11 -12 12 -14 -15
leaf_value=-0.014437994169609662 0.0064906757383106188 -0.021301709491888348 0.0022567810593383179 -0.012292171841749329 -0.037128899900603973 0.046769946108937206 0.062813723628807772 0.019357654894710544 0.041208939174512106 -0.013990423423205556 -0.03866462898062252 -0.018414556487644219 -0.0016107379027013266 0.033717015244058783
leaf_weight=62.148378159850836 634.32927974313498 13.857193425297735 13.729315552860497 13.370594797655938 12.309018295258285 10.204486668109892 36.935806605964899 6.7437003944069138 26.325722381472588 13.72145079821348 40.528667092323303 100.86717557348311 1374.1216009920463 32.028975419700146
leaf_count=916 8019 218 148 165 150 109 380 104 351 197 568 1309 18688 363
internal_value=0.00078086 -0.00129325 0.0100819 0.0275158 0.0351101 0.0024878 0.0480806 -0.00237301 0.0196802 -0.00299892 -0.0293275 -0.00208706 -0.0028182 0.0194399
internal_weight=2391.22 1756.89 148.698 86.5492 73.1786 22.5135 50.6651 1608.19 40.1829 1568.01 47.2724 1520.74 1474.99 45.7504
internal_count=31685 23666 1868 952 787 259 528 21798 569 21229 672 20557 19997 560
is_linear=0
shrinkage=0.05


Tree=54
num_leaves=15
num_cat=0
split_feature=25 28 17 41 15 35 23 34 17 30 20 37 34 41
split_gain=9.8676 12.4235 13.5175 11.9608 10.0102 9.15257 9.09162 8.36822 11.6669 9.69599 7.41379 7.1499 15.0422 16.1162
threshold=2.2500000000000004 2.5000000000000004 -2.2240445128428639 -0.035252914316308136 2.0000373429758409 0.0079247965093993695 0.019281116080938413 -0.03182449684665669 -2.6779221181081736 7.5500000000000016 9.033188774266355 0.022824334973246877 0.034665358410494181 0.017079516985028968
decision_type=2 2 2 2 2 2 2 2 2 2 2 2 2 2
left_child=1 3 -3 -1 6 -4 -2 10 -9 -10 -5 12 13 -6
right_child=4 2 5 7 11 -7 -8 8 9 -11 -12 -13 -14 -15
leaf_value=0.026406112296401503 -0.0045844359819625299 -0.013450716947867404 0.021303473318702578 0.0087317204511731892 -0.00063193763841362617 0.0028951518451777463 -0.0231366472284769 0.046373454822001552 -0.014289103002938234 0.0076364351744911477 -0.036439085580223192 0.0096063700288601325 -0.019377045902153545 0.025963424565993144
leaf_weight=26.500877546146512 633.21561752445996 43.361554773524404 202.1662652362138 9.9415660146623832 734.77917095832527 102.78622706979513 69.434134986251593 6.8441134095191947 109.58511727489531 85.771132737398148 30.751357847824693 195.43573899753392 92.554165652021766 56.731650894507766
leaf_count=336 8230 504 2505 125 9731 1361 1033 71 1458 1093 412 2775 1324 791
internal_value=-5.73999e-05 0.00536296 0.0115334 -0.00267995 -0.00194589 0.0152456 -0.00656824 -0.00632199 -0.00190588 -0.00471236 -0.0256556 0.00107922 -0.000849253 0.0014253
internal_weight=2399.86 617.708 348.314 269.394 1782.15 304.952 702.65 242.893 202.2 195.356 40.6929 1079.5 884.065 791.511
internal_count=31749 7865 4370 3495 23884 3866 9263 3159 2622 2551 537 14621 11846 10522
is_linear=0
shrinkage=0.05


Tree=55
num_leaves=15
num_cat=0
split_feature=35 37 34 34 33 28 33 33 42 0 28 33 41 40
split_gain=10.8091 16.9503 16.7579 21.4122 30.3504 21.7167 19.696 18.3473 16.7512 11.7515 19.1106 25.3489 21.7502 19.7148
threshold=0.014745003319637353 0.021286021250330526 0.026264342377059106 0.036893188068108491 0.90821007302003387 1.5000000000000002 0.95109995217599241 0.65321793453504273 0.79932885906040274 -0.011071370423779979 1.0000000180025095e-35 0.023811023622047248 -0.0014339709978078428 1.0000000180025095e-35
decision_type=2 2 2 2 2 2 2 2 2 2 2 2 2 2
left_child=9 8 7 4 -4 -5 -7 -3 -2 10 11 -1 13 -13
right_child=1 2 3 5 -6 6 -8 -9 -10 -11 -12 12 -14 -15
leaf_value=-0.0320428350779281 -0.020741282653260584 0.034115091870511594 -0.0032749512317805938 -0.025149195291107131 0.077701215060363579 -0.023080807905196406 0.029091561267656947 -0.032552983893416453 0.0036656425095585293 0.0050554952168278553 -0.0071674562242227931 0.045793168771443793 -0.028054849788704952 -0.014510944119609541
leaf_weight=18.995139760896564 219.55702235549688 8.7973528616130334 20.363876041024923 43.955894514918327 20.66733905300498 20.182135621085763 65.37947248481214 42.630875445902348 100.39409234002233 1204.9620469044894 540.69808686710894 67.197813559323549 12.343653090298174 14.17394615523517
leaf_count=292 3100 128 250 646 291 266 995 604 1287 15399 7280 852 176 218
internal_value=0.000321552 -0.00585955 0.00469877 0.0122265 0.0415222 0.00174716 0.0161904 -0.0191363 -0.0131443 0.00213494 -0.00324841 0.015058 0.0257443 0.035057
internal_weight=2400.3 541.928 221.977 170.549 41.0312 129.518 85.5616 51.4282 319.951 1858.37 653.409 112.711 93.7154 81.3718
internal_count=31784 7567 3180 2448 541 1907 1261 732 4387 24217 8818 1538 1246 1070
is_linear=0
shrinkage=0.05


Tree=56
num_leaves=15
num_cat=0
split_feature=25 28 36 15 23 21 39 35 35 28 7 17 20 41
split_gain=10.0963 11.3161 9.94388 8.64132 8.28776 15.6332 9.60609 8.48467 13.2758 26.3321 9.78522 7.88909 7.7071 11.8064
threshold=2.2500000000000004 2.5000000000000004 0.030757561690817895 1.4855183575594173 0.018928477097900801 0.74791666666666679 0.0078202828573643215 0.032697557394459127 0.029478588012535115 3.5000000000000004 2.7758402925456713 -2.2240445128428639 7.307221113159704 -0.050925154213402039
decision_type=2 2 2 2 2 10 2 2 2 2 10 2 2 2
left_child=1 3 4 -1 6 -6 7 8 12 -10 -9 -3 -2 -14
right_child=2 11 -4 -5 5 -7 -8 10 9 -11 -12 -13 13 -15
leaf_value=-0.012890375087474884 0.0058024602331659602 -0.0072652595071930632 -0.030238625781113127 0.0053222814782837415 -0.017977526341929295 0.0082094618294528826 -0.023163302672545447 -0.030605752754852351 0.061557236683251762 -0.026442006944240079 0.01312085175736934 0.014859978739225652 0.01867282651261697 -0.003442517797533612
leaf_weight=100.05226924829185 550.41740006394684 43.315079918131232 24.218675024807453 166.6461445838213 164.01142912358046 82.383210642263293 36.490063073113561 36.484684318304062 19.370621506124738 9.5473860297352058 15.128000887110828 301.9521710742265 60.361074117943645 787.41517519485205
leaf_count=1238 7070 506 447 2231 2360 1256 516 500 269 117 209 3803 751 10469
internal_value=0.000594875 0.00611001 -0.00130683 -0.0016217 -0.000824615 -0.00923265 0.000568516 0.00123022 0.00197672 0.0328889 -0.0177623 0.0120202 0.00122247 -0.00176767
internal_weight=2397.79 611.966 1785.83 266.698 1761.61 246.395 1515.21 1478.72 1427.11 28.918 51.6127 345.267 1398.19 847.776
internal_count=31742 7778 23964 3469 23517 3616 19901 19385 18676 386 709 4309 18290 11220
is_linear=0
shrinkage=0.05


Tree=57
num_leaves=15
num_cat=0
split_feature=26 41 33 33 0 14 5 18 37 33 41 33 35 35
split_gain=8.41413 12.5334 8.22571 14.6687 12.8898 11.2349 12.6415 13.8265 20.117 15.2871 12.8013 12.2649 10.4019 9.56687
threshold=2.5000000000000004 -0.048389145313454777 0.099091727354553655 0.10726270373921382 -0.0049554013875124361 0.92839486168694108 -0.040734993786554589 0.11130510993407779 0.0148739153392512 0.53139076576576583 -0.012269335206818109 0.97156334231805941 -0.01464100260651857 -0.011287153566817918
decision_type=2 2 2 2 2 2 2 2 2 2 2 2 2 2
left_child=2 -2 4 12 -1 11 7 10 9 -9 -7 -5 -4 -12
right_child=1 -3 3 5 -6 6 -8 8 -10 -11 13 -13 -14 -15
leaf_value=-0.010527592476217609 0.036654978117732169 0.004437603452116883 0.050607506958535158 -0.0024366449798504052 0.0092318872104538915 -0.0099985528634735938 0.00038017124076393126 0.0081575229122627015 0.031218574191918674 -0.029398636020203109 0.062588885303427905 -0.02807072507092212 -0.014016835188986464 0.021694107988134346
leaf_weight=387.99550815299153 28.948260348290205 293.31918594427407 19.169360313564543 680.26125378813595 100.31332006119192 15.18411014229059 593.23469102568924 60.190435297787189 42.415715228766203 41.995764136314392 22.192490769550204 45.22685769572854 5.9260362908244124 50.368206834420562
leaf_count=5401 359 4172 222 8762 1308 226 7762 697 506 499 292 647 89 690
internal_value=0.000398313 0.00784739 -0.000780649 0.000979988 -0.00641597 0.000308161 0.00428515 0.0140374 0.00421406 -0.00792844 0.0291262 -0.00421587 0.0355537 0.0374302
internal_weight=2386.74 322.267 2064.47 1576.16 488.309 1551.07 825.581 232.347 144.602 102.186 87.7448 725.488 25.0954 72.5607
internal_count=31632 4531 27101 20392 6709 20081 10672 2910 1702 1196 1208 9409 311 982
is_linear=0
shrinkage=0.05


Tree=58
num_leaves=15
num_cat=0
split_feature=28 41 37 22 4 41 28 38 27 39 38 27 39 35
split_gain=10.1384 24.0092 23.6941 19.93 28.5428 23.7596 23.7979 22.5073 19.7772 23.4721 23.4474 26.0022 28.4412 17.3182
threshold=2.5000000000000004 0.020903841804748417 -0.020705618902673913 1.0000000180025095e-35 -0.0058029296343785055 -0.012269335206818109 3.5000000000000004 1.1452108692371137 19.500000000000004 0.003896651996107405 -2.5241796749031176 16.500000000000004 0.0026643130724381967 -0.042773741608064818
decision_type=2 2 2 2 2 2 2 2 2 2 2 2 2 2
left_child=1 2 -1 -2 -5 -6 7 -7 10 -10 11 12 -4 -12
right_child=3 -3 8 4 5 6 -8 -9 9 -11 13 -13 -14 -15
leaf_value=-0.019329194630770093 0.012923223826222128 -0.02476920055378894 -0.014846738427891673 -0.013515274683289946 -0.014365074669990771 0.0074836002515086602 0.0038987210250920391 0.05065702864596866 0.053188970510881672 0.0034571718922129808 0.045099541850438678 -0.038632772062049188 0.055252829954403539 -0.0049032759769892399
leaf_weight=138.87206690013409 375.01899943780154 111.21132042817771 17.483900124207139 292.21465402282774 124.03554542735219 64.318843217566609 436.34696147032082 55.533670771867037 35.006929956376553 60.165493780747056 12.845572438091038 9.4598884806036931 47.573266102001071 608.04481879621744
leaf_count=2117 4856 1565 191 3721 1651 852 5698 839 474 809 106 126 508 8169
internal_value=0.000355823 -0.00334228 -0.000659673 0.0032137 -0.000577671 0.00503812 0.00945457 0.0287156 0.00272066 0.0234917 -0.000269439 0.0253076 0.0366987 -0.00351675
internal_weight=2388.13 1040.66 929.452 1347.47 972.45 680.235 556.199 119.853 790.58 95.1724 695.407 74.5171 65.0572 620.89
internal_count=31682 14065 12500 17617 12761 9040 7389 1691 10383 1283 9100 825 699 8275
is_linear=0
shrinkage=0.05


Tree=59
num_leaves=15
num_cat=0
split_feature=28 39 22 28 33 39 33 36 38 33 39 42 38 39
split_gain=10.4208 19.0454 19.5608 24.9967 34.8924 32.2084 24.7486 21.3115 31.4946 23.0153 21.0487 20.0117 19.2015 19.4993
threshold=2.5000000000000004 0.0077036550450189289 1.0000000180025095e-35 4.5000000000000009 0.93090185676392589 0.0022590704591998021 0.48858329008822005 -0.016542620546745487 -1.8883700445283365 0.12100874516981901 0.0027162130978013988 0.80321414741190156 1.7904613357414594 0.0048624557227649242
decision_type=2 2 2 2 2 2 2 2 2 2 2 2 2 2
left_child=-1 2 6 4 5 -4 7 -2 10 -10 -9 -5 13 -7
right_child=1 -3 3 11 -6 12 -8 8 9 -11 -12 -13 -14 -15
leaf_value=-0.00359697166814631 0.044825875855277746 -0.02858692583119737 0.059194119569091902 -0.017382796437020325 0.035778073180110566 0.01217061622312695 -0.021258761861944642 0.017039738425114904 0.011225642474918649 0.052502699555225109 -0.023480307759748131 0.0024845815412734705 -0.022592260860699286 -0.018549471466448451
leaf_weight=1038.6748265102506 58.129033213481307 41.071887440979481 17.876302372664213 245.03067515417933 90.007274784147739 201.10650081001222 40.126256871968508 50.841294242069125 91.266225887462497 52.304625421762466 70.922217519953847 254.84912279993296 81.014214476570487 64.121826883405447
leaf_count=14084 691 539 255 3479 1303 2445 465 641 1294 592 984 3146 1025 840
internal_value=0.000163683 0.00304128 0.00413153 0.000350069 0.00879134 0.00172616 0.0139142 0.0185347 0.0120523 0.0275242 -0.00655674 -0.0073297 -0.00204128 0.0045379
internal_weight=2397.34 1358.67 1317.6 954.006 454.126 364.119 363.59 323.463 265.334 143.571 121.764 499.88 346.243 265.228
internal_count=31783 17699 17160 12493 5868 4565 4667 4202 3511 1886 1625 6625 4310 3285
is_linear=0
shrinkage=0.05


Tree=60
num_leaves=15
num_cat=0
split_feature=23 42 39 39 38 39 32 35 38 36 39 41 38 32
split_gain=8.10387 16.348 14.8798 16.6776 15.1623 9.81477 8.80784 7.88938 26.504 12.3235 9.89158 30.6154 18.2716 19.676
threshold=0.014350539740293546 0.818816263009435 0.0042975452724997414 0.0046090420763447376 2.7847162849617901 0.0078202828573643215 0.27519857151653232 -0.04935260507573843 -2.2289507973497176 -0.024219472069351985 0.0062218678944719876 -0.013606487765982776 2.4070845715490417 0.04029551851050011
decision_type=2 2 2 2 2 2 2 2 2 2 2 2 2 2
left_child=5 2 -2 6 -5 7 -4 8 -1 -9 -11 -12 13 -13
right_child=1 -3 3 4 -6 -7 -8 9 -10 10 11 12 -14 -15
leaf_value=0.045148034744407484 -0.024117050671546542 0.0033876416170027209 -0.014274487152795185 -0.020219748858697463 0.037495507122538269 -0.018332561510291032 0.05033242359111384 -0.026806933073660933 -0.03625007573790795 0.001235265116104922 -0.02558494861023421 0.081059148436930809 0.074057240042562353 0.0052596927905471623
leaf_weight=29.420590743422508 151.73452917300165 243.93331417068839 4.5639020707458284 60.497374340891838 9.0100138727575523 55.618000346235931 16.062639117240906 32.413900760933757 9.8182629905641061 1672.3046793444082 27.376141365617514 5.2564790397882453 15.396065128967164 57.028316516429186
leaf_count=322 2297 3241 64 921 138 810 253 496 114 21668 385 46 227 725
internal_value=9.24119e-07 -0.00572959 -0.014807 0.00130959 -0.0107241 0.00147374 0.0360413 0.00211735 0.0229857 0.0016028 0.00219466 0.0167165 0.03227 0.0172049
internal_weight=2390.43 485.802 241.868 90.1339 69.5074 1904.63 20.6265 1849.01 39.2389 1809.78 1777.36 105.057 77.6809 62.2848
internal_count=31707 6914 3673 1376 1059 24793 317 23983 436 23547 23051 1383 998 771
is_linear=0
shrinkage=0.05


Tree=61
num_leaves=15
num_cat=0
split_feature=35 30 18 14 5 41 36 14 23 41 5 33 28 40
split_gain=7.89996 7.48401 8.70199 8.33706 14.2186 17.8623 12.5792 9.49775 8.72906 8.26655 19.2285 14.3621 13.9745 12.3529
threshold=0.038916304646571871 8.8500000000000014 0.23383455081860463 0.89027881096409867 0.045031102205886027 -0.028524154599199599 -0.010266781607440044 0.72477891470006217 -0.0093369389451735656 -0.0025720853268943462 0.030832494521224722 0.88533501896333766 3.5000000000000004 1.0000000180025095e-35
decision_type=2 2 2 2 2 2 2 2 2 2 2 2 2 2
left_child=1 2 3 4 5 6 -1 -6 -8 11 12 -5 13 -11
right_child=-2 -3 -4 9 7 -7 8 -9 -10 10 -12 -13 -14 -15
leaf_value=-0.012502491974896555 -0.019093619732027198 0.0053359248428281048 -0.016610828955552603 0.0003652669815213213 0.023062557486697024 -0.012609967818497088 0.038340110084881696 -0.0021872645397536736 -0.0024628603776234667 0.0055274849286593083 -0.0025728004081829541 -0.036466302017750529 -0.0024093927661034253 0.034739101878602206
leaf_weight=30.414859997108579 46.52197100687772 630.34846884012222 80.009772984310985 502.93587119691074 62.100985188037157 426.50604600831866 36.15899658203125 81.944135436788201 18.388721417635679 56.377825984731317 230.8427367080003 22.932755785062909 61.724751070141792 108.23523033596575
leaf_count=425 714 7866 939 6751 798 5883 479 1103 221 732 3199 312 804 1545
internal_value=0.000275126 0.00069848 -0.00101302 -0.00020317 -0.0045514 -0.00844894 0.011979 0.00910698 0.0255331 0.00270466 0.00758451 -0.00156926 0.0177757 0.0251924
internal_weight=2395.44 2348.92 1718.57 1638.56 655.514 511.469 84.9626 144.045 54.5477 983.049 457.181 525.869 226.338 164.613
internal_count=31771 31057 23191 22252 8909 7008 1125 1901 700 13343 6280 7063 3081 2277
is_linear=0
shrinkage=0.05


Tree=62
num_leaves=15
num_cat=0
split_feature=14 33 39 39 19 5 33 36 28 36 36 21 39 33
split_gain=8.08778 14.9505 10.8585 9.62139 14 8.76163 14.5381 18.0766 15.8638 15.7615 17.3707 12.6262 11.0346 16.7712
threshold=0.92000294953400508 0.97156334231805941 0.0019343689322780307 0.001356391560087678 0.0070922001573914721 0.086155577898021987 0.95017730496453912 0.0078113710172069703 1.5000000000000002 0.023289357849408224 0.022316850509511713 0.83819444444444458 0.0052767383809636239 0.06343617259110218
decision_type=2 2 2 2 2 2 2 2 2 2 2 10 2 2
left_child=1 2 3 -1 -5 6 9 11 -9 10 12 -8 13 -2
right_child=5 -3 -4 4 -6 -7 7 8 -10 -11 -12 -13 -14 -15
leaf_value=-0.0057204377279932075 -0.0072580620319412205 -0.027637712027045361 -0.0037552325454774898 0.049164529114667475 0.0079789806671052271 -0.0045974981949770321 -0.022646787863918442 -0.0031196633538090215 0.05314939652407992 -0.026061985814649004 0.064210441238689228 0.032664869349553538 -0.0074124378623625885 0.010731427797964838
leaf_weight=61.290708029642701 165.53999685589224 52.529381481930614 849.19573745876551 23.228460101410747 86.861110255122185 291.2845263145864 25.726204238831997 16.121554289013147 43.917129781097174 39.002853533253074 7.079582303762435 10.600996760651467 172.78382064588368 545.63441445864737
leaf_count=696 2373 784 11247 297 1178 3853 337 232 668 606 64 177 2382 6867
internal_value=0.000380599 -0.00283469 -0.00142956 0.00987404 0.0184274 0.0029999 0.0051678 0.0231614 0.0389618 0.00318951 0.00460821 -0.0045066 0.00377238 0.00652258
internal_weight=2390.8 1073.11 1020.58 171.38 110.09 1317.69 1026.41 96.3659 60.0387 930.041 891.038 36.3272 883.958 711.174
internal_count=31761 14202 13418 2171 1475 17559 13706 1414 900 12292 11686 514 11622 9240
is_linear=0
shrinkage=0.05


Tree=63
num_leaves=15
num_cat=0
split_feature=35 14 0 23 33 33 41 28 36 35 28 37 33 22
split_gain=8.62436 11.2492 10.8209 16.101 13.1304 22.3528 17.243 22.2102 14.3874 30.7513 13.8176 20.9577 14.9283 15.5552
threshold=0.014745003319637353 0.86278865145463479 -0.0054249547920433563 -0.0021819967237754474 0.12100874516981901 0.48858329008822005 -0.021059268980753078 3.5000000000000004 -0.017464181104227535 -0.022994371587846171 1.0000000180025095e-35 -0.011000630433429413 0.0091326105087572995 1.0000000180025095e-35
decision_type=2 2 2 2 2 2 2 2 2 2 2 2 2 2
left_child=2 -2 3 4 6 -6 7 10 -9 -10 11 -1 13 -12
right_child=1 -3 -4 -5 5 -7 -8 8 9 -11 12 -13 -14 -15
leaf_value=-0.013058064562296929 -0.01608021752513087 -0.00058447099066561434 0.0054379041594016424 -0.011343718488743701 0.022637069128353875 -0.012312622931012823 -0.018660129652185369 0.049806058280100596 -0.017397696429609883 0.036398575624466883 -0.022532811394346243 0.042812773581980677 -0.027154110074057082 0.057744053108015087
leaf_weight=37.027026902884245 167.38361632265151 366.58901251666248 927.82068004831672 311.67214053124189 150.04292866960168 61.158181933686137 115.5778271779418 25.31044939532876 49.178210796788335 47.703900046646595 7.7808353230357152 23.376016492024064 85.9610307328403 7.4989079684019089
leaf_count=540 2374 5092 11658 4445 1816 750 1694 258 684 609 109 278 1238 86
internal_value=2.15993e-05 -0.00554601 0.00163912 -0.00219116 0.0025347 0.0124659 -0.00280587 0.00386123 0.0195406 0.00957745 -0.00822204 0.010184 -0.0191661 0.0213883
internal_weight=2384.08 533.973 1850.11 922.287 610.615 211.201 399.414 283.836 122.193 96.8821 161.644 60.403 101.241 15.2797
internal_count=31631 7466 24165 12507 8062 2566 5496 3802 1551 1293 2251 818 1433 195
is_linear=0
shrinkage=0.05


Tree=64
num_leaves=15
num_cat=0
split_feature=34 28 34 38 38 39 39 28 34 35 28 38 41 14
split_gain=8.08108 19.6031 18.7502 32.0119 23.9143 22.581 24.4162 18.7764 15.4687 15.1786 14.5135 16.5607 13.3539 12.2676
threshold=0.03754243166571803 1.5000000000000002 0.02572440558005307 2.7240510493499221 3.068142964877667 0.0038769376230280489 0.0032701610562627824 1.0000000180025095e-35 0.023589336129402842 0.038916304646571871 3.5000000000000004 2.6617217319202666 0.01683975561569612 1.1191635449119262
decision_type=2 2 2 2 2 2 2 2 2 2 2 2 2 2
left_child=2 -2 4 5 8 6 13 -5 12 -9 11 -3 -1 -4
right_child=1 10 3 7 -6 -7 -8 9 -10 -11 -12 -13 -14 -15
leaf_value=0.00071400641068345609 -0.025321433707089721 0.0045342845100776134 -0.0064060650663445911 -0.014786109097670997 -0.032284731870015369 -0.012677064516639667 0.061812975543305074 0.086028148238189273 -0.025181791371372261 -0.0038199405694143221 -0.010075871677577685 0.053273993746739023 0.023503285549162149 0.032683959910321546
leaf_weight=1649.037939212285 96.355602141469717 94.112097168341279 55.628929493948817 5.9410748016089192 51.483480544760823 83.58094191737473 22.889068672433496 22.805831896141175 50.648824127390981 5.160127379000186 134.50227075442672 16.720894185826182 61.907423622906208 25.345301076769829
leaf_count=21550 1449 1340 790 102 717 1079 283 298 680 54 1888 238 817 352
internal_value=0.000234764 -0.00682312 0.00143399 0.0150027 -0.000259259 0.00625829 0.0213784 0.0563265 0.000765428 0.0713849 0.00080274 0.0138696 0.00160468 0.00701852
internal_weight=2376.12 341.691 2034.43 221.351 1813.08 187.444 103.863 33.907 1761.59 27.966 245.335 110.833 1710.95 80.9742
internal_count=31637 4915 26722 2958 23764 2504 1425 454 23047 352 3466 1578 22367 1142
is_linear=0
shrinkage=0.05


Tree=65
num_leaves=15
num_cat=0
split_feature=28 41 22 41 28 41 32 39 41 39 5 33 36 27
split_gain=8.12443 22.8328 19.4649 21.3787 23.7589 17.1651 23.9993 17.565 16.7441 15.4931 16.275 15.001 14.9153 14.866
threshold=2.5000000000000004 0.021602899829638648 1.0000000180025095e-35 0.017079516985028968 4.5000000000000009 0.032522342791751375 0.87241182350421254 0.0021065536789756432 0.060412646879645544 0.0096453288455628974 -0.1302618394684105 0.47889957264957272 -0.0082062843311077587 14.500000000000002
decision_type=2 2 2 2 2 2 2 2 2 2 2 2 2 2
left_child=1 9 11 -4 5 6 -5 -7 -9 10 12 -2 -1 -6
right_child=2 -3 3 4 13 7 -8 8 -10 -11 -12 -13 -14 -15
leaf_value=-0.03403676500993727 0.015058056453858335 -0.025488952525146016 -0.0061633785021959079 0.0018891071669181623 0.0081842289258996972 0.067537545090911408 0.063026972366220402 -0.015360229057947334 0.039947849231828349 0.050686380073320714 0.00079615606136884676 -0.015936181973338296 -0.001589535525912874 -0.025893316400798075
leaf_weight=64.961979806423187 339.73620532825589 103.31747339852154 708.40491741523147 25.035428944975138 77.102286515757442 5.2418570537120095 41.366534668952227 53.710991287603974 12.861268073320387 9.1609263494610769 787.59655693080276 39.910872390493751 72.772700473666191 47.766800582408905
leaf_count=966 4423 1458 9101 294 1052 91 599 728 198 120 10603 470 956 684
internal_value=-0.000438817 -0.0037562 0.00211372 -0.00164759 0.0104002 0.0243164 0.0417227 0.00655368 -0.00263084 -0.00123056 -0.0020142 0.0116349 -0.0175494 -0.00534664
internal_weight=2388.95 1037.81 1351.14 971.49 263.085 138.216 66.402 71.8141 66.5723 934.492 925.331 379.647 137.735 124.869
internal_count=31743 14103 17640 12747 3646 1910 893 1017 926 12645 12525 4893 1922 1736
is_linear=0
shrinkage=0.05


Tree=66
num_leaves=15
num_cat=0
split_feature=14 37 37 41 34 35 23 41 28 42 28 35 37 0
split_gain=7.78199 15.0829 15.0529 16.8058 17.023 15.5133 13.1654 14.7151 12.3376 9.50716 9.11644 9.01542 8.81181 8.56736
threshold=0.87219733052513748 0.002121048636178791 -0.0095829661711613872 -0.027761608051939082 -0.015624999999999943 -0.024001063742417835 -0.0043690425957152992 0.0018018461994551151 1.0000000180025095e-35 0.95159022430532325 1.5000000000000002 -0.014451469531499559 0.030564292320640511 -0.0044318459798807211
decision_type=2 2 2 2 2 2 2 2 2 2 2 2 2 2
left_child=1 2 6 -4 8 -6 7 13 -5 12 -7 -10 -3 -1
right_child=-2 9 3 4 5 10 -8 -9 11 -11 -12 -13 -14 -15
leaf_value=-0.010137590641496988 0.0033161840565663135 -0.015337527058097137 0.036367039648714537 0.029179750712999358 0.070984607099471311 -0.017057346560552362 -0.022667380941344014 0.038384550443668307 -0.041523872555867612 0.0084535276834347608 0.015534879948634629 -0.0021536440948510911 0.0078610794809891894 0.017057729780355385
leaf_weight=112.75347100570798 1465.6984866680577 318.31096125394106 50.082758838310838 8.6859137713909131 6.4498708564788094 22.15643441490829 71.740484572947025 19.305216524749994 28.724598107859489 60.129932221025229 107.28039777465165 26.575115894898776 43.744167326949537 33.549963366240263
leaf_count=1551 19546 4417 574 120 94 290 978 249 417 705 1344 322 593 445
internal_value=0.00106602 -0.00255856 0.00342321 0.0118765 0.00500206 0.0148617 -0.00554045 0.00232569 -0.0154964 -0.00942222 0.00952898 -0.0243513 -0.0124657 -0.00354362
internal_weight=2375.19 909.489 487.304 249.955 199.872 135.887 237.349 165.609 63.9856 422.185 129.437 55.2997 362.055 146.303
internal_count=31645 12099 6384 3161 2587 1728 3223 2245 859 5715 1634 739 5010 1996
is_linear=0
shrinkage=0.05


Tree=67
num_leaves=15
num_cat=0
split_feature=23 42 33 32 35 34 34 38 38 32 41 2 28 37
split_gain=8.12523 10.3768 11.7799 12.5609 9.59154 12.5579 23.7355 30.5002 23.2576 10.5619 10.8053 8.50279 8.46433 9.22581
threshold=0.012093109837192475 0.82916406087137806 0.9826073805202663 0.99193495934959353 0.032697557394459127 0.02572440558005307 0.036893188068108491 2.60223967079739 2.4221463455276075 0.81229026845637597 -0.0050311300027698338 0.038563634752776139 1.5000000000000002 0.038857049345527812
decision_type=2 2 2 2 2 2 2 2 2 2 2 2 2 2
left_child=4 2 -2 11 5 8 7 9 -1 -7 -11 -4 -8 -14
right_child=1 -3 3 -5 -6 6 12 -9 -10 10 -12 -13 13 -15
leaf_value=0.0018187950784827448 -0.015797691001190391 0.0014997171671590807 -0.0040637158602366292 -0.021085956486658404 -0.016714786932115158 -0.014682692740962367 -0.019245774502482809 0.071519116869322871 -0.022444700506660909 -0.023458587806462275 0.028478020706898657 0.053181798135206508 -0.0030623799291188102 0.030810992467057353
leaf_weight=1401.0097912829369 258.07841470837593 262.81920763850212 8.9932863265275973 12.729744952172039 67.15429229196161 22.476939668878913 44.040502877905965 25.353183636441827 101.22578493319452 7.7996448054909697 66.119455885142088 13.389961715787647 71.920542817562819 22.501676904037595
leaf_count=18039 3890 3504 137 203 1005 272 661 316 1351 77 864 222 911 283
internal_value=-0.000451616 -0.00571661 -0.0121021 0.0136439 0.00115962 0.00188605 0.0119167 0.0275542 0.000114805 0.0130345 0.0218588 0.0336391 -0.00231439 0.00615349
internal_weight=2385.61 556.011 293.191 35.113 1829.6 1762.45 260.212 121.749 1502.24 96.396 73.9191 22.3832 138.463 94.4222
internal_count=31735 7956 4452 562 23779 22774 3384 1529 19390 1213 941 359 1855 1194
is_linear=0
shrinkage=0.05


Tree=68
num_leaves=15
num_cat=0
split_feature=27 32 37 2 8 32 32 37 38 30 5 6 7 39
split_gain=9.77156 12.9939 10.6428 7.56169 6.65164 8.99823 12.7814 12.3022 8.8074 10.4768 8.69945 9.60285 10.1303 8.20512
threshold=1.0000000180025095e-35 0.10246315364425602 -0.020705618902673913 -0.0029116369681673744 0.32305268946330651 0.026088929219600727 0.024490203918432631 -0.0078257317422280575 -1.837726177666257 7.2500000000000009 0.086155577898021987 2.3356236717273147 2.2312169634999197 0.0050366116930271945
decision_type=2 2 2 2 2 2 2 2 2 2 2 2 10 2
left_child=1 2 -1 -3 5 6 7 -2 13 -10 11 -6 -13 -7
right_child=4 3 -4 -5 10 8 -8 -9 9 -11 -12 12 -14 -15
leaf_value=-0.0063424739890321803 -0.011797809737783389 -0.027776324647623613 0.055943340457788031 0.012191950373335016 0.01080302021914234 -0.010112031232713786 0.054117447068924511 0.037947104983913203 -0.010804592636710998 0.0028254742835254307 -0.0059111584067208936 -0.0069124962893559461 0.0044308889564370034 -0.038996358629221614
leaf_weight=8.0076471455395239 41.561012074351311 12.220532614737747 21.275487422943115 32.835277438163757 312.37736715469509 138.52350025437772 9.9125423841178399 11.963401667773722 235.20845922082663 337.55174486897886 317.03605875559151 290.54936720244586 584.35548201389611 26.812858967110515
leaf_count=125 546 155 236 413 4382 1872 106 131 3315 4350 4185 3954 7544 386
internal_value=1.9224e-05 0.0172727 0.04047 -0.000340366 -0.000573186 -0.00423784 0.0131716 0.0016129 -0.00581268 -0.00281688 0.00138699 0.00335241 0.000645962 -0.0158034
internal_weight=2380.19 74.3389 29.2831 45.0558 2305.85 801.534 63.437 53.5244 738.097 572.76 1504.32 1187.28 874.905 165.336
internal_count=31700 929 361 568 30771 10706 783 677 9923 7665 20065 15880 11498 2258
is_linear=0
shrinkage=0.05


Tree=69
num_leaves=15
num_cat=0
split_feature=39 39 18 2 8 32 32 37 36 35 28 38 37 38
split_gain=8.51414 11.8714 11.249 9.00337 7.99266 10.4094 13.2502 12.0997 8.78709 9.7906 21.4656 9.09886 11.983 9.02877
threshold=0.0016558931583486218 0.001356391560087678 0.11352229687531477 -0.026475287288930557 0.42697351917282061 0.026088929219600727 0.024490203918432631 -0.0078257317422280575 -0.014202789231759603 -0.027882131225878123 3.5000000000000004 -2.5731736252747983 -0.0089402764646467885 -1.9363430035785221
decision_type=2 2 2 2 2 2 2 2 2 2 2 2 2 2
left_child=1 -1 3 -3 5 6 7 -2 -7 10 -10 12 -11 -13
right_child=4 2 -4 -5 -6 8 -8 -9 9 11 -12 13 -14 -15
leaf_value=-0.0023836317262464083 -0.009579730762709843 -0.0089796672607740831 0.0049090374020699865 0.05113081249955307 0.0019897002735065595 -0.021502037063744175 0.054024568317449506 0.036918375627992737 0.04568926715424057 -0.012254102275414007 -0.024908693867587602 -0.025075160756324918 0.047299414305193049 -0.0047568545399172667
leaf_weight=78.68932799436152 48.901617435738444 5.8366094194352618 40.755955122411251 32.965853763744235 1366.131190826185 75.986306163482368 10.900878965854643 13.923814140260218 22.846982976421714 12.582614367827775 13.49088993668556 55.896615028381348 13.38994189724326 586.8868450652808
leaf_count=934 648 69 565 443 18213 1074 113 158 270 159 217 801 164 7910
internal_value=0.00042812 0.0114492 0.0244628 0.0420962 -0.000381112 -0.00415962 0.013227 0.00268739 -0.00587444 -0.00405075 0.0196363 -0.005474 0.0211276 -0.00670365
internal_weight=2379.19 158.248 79.5584 38.8025 2220.94 854.807 73.7263 62.8254 781.08 705.094 36.3379 668.756 25.9726 642.783
internal_count=31738 2011 1077 512 29727 11514 919 806 10595 9521 487 9034 323 8711
is_linear=0
shrinkage=0.05


Tree=70
num_leaves=15
num_cat=0
split_feature=28 41 38 36 35 28 34 35 35 38 8 34 35 41
split_gain=9.21592 15.9956 12.6208 17.1916 28.344 12.11 15.6438 26.8293 22.0558 13.5275 18.4301 13.3606 14.1289 21.3957
threshold=2.5000000000000004 0.0212578179794537 -3.5410475873644534 -0.0054817099004729189 -0.028853091353091217 5.5000000000000009 -0.069653726723941004 -0.020019542898475236 -0.016985883263356479 -2.3860783407474124 -0.046434030454045434 -0.090373236596787546 0.0079247965093993695 0.0098020589528473607
decision_type=2 2 2 2 2 2 2 2 2 2 2 2 2 2
left_child=1 2 -1 -4 -5 11 -7 9 -9 10 -8 -2 -13 -14
right_child=5 -3 3 4 -6 6 7 8 -10 -11 -12 12 13 -15
leaf_value=0.035139215831024549 -0.036323929113462154 -0.021562579245292198 -0.011791167719348468 0.061293430190081946 0.00067014252308292049 0.035265511038568668 0.035277824757660947 0.041324618803491836 -0.0030046488692655848 -0.042964677336801795 -0.026969459444104234 0.011724677916859508 -0.01656769833153484 0.009504183432883468
leaf_weight=18.13302525319159 13.251222956925629 104.55196692608297 306.41833174973726 14.946562780067323 581.43737548217177 19.409324003383517 13.430858351290224 25.756417328491807 315.27942612022161 57.069600559771061 28.798964703455567 562.34581570886075 130.86422085762024 182.08520422317088
leaf_count=212 177 1534 4332 136 7838 291 181 331 4198 812 390 7117 1683 2498
internal_value=6.37809e-05 -0.00349907 -0.00134299 -0.00226525 0.00268645 0.00277654 -0.00378415 -0.00588202 0.000892017 -0.0280744 -0.00553335 0.00617329 0.00701933 -0.00148723
internal_weight=2373.78 1025.49 920.935 902.802 596.384 1348.29 459.745 440.335 341.036 99.2994 42.2298 888.546 875.295 312.949
internal_count=31730 14052 12518 12306 7974 17678 6203 5912 4529 1383 571 11475 11298 4181
is_linear=0
shrinkage=0.05


Tree=71
num_leaves=15
num_cat=0
split_feature=36 18 39 32 28 5 28 35 31 41 35 28 41 39
split_gain=8.09149 8.24958 9.66033 16.2981 30.1722 20.8823 13.6734 9.65276 9.63031 9.24728 12.7964 9.21869 15.3625 16.2477
threshold=0.030757561690817895 0.13210193691225691 0.0034452615849274062 0.028647613838370032 4.5000000000000009 -0.028708133971291846 5.5000000000000009 -0.026944785340978879 0.59092179397238642 -0.052843884075925378 -0.020542863206408021 2.5000000000000004 0.01469941466937741 0.0053227879217908648
decision_type=2 2 2 2 2 2 2 2 2 2 2 2 2 2
left_child=1 8 9 4 5 7 11 -4 -1 -3 -11 -5 -13 -14
right_child=-2 2 3 6 -6 -7 -8 -9 -10 10 -12 12 13 -15
leaf_value=0.0058290920879446231 -0.02384943616061452 0.022695816214083439 -0.039704877226557161 -0.0071184770540954918 0.051273324266333013 0.044701018465736937 -0.028344377513320779 0.011125561706175969 -0.0031654041154425385 -0.029748257427352171 -0.0062021189122137572 -0.0017394417059373121 0.03976164958151885 -0.0078633067148603953
leaf_weight=936.76512667071074 29.649190176278353 17.244217146188021 24.719099657610055 219.62514928076416 37.495044101029634 9.8898786976933462 41.122370028868318 10.965593716129662 431.25929943472147 67.29286396689713 308.10285346210003 165.95816092006862 50.905250361189246 24.225462168455124
leaf_count=12526 553 213 417 2819 418 123 581 159 5926 903 3955 2103 704 333
internal_value=0.000137043 0.00049033 -0.00300866 0.0010705 0.0209163 -0.00665896 -0.00238853 -0.0246374 0.00299244 -0.00902233 -0.0107585 0.000207671 0.00689062 0.0248728
internal_weight=2375.22 2345.57 977.546 584.906 83.0696 45.5746 501.836 35.6847 1368.02 392.64 375.396 460.714 241.089 75.1307
internal_count=31733 31180 12728 7657 1117 699 6540 576 18452 5071 4858 5959 3140 1037
is_linear=0
shrinkage=0.05


Tree=72
num_leaves=15
num_cat=0
split_feature=35 37 41 37 38 27 16 32 15 35 38 18 35 28
split_gain=6.52354 10.3681 8.95587 6.89495 18.7551 17.2599 16.0019 16.2848 15.7296 13.9115 16.0775 13.517 12.2819 23.0524
threshold=0.032697557394459127 0.042676343919122568 0.010665510805752511 -0.021293744514056853 -2.5731736252747983 15.500000000000002 0.71447863614286311 0.028647613838370032 2.8669100209422997 -0.016985883263356479 -3.0907367181214829 0.11035211799630258 -0.019694751969538623 5.5000000000000009
decision_type=2 2 2 2 2 2 8 2 2 2 2 2 2 2
left_child=3 -2 -3 6 5 9 7 -1 -9 10 -5 -7 13 -6
right_child=1 2 -4 4 12 11 -8 8 -10 -11 -12 -13 -14 -15
leaf_value=0.026717889730948477 -0.020973522592886439 -0.019888860978310042 0.046280574452811973 0.012066433763510914 -0.00088171835728537401 0.020964468396477413 -0.018195456649324693 -0.014688113865891281 0.029968514238025615 -0.006672256890594171 0.054801050790175478 -0.02801747790089807 0.0018172676795346504 -0.034404987615627457
leaf_weight=49.956760345026851 69.483286364935338 4.8562946841120702 7.7515719663351774 43.766373408958316 191.78515139780939 20.310349348932505 144.81461896561086 95.841704902239144 19.653674487024546 21.910133684054017 48.017130484804511 27.247890824452043 1570.5885795075446 65.136712204664946
leaf_count=719 1045 93 118 515 2494 249 2209 1507 267 275 498 319 20518 937
internal_value=2.09892e-05 -0.0134119 0.0223832 0.0005287 0.00161408 0.0176924 -0.0063437 0.00425919 -0.00616074 0.027923 0.0360994 -0.00709473 0.000150997 -0.00987532
internal_weight=2381.12 82.0912 12.6079 2299.03 1988.76 161.252 310.267 165.452 115.495 113.694 91.7835 47.5582 1827.51 256.922
internal_count=31763 1256 211 30507 25805 1856 4702 2493 1774 1288 1013 568 23949 3431
is_linear=0
shrinkage=0.05


Tree=73
num_leaves=15
num_cat=0
split_feature=9 32 36 41 33 41 35 41 34 32 39 35 38 37
split_gain=9.71389 11.0097 8.90028 9.63292 9.39618 18.9984 15.6928 14.6438 22.5965 14.5705 27.7113 22.9305 18.5903 15.6597
threshold=1.0000000180025095e-35 0.026088929219600727 0.030757561690817895 0.010665510805752511 0.06343617259110218 -0.035252914316308136 -0.026636390103255688 -0.021059268980753078 -0.031318194172462614 0.1006952827000145 0.002648456274835188 -0.012711892936479922 -2.8301304463335089 -0.00038131873496038965
decision_type=2 2 2 2 2 2 2 2 2 2 2 2 2 2
left_child=1 -1 4 -4 5 -2 -7 -6 -9 10 -10 13 -11 -12
right_child=2 -3 3 -5 7 6 -8 8 9 12 11 -13 -14 -15
leaf_value=0.020876909681271177 0.0067181965000670269 -0.0072893626456230131 -0.038470369375235021 0.022357793658562792 0.017608345823078884 -0.036015203500327719 -0.0035137771896994736 -0.02682274251374539 -0.026799225778358304 -0.037041075322484941 0.057965322071857395 -0.014146615577856859 0.0032416830339073569 -0.0079162066059383536
leaf_weight=32.410604359582067 156.5536004435271 510.31967776082456 20.388854492455724 5.0786351617425671 175.21127383410931 62.186730947345495 85.770125174894929 58.089979697018862 19.333003608509898 24.391053397208452 52.241634650155902 16.544349335134029 1141.4070899616927 9.3878087420016509
leaf_count=389 2104 6826 408 86 2194 1052 1314 858 231 349 613 196 14935 127
internal_value=0.000410973 -0.00543212 0.00215721 -0.0246618 0.00260365 -0.00534179 -0.017905 0.00423269 0.00239945 0.0038436 0.0219229 0.034859 0.00224429 0.0480888
internal_weight=2369.31 542.73 1826.58 25.4675 1801.12 304.51 147.957 1496.61 1321.39 1263.3 97.5068 78.1738 1165.8 61.6294
internal_count=31682 7215 24467 494 23973 4470 2366 19503 17309 16451 1167 936 15284 740
is_linear=0
shrinkage=0.05


Tree=74
num_leaves=15
num_cat=0
split_feature=39 41 41 38 36 27 36 41 2 9 32 41 38 36
split_gain=7.66346 10.2873 10.4329 10.9942 12.443 11.798 13.6097 9.19096 8.73096 8.34426 11.8633 11.3778 11.9228 8.40537
threshold=0.0016558931583486218 0.032522342791751375 0.013589940871180818 -0.76646563976725346 0.00057569038295490771 4.5000000000000009 -0.006335070247142415 0.050035819308260183 0.035797267140574192 0.024353361959335181 0.0080322580645161307 -0.052843884075925378 -1.5536594716159409 -0.0078431005207194576
decision_type=2 2 2 2 2 2 2 2 2 2 2 2 2 2
left_child=1 2 3 5 8 -1 -7 -3 -5 -2 -11 12 13 -12
right_child=9 7 -4 4 -6 6 -8 -9 -10 10 11 -13 -14 -15
leaf_value=0.037724659761011969 -0.0065673502428406881 0.064108526461387857 -0.017369214262227699 0.063349967422008796 0.006517979154474148 0.031754346455041681 -0.032636633097883672 -0.010604688906626133 -0.0024108453392986842 -0.028219085508901228 0.015332745683285088 0.00049847372124068353 -0.011461667191584247 0.062694811668158532
leaf_weight=7.1043474189937106 504.88287990540266 9.6845357064157707 33.055165432393551 18.816041285172108 41.633384535089135 6.421840948984026 29.479948969557881 3.9728363845497361 5.9520300664007655 29.689271433278918 29.416631335392594 1607.6582586541772 16.682837346568704 13.026262171566485
leaf_count=84 6809 159 438 236 480 86 360 57 72 425 358 21644 209 154
internal_value=-0.000189929 0.0103375 0.00555615 0.0129389 0.0250177 -0.00637385 -0.0186451 0.0453574 0.0497964 -0.000958267 0.000725431 0.00132386 0.0219777 0.0349442
internal_weight=2357.48 156.12 142.463 109.408 66.4015 43.0061 35.9018 13.6574 24.7681 2201.36 1696.47 1666.78 59.1257 42.4429
internal_count=31571 1972 1756 1318 788 530 446 216 308 29599 22790 22365 721 512
is_linear=0
shrinkage=0.05


Tree=75
num_leaves=15
num_cat=0
split_feature=30 26 42 43 33 38 37 36 35 33 21 17 28 5
split_gain=7.53324 8.5467 6.13483 7.20338 8.09133 5.42488 18.958 9.40434 21.1897 10.1685 11.1538 9.91599 10.4869 8.58009
threshold=8.8500000000000014 2.5000000000000004 0.93608510638297882 0.87251612054217664 0.57035886627100785 -2.7692931296177146 -0.019801237993864736 -0.0041913587084869688 -0.028583622949820194 0.033955955263461325 0.77013888888888904 -2.0576035268476214 5.5000000000000009 -0.10341907278404554
decision_type=2 2 2 2 2 2 2 2 2 2 10 2 2 2
left_child=1 5 -2 -4 -5 6 -1 11 -9 10 -10 12 -7 -11
right_child=2 -3 3 4 -6 7 -8 8 9 13 -12 -13 -14 -15
leaf_value=-0.016831506980199279 0.001719778991642397 0.0068733694184711525 0.027281724131213186 0.017153884468643816 -0.010247085321147976 -0.010152758587646136 0.021424462064489756 0.058308322841466344 0.046733540192029868 -0.016216072846359664 -0.016842964188477815 -0.00024045570899623939 -0.03349280470262863 -0.0014009484561346411
leaf_weight=48.8166389092803 482.46293028257787 238.79838218167424 52.371664108708501 53.589213404804468 45.361929191276431 200.77076173387468 77.207141987979412 9.646222895011304 15.820084011182191 106.20512054301798 7.1873660795390597 153.91449232771993 61.896405551582575 817.33066098857671
leaf_count=770 6339 3403 575 557 533 2752 870 114 199 1414 109 2206 913 10997
internal_value=-0.000116939 -0.00181935 0.00452812 0.0131405 0.00470384 -0.00322258 0.0065288 -0.00413823 -0.00138748 -0.00229903 0.0274115 -0.0103607 -0.0161756 -0.00318281
internal_weight=2371.38 1737.59 633.786 151.323 98.9511 1498.79 126.024 1372.77 956.189 946.543 23.0075 416.582 262.667 923.536
internal_count=31751 23747 8004 1665 1090 20344 1640 18704 12833 12719 308 5871 3665 12411
is_linear=0
shrinkage=0.05


Tree=76
num_leaves=15
num_cat=0
split_feature=34 34 34 35 37 35 28 37 21 35 35 12 20 9
split_gain=8.29418 16.2711 17.5351 16.012 19.9495 18.6992 15.8227 13.4774 12.7507 10.494 10.6785 9.13162 8.91127 13.4423
threshold=0.03754243166571803 0.02572440558005307 0.023100342907747821 0.019763676919854926 0.015409690528585209 0.038916304646571871 1.5000000000000002 0.010587474115246966 0.6542438271604939 0.014560388784396474 0.011504969789075116 62.226613895315324 1.3716993622370681 0.53075455751845524
decision_type=2 2 2 2 2 2 2 2 10 2 2 2 2 2
left_child=1 2 -1 7 -5 11 -2 -3 -8 10 -9 -6 -10 -14
right_child=6 3 -4 4 5 -7 8 9 12 -11 -12 -13 13 -15
leaf_value=0.00051069238281254824 -0.024303586413956281 0.023298270279979522 -0.024767047136649289 -0.0086195130471408195 0.0022991891150110108 -0.01505766339081393 -0.011189345032052008 -0.006992266550484065 -0.00051293615217948665 -0.028585256331729654 0.03264103757989581 0.074289845604069676 -0.002556383846709052 0.047781444093209668
leaf_weight=1749.6284513771534 92.83389606140554 58.544987715780735 66.401045877486467 17.494829162955284 5.4111869633197776 6.89670674689114 130.80745423398912 54.743844777345657 71.972747758030891 29.480142200365663 18.875985285267234 30.036771474406123 22.364230571314692 25.943869028240442
leaf_count=23122 1446 794 867 237 64 100 1701 706 1083 380 254 380 317 403
internal_value=-0.000121638 0.00109567 -0.000479024 0.0137327 0.0347594 0.0516991 -0.00724575 0.00513941 -0.000587646 -0.00577273 0.00459925 0.064943 0.0109283 0.0264236
internal_weight=2381.44 2037.51 1816.03 221.484 59.8395 42.3447 343.922 161.645 251.088 103.1 73.6198 35.448 120.281 48.3081
internal_count=31854 26904 23989 2915 781 544 4950 2134 3504 1340 960 444 1803 720
is_linear=0
shrinkage=0.05


Tree=77
num_leaves=15
num_cat=0
split_feature=31 25 7 39 0 35 28 34 35 35 39 32 4 18
split_gain=6.7378 5.85296 6.27455 5.92956 9.05966 7.49645 7.57496 8.51108 7.03454 6.94623 6.63264 6.06194 6.02625 5.86945
threshold=0.59092179397238642 2.2500000000000004 7.324851551597539 0.0023612189051303331 -0.0054249547920433563 -0.0092371642453270546 5.5000000000000009 -0.027027027027026997 -0.022610297961548006 -0.022610297961548006 0.0044318812238088043 0.95986577181208055 -0.066233093555598962 0.15194516058250326
decision_type=2 2 8 2 2 2 2 2 2 2 2 2 2 2
left_child=1 2 3 4 -1 6 7 8 12 -9 -7 -12 -5 -3
right_child=-2 13 -4 5 -6 10 -8 9 -10 -11 11 -13 -14 -15
leaf_value=-0.0084138400040599404 -0.0040104064286673726 0.0023224501125310684 0.033599913740313028 -0.002226978328277241 0.026691643001910039 -0.010449789225633312 -0.013312547115031334 -0.0058890794401118326 -0.0098021800660544976 0.037476363032955658 -0.00050597966436864348 0.031197411502486921 0.039209376689985649 -0.0051683860850747984
leaf_weight=22.914503475651145 682.1903414838016 871.5273780990392 15.933529863134025 15.36972885578871 59.572997495532036 129.49486508220434 23.222002996131778 9.8522642329335195 39.614541118964553 44.021778751164675 55.385529914870858 15.638898901641367 13.987465817481278 367.69368690438569
leaf_count=271 9380 12023 201 212 741 1592 293 116 543 480 716 239 176 4730
internal_value=0.000164156 0.00186191 0.00674594 0.00537319 0.017016 0.00239961 0.0108282 0.0157338 0.00353924 0.0297192 -0.00385422 0.00806749 0.0203487 8.79797e-05
internal_weight=2366.42 1684.23 445.008 429.075 82.4875 346.587 146.068 122.846 68.9717 53.874 200.519 71.0244 29.3572 1239.22
internal_count=31713 22333 5580 5379 1012 4367 1820 1527 931 596 2547 955 388 16753
is_linear=0
shrinkage=0.05


Tree=78
num_leaves=15
num_cat=0
split_feature=28 22 4 33 41 37 41 33 41 37 35 39 22 39
split_gain=7.92983 18.3347 26.2066 17.237 16.8214 18.0963 15.5976 20.9872 14.2861 13.0665 12.7666 18.762 14.9708 12.321
threshold=2.5000000000000004 1.0000000180025095e-35 -0.0058029296343785055 0.48858329008822005 0.021602899829638648 -0.012068568656862842 -0.042259802426487407 0.008097298714922636 -0.012269335206818109 0.0065815055851162771 -0.027882131225878123 0.0025648732732520053 1.0000000180025095e-35 0.0047832298092366516
decision_type=2 2 2 2 2 2 2 2 2 2 2 2 2 2
left_child=4 3 -3 -2 5 6 7 -1 -4 -6 11 -7 -13 -9
right_child=1 2 8 -5 9 10 -8 13 -10 -11 -12 12 -14 -15
leaf_value=-0.028373645641321082 0.015759288487417485 -0.013439147322446672 -0.010880229579745831 -0.017830507825330345 0.010157824225947139 0.07057783890208591 -0.017125355375439907 0.062175426642186719 0.0078077885836197363 -0.031062176286245392 0.001383771663287456 -0.030458473758191856 0.027832672131388039 -0.012712324653567664
leaf_weight=11.822181351482866 336.64459928683937 285.55945976637304 120.12598287500441 38.813713112846017 22.29047286324203 11.864055424928663 216.45656325947493 15.738942859694363 563.33470766432583 78.598977511748672 627.50126048177481 13.045900501310824 23.57453909702599 5.4567559305578461
leaf_count=189 4378 3714 1640 472 327 156 3136 196 7405 1155 8440 177 236 92
internal_value=0.000274549 0.00279665 -0.000850941 0.0120982 -0.00302685 -0.000862138 -0.0122343 0.0178657 0.00446799 -0.0219054 0.00339379 0.0268467 0.00590227 0.0441493
internal_weight=2370.83 1344.48 969.02 375.458 1026.35 925.46 249.474 33.0179 683.461 100.889 675.986 48.4845 36.6204 21.1957
internal_count=31713 17609 12759 4850 14104 12622 3613 477 9045 1482 9009 569 413 288
is_linear=0
shrinkage=0.05


Tree=79
num_leaves=15
num_cat=0
split_feature=23 42 39 36 39 34 36 37 35 38 36 37 36 34
split_gain=6.09941 13.8466 14.9227 12.4865 11.495 12.1171 11.0377 8.21457 7.6001 21.8063 10.6963 9.78502 6.91227 8.04403
threshold=0.012093109837192475 0.81229026845637597 0.0042975452724997414 0.013307880894562809 0.0046090420763447376 -0.029168619279224369 -0.0015658795869403217 0.046791445799563521 -0.04935260507573843 -2.2289507973497176 -0.025203512139094438 -0.028525828205926414 0.029101909375975791 0.02572440558005307
decision_type=2 2 2 2 2 2 2 2 2 2 2 2 2 2
left_child=8 2 -2 4 5 -4 -7 -5 9 11 -10 -1 13 -12
right_child=1 -3 3 7 -6 6 -8 -9 10 -11 12 -13 -14 -15
leaf_value=0.005185122791728454 -0.021338096127991639 0.0030695210631672982 -0.029345680936471302 0.04467927264360233 -0.022336769902997464 0.077831156037968877 -0.0006801185966480791 -0.00090577074539978939 -0.02699915800711002 -0.032529506120184508 6.1409909851842449e-05 0.0608147872454671 -0.022200210382478339 0.0092426896946569189
leaf_weight=13.737667627632616 174.09922038391232 275.21339839883149 4.7084893435239819 17.649003533646464 47.85755311511457 4.7622245978564033 8.1098109353333676 17.187854580581188 29.373279484920204 10.005770647898315 1438.5763308433816 17.523838527500633 26.110695636831224 281.0089806932956
leaf_count=197 2710 3676 67 274 752 65 118 278 467 127 18728 162 490 3624
internal_value=-0.00024974 -0.00484027 -0.0126872 0.00263276 -0.0101462 0.0206367 0.0420147 0.0248976 0.00114874 0.0211555 0.000625497 0.0404545 0.0011661 0.00158423
internal_weight=2365.92 549.588 274.374 100.275 65.4381 17.5805 12.872 34.8369 1816.34 41.2673 1775.07 31.2615 1745.7 1719.59
internal_count=31735 7940 4264 1554 1002 250 183 552 23795 486 23309 359 22842 22352
is_linear=0
shrinkage=0.05


Tree=80
num_leaves=15
num_cat=0
split_feature=30 23 12 30 41 27 33 28 32 32 41 34 34 28
split_gain=6.76452 6.45622 7.82618 7.20016 6.28644 17.4484 12.0449 13.5125 13.0362 12.4761 10.0981 9.85142 14.4048 13.5453
threshold=8.8500000000000014 0.014664009330290996 60.217964081729441 13.100000000000001 -0.02520679144032539 15.500000000000002 0.050933932895191984 3.5000000000000004 0.066890380313199119 0.10246315364425602 -0.038417598865471962 -0.03182449684665669 -0.054932566955264377 2.5000000000000004
decision_type=2 2 2 2 2 2 2 2 2 2 2 2 2 2
left_child=4 2 3 -2 5 6 7 -1 -8 -10 -11 12 13 -6
right_child=1 -3 -4 -5 11 -7 8 -9 9 10 -12 -13 -14 -15
leaf_value=-0.015288187485866692 0.0079584586305685937 -0.0052063188944573577 0.014373112883452457 -0.0078133015517634404 -0.024541312122807992 -0.0099645747322432785 0.041366198099262896 0.019523282800012358 -0.023069562599604278 -0.017028687817123116 0.034260792807399833 -0.0011778558688822559 -0.023100067317352292 0.039883663594193271
leaf_weight=55.293877756223083 185.03722721338272 123.6266573946923 220.4302458781749 112.06649191305041 9.0710531193763035 120.33776975236833 52.797934742644429 46.856153648346663 18.432487478479743 9.5299130938947183 31.809471279382706 1267.0852034911513 107.36835943814367 16.074860379099846
leaf_count=777 2368 1649 2611 1420 179 1809 574 617 256 132 352 17148 1720 207
internal_value=0.000535548 0.0049031 0.00734471 0.00197855 -0.00108823 0.00501586 0.0134472 0.000845714 0.02436 0.00730439 0.0218755 -0.00256217 -0.0152747 0.0164275
internal_weight=2375.82 641.161 517.534 297.104 1734.66 335.058 214.72 102.15 112.57 59.7719 41.3394 1399.6 132.514 25.1459
internal_count=31819 8048 6399 3788 23771 4517 2708 1394 1314 740 484 19254 2106 386
is_linear=0
shrinkage=0.05


Tree=81
num_leaves=15
num_cat=0
split_feature=25 37 39 38 39 41 35 32 0 37 20 39 39 20
split_gain=6.6146 6.44793 12.9872 12.6772 18.4143 16.8591 13.8975 12.6061 12.0237 11.7421 9.97473 8.7758 10.9167 19.8658
threshold=2.2500000000000004 0.022824334973246877 0.0035265217238660104 2.6617217319202666 0.0043111247493088931 0.050035819308260183 0.035578824898196644 0.96954236239950531 -0.020951657258648056 0.006138689081722771 0.83131126478570117 0.0053583571214449429 0.0037159571762567403 15.653667721881037
decision_type=2 2 2 2 2 2 2 2 2 2 2 2 2 2
left_child=-1 9 7 5 -5 8 -6 10 -4 11 -3 12 -2 -14
right_child=1 2 3 4 6 -7 -8 -9 -10 -11 -12 -13 13 -15
leaf_value=0.0045525636018272199 -0.002269567003211894 -0.0045892009763272732 0.043759250333731868 -0.02512019866794394 0.045038622999430684 0.045431418431831572 -0.0099713985040502263 -0.018570724547626927 -0.013105744697530257 -0.0098412309478256074 0.059570986197388258 -0.012153379432473429 0.014498459782668553 -0.017408247250823485
leaf_weight=613.29382915049791 605.30887626484036 7.0060810074210194 5.0147732999175778 14.685104189440606 40.366906724870205 9.8485218714922649 13.253174167126415 7.0366462897509328 163.21778124570847 416.5410329811275 21.097010653465986 124.89892853610218 273.12266649026424 54.737999754026532
leaf_count=7834 7898 107 49 238 550 156 175 93 2242 5776 306 1844 3796 825
internal_value=0.000103551 -0.00145869 0.005413 0.00109381 0.0186448 -0.00596343 0.0317511 0.0317889 -0.0101966 -0.00278446 0.0452987 2.68737e-05 0.00171321 0.00899
internal_weight=2369.43 1756.14 281.526 246.386 68.3052 178.081 53.6201 35.1397 168.233 1474.61 28.1031 1058.07 933.17 327.861
internal_count=31889 24055 3916 3410 963 2447 725 506 2291 20139 413 14363 12519 4621
is_linear=0
shrinkage=0.05


Tree=82
num_leaves=15
num_cat=0
split_feature=36 8 33 33 36 37 37 33 27 33 28 27 18 38
split_gain=5.98833 6.6578 9.76242 12.062 8.69265 8.77367 7.77944 10.3387 9.30871 12.2848 10.5648 26.2383 16.2258 11.4893
threshold=0.030757561690817895 1.1109354797701683 0.010152545866831583 0.023811023622047248 -0.010396644600191405 -0.038722738042361642 0.042676343919122568 0.97156334231805941 15.500000000000002 0.033955955263461325 4.5000000000000009 19.500000000000004 0.12693227850981995 -1.8077516796914905
decision_type=2 2 2 2 2 2 2 2 2 2 2 2 2 2
left_child=1 2 4 -4 5 -1 7 8 9 -5 11 12 -10 -13
right_child=-2 -3 3 6 -6 -7 -8 -9 10 -11 -12 13 -14 -15
leaf_value=0.035876355295256554 -0.021220873904611647 0.0039454803427063775 -0.025922429892698409 0.034493646677347299 0.040622311895531782 -0.025924837345988952 0.019325598347662995 -0.023140928362949408 0.00081313989228131908 0.00074656226691787993 -0.016258387419653603 0.046277294743194891 -0.031149812552642511 0.0082401752494346159
leaf_weight=3.8671286664903155 27.405074399895966 846.88212838023901 46.993256473913789 22.856850236654282 20.359585549682379 11.551742013543842 38.960213162004948 50.743136629462242 90.64915650524199 853.79294733330607 178.23892139084637 23.592169838026166 65.312106133438647 74.951426062732935
leaf_count=56 537 11168 665 285 255 200 536 778 1290 11161 2489 302 943 966
internal_value=0.000125713 0.00042185 -0.00159839 -0.00227124 0.0225409 -0.00543522 -0.00138736 -0.00204928 -0.00114699 0.00181708 -0.00710374 -0.000502691 -0.0131239 0.0191415
internal_weight=2356.16 2328.75 1481.87 1446.09 35.7785 15.4189 1399.1 1360.14 1309.39 876.65 432.744 254.505 155.961 98.5436
internal_count=31631 31094 19926 19415 511 256 18750 18214 17436 11446 5990 3501 2233 1268
is_linear=0
shrinkage=0.05


Tree=83
num_leaves=15
num_cat=0
split_feature=33 32 33 28 33 28 36 35 39 39 32 28 2 32
split_gain=6.98246 19.1347 9.74017 18.6673 30.7799 25.354 26.1629 39.0217 19.677 17.874 16.7763 23.7556 14.5754 14.265
threshold=0.0091326105087572995 0.0080322580645161307 0.12748387945782344 1.0000000180025095e-35 0.023811023622047248 3.5000000000000004 -0.017464181104227535 -0.023150700314426894 0.0049004454408696921 0.0061201844905855738 0.1006952827000145 5.5000000000000009 -0.015440567208788556 0.03069073783359498
decision_type=2 2 2 2 2 2 2 2 2 2 2 2 2 2
left_child=1 -1 3 4 -2 -5 9 -8 12 -7 11 -4 -6 -9
right_child=2 -3 10 5 8 6 7 13 -10 -11 -12 -13 -14 -15
leaf_value=-0.01781900388192174 -0.041346382399583007 0.039222504790525817 0.034688739553370741 -0.020618293590085567 0.043338115508859902 0.051655894682471018 -0.031641402481753032 0.036885488546479189 -0.021472070866606737 -0.01891652023643476 0.00050390310299733884 -0.019100032128988347 -0.019562192848807322 0.0011397427111839084
leaf_weight=20.501072391867638 16.550281679257751 32.208560666069388 74.510126236826181 251.75431054085493 64.797964219003916 31.978701818734407 83.167625093832612 33.061374777927995 15.017595551908014 8.9605666734278184 1585.9881081832573 24.044143764302135 7.6855026558041564 105.9174073971808
leaf_count=338 259 422 828 3645 823 320 1190 406 261 147 21107 306 101 1473
internal_value=0.000236671 0.0174149 -0.000193289 -0.00553183 0.0133507 -0.00943977 0.00144232 -0.00554452 0.025372 0.0358317 0.00177863 0.0212774 0.0358368 0.0106289
internal_weight=2356.14 52.7096 2303.43 618.891 104.051 514.84 263.086 222.146 87.5011 40.9393 1684.54 98.5543 72.4835 138.979
internal_count=31626 760 30866 8625 1444 7181 3536 3069 1185 467 22241 1134 924 1879
is_linear=0
shrinkage=0.05


Tree=84
num_leaves=15
num_cat=0
split_feature=18 5 38 34 1 5 34 14 34 13 28 32 32 7
split_gain=7.68138 8.97868 8.96595 7.64001 7.57132 9.93519 6.98385 6.72484 9.71614 8.70424 6.6156 7.27387 6.59176 6.41949
threshold=0.085313800535077214 0.01164832086829959 2.3718390005009957 0.0398042386528017 -0.021120137112561051 0.12500000000000014 0.024263043119368336 0.96356139768392779 -0.027870796498227154 0.0097557011057977094 2.5000000000000004 0.046638081034054195 0.29553833065507146 2.4348340782325049
decision_type=2 2 2 2 2 2 2 2 2 2 2 2 2 10
left_child=1 2 7 4 -3 -6 -4 12 10 -10 -9 -12 -1 -2
right_child=13 3 6 -5 5 -7 -8 8 9 -11 11 -13 -14 -15
leaf_value=0.0059081606877180405 -0.0037669519489203496 -0.0078645705971112749 -0.032497233258109402 -0.012926184599997068 0.026469206933886876 -0.013991262233350938 0.0055906367530108476 -0.023634619352244715 0.00076123162950435036 0.038165736502809494 -0.019455438694146336 0.039153802879060423 -0.01505578739496951 0.0021134125778778518
leaf_weight=88.63670845888555 1098.348283983767 22.1068798545748 28.063672464340925 19.242334892973304 126.15964102186263 14.020920624956487 16.897469548508525 19.408983498811722 24.390064420178533 38.957775320857763 5.1071654967963678 7.6286559253931046 57.746927998960018 796.82793918251991
leaf_count=1177 15196 284 352 271 1611 178 234 268 281 526 74 92 750 10457
internal_value=0.00012446 0.00582308 0.00026534 0.0143624 0.0178877 0.0220798 -0.019056 0.00417008 0.0141401 0.0248736 -0.0075132 0.016792 -0.00258604 -0.00129549
internal_weight=2363.54 468.367 286.837 181.53 162.287 140.181 44.9611 241.876 95.4926 63.3478 32.1448 12.7358 146.384 1895.18
internal_count=31751 6098 3754 2344 2073 1789 586 3168 1241 807 434 166 1927 25653
is_linear=0
shrinkage=0.05


Tree=85
num_leaves=15
num_cat=0
split_feature=37 15 39 39 37 38 18 35 23 39 42 39 38 34
split_gain=6.94828 8.56612 6.68354 12.7957 9.0763 9.86182 8.17074 7.57181 7.22913 10.2426 15.1887 10.1484 15.1823 9.6464
threshold=-0.068628324984787034 2.3362402942715979 0.0016558931583486218 0.001356391560087678 -0.0045238459832314662 -0.5595759265079242 0.15731062939648929 -0.0076122651747675954 0.012093109837192475 0.0042975452724997414 0.65126093146227382 0.0045593436695141642 2.7847162849617901 -0.024202586927558414
decision_type=2 2 2 2 2 2 2 2 2 2 2 2 2 2
left_child=1 -1 3 4 -2 -6 -5 -7 -4 10 -10 13 -13 -11
right_child=2 -3 8 6 5 7 -8 -9 9 11 -12 12 -14 -15
leaf_value=0.064441170190742025 0.037794005823615001 -0.011396534729843536 0.00096379910592788343 0.031087543349363079 -0.033733537543999957 0.041714960266722625 -0.006553490226102199 -0.0055147745777134067 -0.025647867967787799 -0.023655812349322802 -0.0030222140790307872 -0.0078769602263580197 0.039743854156322256 0.035438815983417124
leaf_weight=4.1016242243349534 6.2867906950414172 4.1413241606205702 1678.2064997842535 63.041660500690341 23.423060404136777 5.3236617576330891 16.336664918810129 43.290939236059785 111.79903380572796 4.8557274416089049 207.60722668841481 140.26461584866047 13.93336137011647 30.968039948493242
leaf_count=47 82 91 22154 832 276 69 218 500 1795 70 2845 2061 195 460
internal_value=0.000306838 0.0364224 0.000102692 0.00988009 -0.00441527 -0.0103128 0.0234114 0.00306516 -0.000623067 -0.00580923 -0.0112149 0.00333173 -0.00246083 0.0255126
internal_weight=2353.58 8.24295 2345.34 157.703 78.3245 72.0377 79.3783 48.6146 2187.63 509.428 319.406 190.022 154.198 35.8238
internal_count=31695 138 31557 1977 927 845 1050 569 29580 7426 4640 2786 2256 530
is_linear=0
shrinkage=0.05


Tree=86
num_leaves=15
num_cat=0
split_feature=39 33 39 27 35 41 32 28 37 2 28 33 35 41
split_gain=7.74791 19.8404 17.2647 16.3622 15.3234 15.0666 12.4517 18.7951 23.1615 18.7654 17.3711 23.6425 26.7209 19.3509
threshold=0.0027162130978013988 0.96135175504107562 0.0030475271591457148 5.5000000000000009 0.024607997380695249 -0.0088716671815431952 0.038948725728155345 5.5000000000000009 0.021861865858208266 0.046354561074625884 2.5000000000000004 0.95872028627417583 0.0079247965093993695 -0.032641060473318377
decision_type=2 2 2 2 2 2 2 2 2 2 2 2 2 2
left_child=1 -1 3 5 -5 -2 -4 10 -9 -10 -8 12 13 -12
right_child=2 -3 6 4 -6 -7 7 8 9 -11 11 -13 -14 -15
leaf_value=0.0070341896052397547 0.040802145538986229 -0.031614791976901487 0.01200021461735723 -0.028030770561516927 0.022222893767641649 -0.017629717354059105 -0.004943419024120879 -0.034895647776736406 0.05716906976380659 -0.019340513652774505 -0.022945690590851879 0.033111861800054092 -0.012425431998292677 0.016247580941119274
leaf_weight=610.81691641174257 17.865030208602548 30.190485969185829 193.53603018261492 134.28861901536584 13.301874281838534 17.221542239189148 692.93422585353255 75.078408963978291 10.350759472697975 12.92912622541189 31.186065228655934 69.631306516006589 176.24896907992661 267.37823008280247
leaf_count=7947 191 502 2705 1853 190 233 9576 1101 135 178 509 1027 2285 3307
internal_value=0.000316275 0.00498328 -0.00144062 -0.0157529 -0.0229218 0.0135004 0.000314803 -0.00141674 -0.0219001 0.0187706 0.000293048 0.00694202 0.00279916 0.0118432
internal_weight=2352.96 641.007 1711.95 182.677 147.59 35.0866 1529.27 1335.74 98.3583 23.2799 1237.38 544.445 474.813 298.564
internal_count=31739 8449 23290 2467 2043 424 20823 18118 1414 313 16704 7128 6101 3816
is_linear=0
shrinkage=0.05


Tree=87
num_leaves=15
num_cat=0
split_feature=21 31 35 33 28 33 33 39 2 32 39 36 34 39
split_gain=6.15149 6.10356 6.06712 7.26803 10.4911 20.4422 14.0082 11.3057 10.023 8.33876 14.0845 13.6674 12.1924 10.705
threshold=0.96547150691464012 0.59092179397238642 0.032697557394459127 0.13269821202817414 1.0000000180025095e-35 0.025642898889538284 0.010152545866831583 0.0049336053215082703 -0.015440567208788556 0.1006952827000145 0.0026233670913927381 -0.011425778299695098 -0.029168619279224369 0.0050538153238726532
decision_type=10 2 2 2 2 2 2 2 2 2 2 2 2 2
left_child=1 2 3 4 5 -1 -6 8 -7 10 -5 -11 -13 -12
right_child=-2 -3 -4 9 6 7 -8 -9 -10 11 13 12 -14 -15
leaf_value=-0.029754979553962571 0.016284132743954332 -0.0042235297184489125 -0.014882200195999269 -0.019445830252882219 0.024692792633501357 0.042591913917776884 -0.0094203155684915493 -0.019262686425843816 -0.015778115969444804 -0.020266829856177559 0.041433363649303868 0.044545489904285515 0.0035919415744884546 -0.0087717900951302785
leaf_weight=16.876391520723701 53.182055499404669 659.49592718295753 50.033429809845984 14.082733543589709 28.051074525341392 45.390848295763135 356.34788051340729 8.2235022559761983 5.967255361378192 54.739703426137567 44.121642556041479 13.567780222743748 997.48847992345691 11.57697109878063
leaf_count=284 815 9111 792 160 393 584 5031 134 72 747 471 159 12861 137
internal_value=0.000227401 -0.000177343 0.00145124 0.00200801 -0.00326353 0.0131055 -0.00664585 0.0266094 0.0350118 0.00415232 0.0203097 0.00300455 0.00435802 0.0311352
internal_weight=2359.15 2305.96 1646.47 1596.43 460.857 76.458 384.399 59.5816 51.3581 1135.58 69.7813 1065.8 1011.06 55.6986
internal_count=31751 30936 21825 21033 6498 1074 5424 790 656 14535 768 13767 13020 608
is_linear=0
shrinkage=0.05


Tree=88
num_leaves=15
num_cat=0
split_feature=46 39 0 26 34 34 41 37 39 33 33 38 37 35
split_gain=5.67959 7.02611 7.0246 5.84644 8.78332 7.13112 7.25631 6.84914 6.57318 6.51527 11.225 9.6317 11.1003 15.2004
threshold=1.0000000180025095e-35 0.0078202828573643215 -0.033801175350471106 2.5000000000000004 -0.052171446571524997 -0.044450443443516945 -0.028983775282735432 0.027577758105346354 0.0048813387803928309 0.093988412780359104 0.089197312588401703 -2.5731736252747983 -0.018416345418536536 -0.04935260507573843
decision_type=2 2 2 2 2 2 2 2 2 2 2 2 2 2
left_child=1 3 -3 9 -5 -6 -7 -8 -9 10 -1 12 13 -11
right_child=-2 2 -4 4 5 6 7 8 -10 11 -12 -13 -14 -15
leaf_value=-0.0045882759990458931 0.0057735451724958489 0.022269864186812649 -0.024879698945936619 0.027286200864418183 -0.030002265163311972 0.037620780768810098 -0.0040575450939201669 0.040902297891214391 -0.0019361095127573384 0.033627135657253136 -0.036826965736266863 -0.00088491950959211077 0.027344555527107239 -0.032098656835909935
leaf_weight=349.66605402901769 372.68046199902892 5.3556171543896189 45.628878682851791 39.159925121814013 10.801788806915281 10.614748060703276 115.12679475359619 14.081075843423607 16.062000181525946 9.0748331807553786 24.510547805577517 1243.6799007691443 59.539300875738263 19.048247959464788
leaf_count=5028 4778 64 735 500 192 127 1687 226 238 95 370 16427 731 294
internal_value=0.000157783 -0.000920699 -0.0183803 -0.000408234 0.00744887 0.00212953 0.00521927 0.00167872 0.0210477 -0.00137554 -0.00715785 0.000270288 0.0158228 -0.00901547
internal_weight=2335.03 1962.35 50.9845 1911.37 205.846 166.686 155.885 145.27 30.1431 1705.52 374.177 1331.34 87.6624 28.1231
internal_count=31492 26714 799 25915 2970 2470 2278 2151 464 22945 5398 17547 1120 389
is_linear=0
shrinkage=0.05


Tree=89
num_leaves=15
num_cat=0
split_feature=37 34 41 0 23 33 28 36 4 37 35 35 35 5
split_gain=6.04367 10.8121 10.047 10.0438 11.6871 10.2189 16.5949 17.9959 19.5154 16.2743 16.1234 22.2314 12.689 12.1963
threshold=0.006138689081722771 -0.018044029776881795 -0.022775352741304985 -0.0054249547920433563 0.0037995486734505595 0.093988412780359104 3.5000000000000004 -0.017464181104227535 -0.03116039663714459 -0.040186900312786815 -0.012711892936479922 -0.014451469531499559 -0.022994371587846171 -0.018915283473502017
decision_type=2 2 2 2 2 2 2 2 2 2 2 2 2 2
left_child=3 -2 -3 4 5 6 13 9 12 -8 11 -7 -9 -1
right_child=1 2 -4 -5 -6 10 7 8 -10 -11 -12 -13 -14 -15
leaf_value=-0.018758937343524094 -0.03307369983549735 0.022150241563263291 -0.002952429564526537 0.0070609985305484877 -0.013411538769236113 0.010819735693900261 -0.015926574368743375 -0.028145818051671375 0.033272313628309368 0.055610733477900146 -0.0074442149573573056 0.06403319109157922 0.0064030158996325861 0.0067979187361345552
leaf_weight=167.93939446285367 23.581787690520287 36.783280296251178 873.40586875751615 631.60717102326453 155.78020246513188 145.11180875729769 8.2005156725645048 48.067498316988349 27.724247474223375 25.718581175431609 89.239606430754066 18.36173091083765 50.229042049497366 60.968600598163903
leaf_count=2620 343 513 12033 7876 2417 1752 135 707 394 239 1133 220 680 788
internal_value=0.000335872 -0.00278367 -0.00182249 0.00237699 -0.00135429 0.00165445 -0.0034248 0.00877204 -0.000390658 0.0384912 0.00938468 0.0185198 -0.0110361 -0.0119522
internal_weight=2362.72 933.771 910.189 1428.95 797.341 641.561 388.848 159.94 126.021 33.9191 252.713 163.474 98.2965 228.908
internal_count=31850 12889 12546 18961 11085 8668 5563 2155 1781 374 3105 1972 1387 3408
is_linear=0
shrinkage=0.05


Tree=90
num_leaves=15
num_cat=0
split_feature=18 41 33 20 21 34 33 38 34 34 34 35 33 17
split_gain=6.38415 11.2333 14.8742 13.2894 8.9042 7.44535 9.57137 9.97564 7.39099 14.9022 10.4174 11.9139 11.3711 9.78553
threshold=0.087228964213201907 -0.0023820480945616058 0.70472994566954317 11.348162290307066 0.7432478943958537 0.0398042386528017 0.90821007302003387 1.9271646197971226 -0.069653726723941004 -0.056905647748971382 -0.052869642743601002 -0.042773741608064818 0.059914529914529925 -2.3371196525340108
decision_type=2 2 2 2 8 2 2 2 2 2 2 2 2 2
left_child=1 2 -1 4 5 6 -3 -8 -2 -10 12 -12 -11 -13
right_child=8 3 -4 -5 -6 -7 7 -9 9 10 11 13 -14 -15
leaf_value=0.0038886971185743686 0.011163914718673056 0.019210454650526409 -0.02445480026149454 -0.012089034632674415 -0.011514282414875988 -0.0013623582363664181 0.011080056680737645 0.075472327496035052 -0.024662322176077875 0.00012016972414472795 0.031056835750563734 -0.010895159222296608 0.047990013511751105 -0.00065429265400344103
leaf_weight=237.78848950751126 105.53356144577265 108.80928217992187 52.213563813827932 38.58181812055409 18.360458537936211 26.40887145139277 11.675412729382517 14.17017483897507 65.685911910608411 28.244460606947541 21.988003181293607 277.97870413772762 17.15726007334888 1332.1094272788614
leaf_count=3078 1540 1364 693 515 272 368 144 179 1016 381 225 3895 161 17948
internal_value=-1.58794e-05 0.00492051 -0.00154241 0.0133596 0.0190113 0.022733 0.0273382 0.0528952 -0.00138198 -0.00217128 -0.00121991 -0.00190571 0.0211763 -0.00245061
internal_weight=2356.71 508.008 290.002 218.006 179.424 161.064 134.655 25.8456 1848.7 1743.16 1677.48 1632.08 45.4017 1610.09
internal_count=31779 6613 3771 2842 2327 2055 1687 323 25166 23626 22610 22068 542 21843
is_linear=0
shrinkage=0.05


Tree=91
num_leaves=15
num_cat=0
split_feature=7 33 32 33 36 38 38 32 34 41 10 36 36 32
split_gain=5.31936 7.8965 9.72756 9.34348 10.0733 8.56321 11.9879 8.69635 16.2946 12.2087 7.22475 7.07805 6.7513 6.69647
threshold=4.4270764040269368 0.010152545866831583 0.0080322580645161307 0.023811023622047248 -0.019791020723335658 -3.2554315818034474 -3.1466454278155216 0.026088929219600727 -0.050306860036552319 -0.016819312352261803 0.57909884667441613 -0.016777493243064764 -0.0086566403134443731 0.0097563297163525617
decision_type=10 2 2 2 2 2 2 2 2 2 2 2 2 2
left_child=1 2 -1 4 -3 -5 -7 8 11 -10 13 -8 -4 -2
right_child=10 3 12 5 -6 6 7 -9 9 -11 -12 -13 -14 -15
leaf_value=-0.011459995631020705 -0.021179707822058903 0.017252793364264874 0.0055268517838572692 -0.020364915704017189 -0.029393096698322449 0.035101783316875829 0.01887893683123687 -0.001041053195945423 0.051316075735751858 -0.0083328285364120958 -0.0060948220166015116 -0.030871098781184825 0.050796148474652594 0.01183158403126665
leaf_weight=15.709796089679001 11.830270884558557 11.22204123996198 15.498109793290491 47.653195802122355 47.947803189046681 19.123701341450214 7.0196813344955471 1744.8601152803749 27.161607045680285 9.988671721890567 89.447923121973872 14.97926255315542 16.648910617455844 257.11928110010922
leaf_count=267 177 148 229 670 738 247 102 23872 293 136 1035 211 210 3281
internal_value=0.0004087 -0.00061142 0.0184581 -0.00113076 -0.0198913 -0.000485953 8.79224e-05 -0.000379241 0.0177032 0.0361922 0.00596917 -0.0144399 0.0326533 0.0100195
internal_weight=2336.21 1977.81 47.8568 1929.96 59.1698 1870.79 1823.13 1804.01 59.1492 37.1503 358.397 21.9989 32.147 268.95
internal_count=31616 27123 706 26417 886 25531 24861 24614 742 429 4493 313 439 3458
is_linear=0
shrinkage=0.05


Tree=92
num_leaves=15
num_cat=0
split_feature=37 5 37 37 28 37 38 27 39 28 28 27 32 34
split_gain=7.25214 6.72527 5.6313 13.9656 12.6799 11.0008 17.6396 12.4451 12.6251 18.7098 9.82358 10.541 9.73127 12.5396
threshold=-0.068628324984787034 -0.16669307976756473 -0.026125988270423391 -0.024506591610810421 1.5000000000000002 -0.021293744514056853 -2.5731736252747983 15.500000000000002 0.0028278030466420247 5.5000000000000009 5.5000000000000009 19.500000000000004 0.14126625883470931 -0.037460348560755856
decision_type=2 2 2 2 2 2 2 2 2 2 2 2 2 2
left_child=1 -1 10 4 -4 -5 7 8 -7 12 -2 -12 13 -10
right_child=2 -3 3 5 -6 6 -8 -9 9 -11 11 -13 -14 -15
leaf_value=0.062518018812518686 -0.012505000676405441 -0.0072943626187181301 -0.015935887681703891 -0.020752462831464587 0.050302844117821446 0.0027620172711185116 -0.00080608779419916394 -0.0061168049643318366 0.011661857384772933 -0.027932293541204863 0.039842458203506723 -0.014426639007744983 0.0040450008578683952 0.068683049574310664
leaf_weight=3.755805104970932 177.94212304335088 4.1526265665888777 7.3568320926278856 57.451182174496353 20.231427663937211 43.236765904352069 1891.6538533000275 42.851176753640175 15.669391918927429 6.6325332056730977 15.590504519641401 12.272281030192969 12.79998987726867 36.183483846485615
leaf_count=44 2836 83 120 915 274 520 25151 542 158 98 216 187 164 361
internal_value=-0.000140765 0.037234 -0.000346212 0.000422929 0.0329043 -7.93863e-05 0.000549357 0.0163651 0.0246813 0.0369236 -0.00814258 0.0173812 0.0451044 0.0539929
internal_weight=2347.78 7.90843 2339.87 2134.07 27.5883 2106.48 2049.03 157.373 114.522 71.2854 205.805 27.8628 64.6529 51.8529
internal_count=31669 127 31542 28303 394 27909 26994 1843 1301 781 3239 403 683 519
is_linear=0
shrinkage=0.05


Tree=93
num_leaves=15
num_cat=0
split_feature=32 36 37 28 36 27 5 41 32 39 37 42 18 41
split_gain=7.0344 10.5269 15.8831 13.5682 17.7806 16.182 12.7535 9.38765 17.1668 8.56511 13.9464 7.9968 7.84024 18.4859
threshold=0.94352909912304017 0.012051917034288763 0.0028209577467938067 1.5000000000000002 0.018031959654608579 8.5000000000000018 0.086155577898021987 0.010117188520344879 0.99042864993588575 0.0059647742080916862 0.059924336055643741 0.95159022430532325 0.085313800535077214 0.011277871442978206
decision_type=2 2 2 2 2 2 2 2 2 2 2 2 2 2
left_child=12 2 6 4 5 -3 -2 9 -9 -5 -11 -4 13 -1
right_child=1 3 11 7 -6 -7 -8 8 -10 10 -12 -13 -14 -15
leaf_value=0.0029190843233172677 -0.012459535759986835 -0.025539187767215463 -0.021171548903918515 -0.028729003590564996 -0.032158192065929493 0.046345681512812098 0.046445259906956797 0.048670897988832638 -0.010024235341895416 0.055568659704450823 -0.025421105338595724 0.0083634202622102742 -0.00024828443616844992 0.032046215981856044
leaf_weight=354.51048969477415 14.200501861050727 8.9236802645027655 176.86088364571333 13.26136356405914 37.175851697102189 14.581549972295759 14.525424955412744 33.245690193027258 16.278837755322456 6.3697735592722875 5.8996139261871576 23.513643894344568 1573.3569169761613 59.650298822671175
leaf_count=4537 198 144 2542 161 677 220 203 503 219 78 117 332 21056 764
internal_value=0.00019473 -0.00613868 -0.0125765 0.00478811 -0.0122467 0.0193621 0.0197959 0.0184652 0.0302276 -0.00556514 0.0205406 -0.0175864 0.0013698 0.0074464
internal_weight=2352.35 364.837 229.1 135.736 60.6811 23.5052 28.7259 75.0553 49.5245 25.5308 12.2694 200.375 1987.52 414.161
internal_count=31751 5394 3275 2119 1041 364 401 1078 722 356 195 2874 26357 5301
is_linear=0
shrinkage=0.05


Tree=94
num_leaves=15
num_cat=0
split_feature=14 39 37 28 28 39 36 36 37 34 37 23 33 5
split_gain=6.21465 10.2259 10.0742 8.9108 12.4931 20.4881 20.8196 16.1132 16.5004 14.0632 12.3764 12.1729 20.4436 13.1425
threshold=0.9884807915341528 0.0023729402593236095 -0.068628324984787034 5.5000000000000009 2.5000000000000004 0.0049336053215082703 0.020588314213036533 -0.010396644600191405 0.036925404136524016 -0.056905647748971382 -0.029738588790686301 -0.004172544776003261 0.15768752590136761 -0.034270239811897134
decision_type=2 2 2 2 2 2 2 2 2 2 2 2 2 2
left_child=2 -2 -1 4 11 7 -7 9 -9 -6 -5 12 13 -3
right_child=1 3 -4 10 5 6 -8 8 -10 -11 -12 -13 -14 -15
leaf_value=0.047601162193571328 0.016107671024417545 -0.022022631796465512 -0.0026415796373090391 0.033094396204144887 0.0001786222495207486 -0.015896559368439794 0.047624015944940999 0.0061043923610632099 0.057913334540426825 0.056871978584729727 -0.025875221350901201 -0.0089277672004240936 0.017875122959694425 0.014881258576309293
leaf_weight=5.0678312610834828 124.39821520075202 72.284912288188934 1240.3618356706575 6.168028511106967 15.111194197088478 99.620621990412474 9.8222796097397786 193.93756467103958 11.886222086846827 34.915998995304108 50.419006686657667 308.11460808292031 142.53629130870104 30.943238845095038
leaf_count=60 1585 1086 16890 92 206 1456 151 2451 192 371 733 4221 1866 429
internal_value=0.000167164 0.0028986 -0.00224761 0.00114107 0.00236264 0.00947575 -0.0083641 0.017121 0.0103989 0.0413195 -0.0172825 -0.00237139 0.00586245 -0.010784
internal_weight=2345.59 1100.16 1245.43 975.76 919.173 365.294 109.443 255.851 205.824 50.0272 56.587 553.879 245.764 103.228
internal_count=31789 14839 16950 13254 12429 4827 1607 3220 2643 577 825 7602 3381 1515
is_linear=0
shrinkage=0.05


Tree=95
num_leaves=15
num_cat=0
split_feature=8 32 32 5 27 36 27 28 28 36 36 36 34 17
split_gain=5.62599 8.38927 10.0552 9.83808 7.08086 7.07259 6.27273 12.8812 13.4401 14.8673 23.7589 7.37544 7.04192 12.967
threshold=0.32305268946330651 0.026088929219600727 0.024490203918432631 0.074225288725735208 11.500000000000002 -0.013063873563129989 19.500000000000004 4.5000000000000009 1.5000000000000002 -0.010048787579985672 -0.020651976221991161 0.013619028819564895 0.032387418257233243 1.7397302764164109
decision_type=2 2 2 2 2 2 2 2 2 2 2 2 2 2
left_child=1 2 -1 5 -5 -3 -2 8 12 10 -10 -9 13 -8
right_child=6 3 -4 4 -6 -7 7 11 9 -11 -12 -13 -14 -15
leaf_value=0.0025918370050986746 0.00052380995741868402 -0.022460008171665585 0.047909451705873671 0.018068461899556937 -0.0049458461039228073 -0.0054792417227187105 -0.012569768863850217 -0.015532965241382366 -0.012226225035209459 0.013834463497942099 0.08222684677312242 0.028214490603316052 -0.024769039881809139 0.037419999708374278
leaf_weight=52.913521686568856 1325.6862616082653 65.057406831532717 11.181537989526985 68.07629426009953 58.425152331590652 555.1076618283987 25.784083874896169 54.936902372166514 7.5939577091485289 62.238404538482428 19.043120825663209 6.759208519011735 16.351289162412286 17.931763894855976
leaf_count=689 17856 973 113 828 803 7675 397 720 122 836 175 111 230 222
internal_value=3.52528e-05 -0.00332256 0.0133924 -0.00483695 0.00765532 -0.00742597 0.0018123 0.0097214 0.0175099 0.0293284 0.0576227 -0.0089843 -0.000886671 0.00967155
internal_weight=2347.09 810.762 64.0951 746.667 126.501 620.165 1536.32 210.639 148.943 88.8755 26.6371 61.6961 60.0671 43.7158
internal_count=31750 11081 802 10279 1631 8648 20669 2813 1982 1133 297 831 849 619
is_linear=0
shrinkage=0.05


Tree=96
num_leaves=15
num_cat=0
split_feature=36 41 23 42 39 36 39 28 34 38 38 41 37 28
split_gain=5.85814 6.8961 5.23709 10.3482 11.8202 8.4952 10.1671 8.15232 7.8303 18.0741 17.4354 21.858 14.9172 13.0666
threshold=0.030757561690817895 0.0061302643752805261 0.014664009330290996 0.81642014604006752 0.0042975452724997414 0.01297477702949479 0.0049193005963097123 3.5000000000000004 0.02572440558005307 3.0195974540894297 2.6617217319202666 0.020405604056476959 0.0038116809375934317 1.5000000000000002
decision_type=2 2 2 2 2 2 2 2 2 2 2 2 2 2
left_child=2 -2 8 4 -4 6 -6 -7 9 -1 12 13 -10 -12
right_child=1 -3 3 -5 5 7 -8 -9 10 -11 11 -13 -14 -15
leaf_value=0.0012043451989266047 -0.037358046558559774 0.0097120679059767533 -0.020799255920221884 0.0029175655984877659 0.016675072006456997 0.040281912711856431 -0.024526032352091998 -0.011358652531376114 0.036975169552430402 -0.030115509839412049 0.012631508284972465 -0.011028761612678961 -0.001232616339059363 0.071798526797407738
leaf_weight=1501.2909640520811 16.474969625473026 9.5268373060971481 135.37761263828725 238.41898177191615 20.614815514534712 17.572764290496711 32.166525140404701 8.8188261836767179 23.645212708041072 42.516995722427964 17.637362098321319 18.66908217780292 233.58713718689978 23.55994850769639
leaf_count=19755 349 169 2229 3212 297 281 532 127 292 636 200 259 3064 303
internal_value=0.000264744 -0.0213271 0.000552841 -0.00423973 -0.0120786 0.00318264 -0.00838365 0.0239654 0.00172765 0.000247349 0.00881885 0.031996 0.00291755 0.0505767
internal_weight=2339.88 26.0018 2313.88 452.97 214.551 79.1729 52.7813 26.3916 1860.91 1543.81 317.099 59.8664 257.232 41.1973
internal_count=31705 518 31187 6678 3466 1237 829 408 24509 20391 4118 762 3356 503
is_linear=0
shrinkage=0.05


Tree=97
num_leaves=15
num_cat=0
split_feature=46 34 34 38 38 39 39 28 34 38 15 39 41 28
split_gain=6.08122 6.44426 15.2108 17.3509 16.6654 15.8097 21.6656 12.5677 10.4785 8.78266 8.50065 8.48862 8.36688 13.5169
threshold=1.0000000180025095e-35 0.036893188068108491 0.02572440558005307 3.068142964877667 2.8625662087715802 0.003896651996107405 0.0028652518933244384 1.0000000180025095e-35 0.023589336129402842 3.4587925653701661 3.1785839131968934 0.0060679494761668338 0.016395360738742485 4.5000000000000009
decision_type=2 2 2 2 2 2 2 2 2 2 2 2 2 2
left_child=1 2 3 8 5 6 -4 -6 12 10 11 -3 -1 -14
right_child=-2 9 4 -5 7 -7 -8 -9 -10 -11 -12 -13 13 -15
leaf_value=-0.0012033186701993991 0.0052994291826342424 -0.01854025911467877 -0.0047480119252837827 -0.031383072806921375 -0.016938325368784316 -0.013261893848872934 0.045015679766048533 0.053235235784036376 -0.025167320744981264 0.02958526102670176 0.0089651791839832854 0.0073023100139991944 0.033611804462428445 -0.014295808560981308
leaf_weight=1361.2654396016151 370.12267859280109 188.9914733832702 44.279075391590595 44.040269330143929 5.3280291873961678 62.738350441679358 36.632957501336932 29.580684877932072 39.009742585942149 9.6133909840136749 43.286673624068499 35.19832656159997 37.523021597415209 19.022473152726889
leaf_count=18371 4799 2704 630 686 98 802 437 332 557 133 708 514 481 239
internal_value=-0.000534812 -0.0016492 -0.000473189 -0.00212824 0.0131173 0.00499036 0.0190911 0.0417446 -0.00113954 -0.00864218 -0.0105338 -0.0144121 -0.000392321 0.0176431
internal_weight=2326.63 1956.51 1679.42 1500.86 178.559 143.65 80.912 34.9087 1456.82 277.09 267.476 224.19 1417.81 56.5455
internal_count=31491 26692 22633 20334 2299 1869 1067 430 19648 4059 3926 3218 19091 720
is_linear=0
shrinkage=0.05


Tree=98
num_leaves=15
num_cat=0
split_feature=23 42 39 39 27 36 32 39 14 33 5 28 28 33
split_gain=6.85566 9.30473 9.79669 12.2071 8.63438 8.50656 8.0116 6.88462 7.01815 13.6248 12.5291 11.7867 15.2177 9.25898
threshold=0.012093109837192475 0.75233726518130195 0.0042975452724997414 0.0045593436695141642 6.5000000000000009 0.013986131442172868 0.10726270373921382 0.0078202828573643215 1.1040352711108807 0.099091727354553655 -0.034270239811897134 3.5000000000000004 1.0000000180025095e-35 0.020168124194969838
decision_type=2 2 2 2 2 2 2 2 2 2 2 2 2 2
left_child=7 2 -2 4 -4 6 -5 8 -1 10 11 12 -10 -12
right_child=1 -3 3 5 -6 -7 -8 -9 9 -11 13 -13 -14 -15
leaf_value=0.00026646047098038029 -0.020126051600425587 0.00088370366690928605 -0.01362173444024418 0.014997304314536506 0.050256064734084109 0.012763899928451859 -0.032080393994086596 -0.016264652021490685 0.023447076612485143 0.013124423326650973 0.043558299976058736 0.010308756236920581 -0.033534284007561942 0.00081245811951020713
leaf_weight=1267.5542734349146 141.5447416305542 314.97955177538097 5.0171599537134197 8.5731366798281652 12.658158766105769 24.542054146528244 33.099770376458764 46.828130534850061 10.393381090834735 325.34365501627326 13.471980810165403 31.282684821635485 64.333289545960724 40.94483477063477
leaf_count=16809 2337 4269 65 151 193 385 533 752 148 3972 158 414 975 587
internal_value=0.00022438 -0.00468863 -0.0123246 0.00123023 0.0331188 -0.00900967 -0.0218263 0.00170819 0.0022331 0.00730979 -0.00452254 -0.0143239 -0.0246356 0.01417
internal_weight=2340.57 540.415 225.435 83.8903 17.6753 66.215 41.6729 1800.15 1753.32 485.77 160.426 106.009 74.7267 54.4168
internal_count=31748 7933 3664 1327 258 1069 684 23815 23063 6254 2282 1537 1123 745
is_linear=0
shrinkage=0.05


Tree=99
num_leaves=15
num_cat=0
split_feature=37 30 5 14 14 1 33 37 34 33 32 37 37 20
split_gain=6.55917 5.97199 6.27946 5.81211 6.62515 7.41416 7.41782 6.82282 7.46243 16.2363 13.6916 6.33989 7.1839 6.22156
threshold=-0.068628324984787034 8.8500000000000014 -0.18218941257953505 0.55024254735159694 0.9884807915341528 -0.042925721367873641 0.010256679991584264 -0.01399383740639387 -0.028414186410856992 0.0739497887148894 0.027059182428309948 0.00025211441955841357 -0.010436175626255205 8.0761158449424588
decision_type=2 2 2 2 2 2 2 2 2 2 2 2 2 2
left_child=-1 2 -2 11 5 -5 -7 -8 9 10 -9 12 -4 -11
right_child=1 -3 3 4 -6 6 7 8 -10 13 -12 -13 -14 -15
leaf_value=0.035634810861876837 -0.014687363560513842 0.0040481522654725313 -0.0032045580481173414 0.020283085796495019 0.0016194723860589188 0.024259138067832968 -0.017023215615621343 0.034204756012659876 -0.0062638676836503293 -0.0025229136357526384 -0.023747347662300682 -0.0028155705858776605 0.042257241337265994 0.053524517333970324
leaf_weight=7.9266885984688988 82.291048118844628 632.80466807074845 12.177153972908853 23.409753521904349 801.28870532754809 15.157236928120254 125.16390665620565 9.4026528522372228 527.17833654768765 5.8556033000350025 30.868267960846424 31.665947856381536 20.493548830971122 16.650940414518118
leaf_count=122 1099 8054 163 308 10917 241 1932 131 7376 73 433 447 273 211
internal_value=0.000116527 -7.99832e-05 -0.00162255 -0.000915445 -0.00154232 -0.00489232 -0.00583178 -0.00663358 -0.0043048 0.0113951 -0.00793306 0.0132543 0.0271363 0.0411345
internal_weight=2342.33 2334.41 1701.6 1619.31 1554.98 753.687 730.277 715.12 589.956 62.7775 40.2709 64.3367 32.6707 22.5065
internal_count=31780 31658 23604 22505 21622 10705 10397 10156 8224 848 564 883 436 284
is_linear=0
shrinkage=0.05


Tree=100
num_leaves=15
num_cat=0
split_feature=34 34 41 27 41 2 35 34 36 35 5 35 41 28
split_gain=5.8125 14.6388 9.47176 28.5567 14.1849 13.8198 14.1567 11.979 12.1114 12.0838 15.5837 10.7469 19.6514 26.197
threshold=-0.066929805893291852 -0.058195981034093507 -0.02520679144032539 15.500000000000002 -0.025814060101948724 -0.02210287825268353 -0.042773741608064818 -0.04956677086688676 -0.013063873563129989 -0.020542863206408021 -0.054119086123107389 -0.024001063742417835 -0.031335347746104351 1.5000000000000002
decision_type=2 2 2 2 2 2 2 2 2 2 2 2 2 2
left_child=-1 -2 3 4 11 6 -4 8 -8 -9 -11 12 13 -3
right_child=1 2 5 -5 -6 -7 7 9 -10 10 -12 -13 -14 -15
leaf_value=0.010435463656686617 -0.025010121140637845 0.047181161446540935 0.025502942656731427 -0.01544753703964228 0.059935721721625104 0.0011666257159246944 0.044877649076759875 -0.024939160900091958 -0.023648221571652007 0.0060881652798449931 -0.018802936008706729 0.023880674417467815 -0.038347288439908193 -0.017813025508528004
leaf_weight=122.26211176626384 54.538606003858149 25.75795398466289 23.209952769801021 81.781171374022961 14.643523443490265 1455.1606850493699 13.426846899092199 138.10850721970201 6.0768447853624812 122.00809392891824 120.83015475235879 106.52615691162646 19.451076257973909 27.287924587726593
leaf_count=1788 882 278 249 1265 176 19242 158 2168 98 1727 1739 1258 251 343
internal_value=4.4378e-05 -0.00055306 0.000122587 0.00869513 0.0190223 -0.00115395 -0.00904514 -0.0113373 0.023058 -0.0133742 -0.00642649 0.0141381 -0.000794639 0.0150924
internal_weight=2331.07 2208.81 2154.27 275.448 193.667 1878.82 423.66 400.45 19.5037 380.947 242.838 179.023 72.497 53.0459
internal_count=31622 29834 28952 3571 2306 25381 6139 5890 256 5634 3466 2130 872 621
is_linear=0
shrinkage=0.05


Tree=101
num_leaves=15
num_cat=0
split_feature=28 41 37 35 34 27 32 41 34 34 4 39 39 39
split_gain=6.30495 17.0912 14.0242 13.9085 11.0246 22.7445 12.5745 10.8814 13.5402 16.7912 13.3252 12.4516 14.2121 13.0055
threshold=1.5000000000000002 0.0066536500960927012 -0.011000630433429413 -0.04578911904522525 -0.031102803971017997 15.500000000000002 0.099645390070922005 0.017079516985028968 0.00077474572044156098 -0.00809388926100779 -0.018991635607921272 0.0059094768390249653 0.0068221231911434173 0.0037861545186720215
decision_type=2 2 2 2 2 2 2 2 2 2 2 2 2 2
left_child=1 2 3 -1 5 -4 -6 8 9 -2 -10 13 -13 -12
right_child=7 -3 4 -5 6 -7 -8 -9 10 -11 11 12 -14 -15
leaf_value=0.026360985628289577 0.00077978977843071531 -0.017318722834134919 0.044492703411748359 -0.016981609979280259 -0.029678273822346071 -0.026404755987114142 0.0056752226467661968 0.010120059547471362 -0.020652063933892174 0.020127535141210975 0.0030899653267251921 0.040637830873102535 -0.010510814820858477 -0.017023062502684372
leaf_weight=16.769001265987754 701.95733450818807 166.95099905505776 38.097018595784903 135.70241501368582 22.605694824829698 11.591138502582906 281.34750161878765 326.90157229267061 120.29399593919516 128.56386073864996 188.0703314486891 28.626671450212598 19.951907232403755 133.73906324990094
leaf_count=228 9614 2507 436 2097 315 143 3864 4481 1519 1573 2373 384 320 1712
internal_value=0.000361832 -0.00369915 0.000919001 -0.0115291 0.00637187 0.0270519 0.00260815 0.00202645 -6.72839e-06 0.00387733 -0.00655362 -0.00176067 0.0206099 -0.00540126
internal_weight=2321.17 673.064 506.113 152.471 353.641 49.6882 303.953 1648.1 1321.2 830.521 490.682 370.388 48.5786 321.809
internal_count=31566 9590 7083 2325 4758 579 4179 21976 17495 11187 6308 4789 704 4085
is_linear=0
shrinkage=0.05


Tree=102
num_leaves=15
num_cat=0
split_feature=43 5 38 38 33 39 34 28 34 36 28 38 34 32
split_gain=6.33979 5.25033 6.31727 5.56742 6.00832 5.16638 5.02082 15.3085 11.1097 15.5348 9.77784 12.4668 11.4135 10.1463
threshold=0.18797682556071821 -0.045049404840890921 -2.6463620581385934 1.2985751807004415 0.040899966543994651 0.0016865320584313489 0.03754243166571803 1.5000000000000002 0.035857466592616578 0.011342823468346809 3.5000000000000004 0.88157380319982825 0.044975369458127974 0.94636864813039312
decision_type=2 2 2 2 2 2 2 2 2 2 2 2 2 2
left_child=1 5 -3 4 -4 -1 8 -8 -2 -10 11 -9 -12 -14
right_child=6 2 3 -5 -6 -7 7 10 9 -11 12 -13 13 -15
leaf_value=0.025574010828174648 0.0018714310343954038 0.018200822298937224 0.013594673891090758 0.0031234156192009748 -0.023877270145376259 -0.0028283322255002277 -0.022633272655776224 -0.020882849317360067 -0.001529499615176066 0.070000926854613246 -0.028101693196577945 0.021002973928008969 0.02843203226515529 -0.0077349216195897923
leaf_weight=12.553145084530113 1651.8171526184306 11.073537575080989 8.6620377246290428 30.015254887752235 103.78577668964863 177.33019439969212 79.663360885344446 17.806274695321918 15.588850518688561 9.4180898778140527 38.263365583494306 86.079411571845412 22.960775606334209 58.747333129867911
leaf_count=156 22064 158 119 402 1384 2520 1319 208 235 96 532 1248 305 877
internal_value=0.000261238 -0.00596017 -0.0126776 -0.0156135 -0.0205349 -0.000342698 0.00135241 -0.0045164 0.00242499 0.0325854 0.00228442 0.0131944 -0.00731265 0.00348181
internal_weight=2323.76 343.42 153.537 142.463 112.448 189.883 1980.34 303.521 1676.82 25.0069 223.857 103.886 119.971 81.7081
internal_count=31623 4739 2063 1905 1503 2676 26884 4489 22395 331 3170 1456 1714 1182
is_linear=0
shrinkage=0.05


Tree=103
num_leaves=15
num_cat=0
split_feature=22 28 33 33 41 33 38 33 35 35 37 27 12 35
split_gain=6.22561 14.2767 15.1698 13.1652 12.3664 19.7789 17.6606 12.1177 11.7642 11.9186 11.1551 10.928 10.5687 9.79525
threshold=1.0000000180025095e-35 2.5000000000000004 0.023811023622047248 0.47889957264957272 -0.027203192833249453 0.099091727354553655 -0.92985168537692298 0.0091326105087572995 -0.020542863206408021 -0.019428401108437878 -0.0015125059554609297 19.500000000000004 59.373682541518583 -0.041132307574843256
decision_type=2 2 2 2 2 2 2 2 2 2 2 2 2 2
left_child=1 2 -1 8 6 -6 13 -2 -3 -10 -11 -7 -9 -4
right_child=7 3 4 -5 5 11 -8 12 9 10 -12 -13 -14 -15
leaf_value=-0.034049031299661962 0.036081299261079884 0.0042033100906008949 -0.0095077433123352591 -0.016132719390546318 -0.030596169881863568 -0.001000614566531636 -0.021520726946523003 -0.0080813305776585506 0.061625217952409474 0.0094069564439800656 0.041422620996813451 0.043387694006842586 0.0005030681208624796 0.044462696285864162
leaf_weight=33.124434940516949 16.042864201590419 170.96878871321678 8.6521022841334325 37.720101581886411 53.401027734391391 94.087759010493755 16.29095228202641 509.88449147902429 13.695744674652813 115.84767970815301 32.575598107650876 11.220479955896733 1179.0694150086492 35.429660780355334
leaf_count=601 179 2375 99 467 892 1254 228 7295 144 1555 348 148 15615 486
internal_value=-7.75244e-05 0.0041801 -0.00494044 0.0103667 0.000122219 -0.0072215 0.0185034 -0.00164096 0.0135618 0.0230101 0.0175546 0.00548119 -0.00210471 0.0339803
internal_weight=2328.01 623.014 252.206 370.808 219.082 158.709 60.3727 1705 333.088 162.119 148.423 105.308 1688.95 44.0818
internal_count=31686 8597 3708 4889 3107 2294 813 23089 4422 2047 1903 1402 22910 585
is_linear=0
shrinkage=0.05


Tree=104
num_leaves=15
num_cat=0
split_feature=39 28 16 22 39 14 17 37 20 39 39 2 23 39
split_gain=6.10452 9.51828 10.5495 10.5346 9.3298 8.34219 6.90996 5.91695 7.41882 8.06398 14.2713 16.2027 7.3314 12.8995
threshold=0.0019343689322780307 4.5000000000000009 0.3315587455122766 1.0000000180025095e-35 0.0018905330062785543 1.3712063025284127 -2.5183728540815791 -0.068628324984787034 12.146962133956317 0.0023461645425991427 0.0027162130978013988 -0.022509735085780743 0.014027517647893341 0.0042975452724997414
decision_type=2 2 10 2 2 2 2 2 2 2 2 2 2 2
left_child=1 2 -1 6 5 -5 -3 -2 12 -10 11 -11 -9 -14
right_child=7 3 -4 4 -6 -7 -8 8 9 10 -12 -13 13 -15
leaf_value=-0.0056761509268329173 0.03284602044571127 -0.0023240985258571752 0.048612377243366534 -0.0086008121225245281 0.035087980334231009 0.031501436893240219 0.038240891353397671 0.0032256468639910284 -0.022860009000842275 0.035218396942990247 -0.0071232586368317674 -0.0095338312690368809 -0.011659643625205739 0.00608260303366801
leaf_weight=12.125119443982838 8.2463801149278861 15.014411162585018 21.260684005916119 152.88142991997302 10.532196342945097 9.235013956204055 26.137102328240871 1112.4337144102901 55.789645412936807 41.302686169743538 415.19670301955193 32.862164339050651 248.35369311645627 167.89819743297994
leaf_count=161 128 173 313 1929 144 123 323 14751 782 539 5699 450 3678 2497
internal_value=0.000421203 0.00776845 0.0307246 0.00356354 -0.00205176 -0.00544222 0.0247921 -0.000467587 -0.000678737 -0.0056586 -0.00348618 0.0160391 0.00110981 -0.00451593
internal_weight=2329.27 247.186 33.3858 213.8 172.649 162.116 41.1515 2082.08 2073.84 545.151 489.362 74.1649 1528.69 416.252
internal_count=31690 3166 474 2692 2196 2052 496 28524 28396 7470 6688 989 20926 6175
is_linear=0
shrinkage=0.05


Tree=105
num_leaves=15
num_cat=0
split_feature=18 26 35 33 33 38 41 32 32 39 33 38 38 33
split_gain=5.64712 4.73573 8.63348 7.55016 12.4086 9.89888 9.41746 12.041 15.2481 13.3958 13.2775 13.1985 14.7665 8.99202
threshold=0.2671890286397704 2.5000000000000004 -0.017809962006343934 0.099091727354553655 0.10726270373921382 -1.8077516796914905 -0.022282291837151299 0.059072781655034899 0.086785347483738465 0.002648456274835188 0.16780870136574838 -2.8301304463335089 -2.7692931296177146 0.12748387945782344
decision_type=2 2 2 2 2 2 2 2 2 2 2 2 2 2
left_child=1 3 -3 -1 5 -5 13 -8 9 -9 -11 -10 -13 -6
right_child=-2 2 -4 4 6 -7 7 8 11 10 -12 12 -14 -15
leaf_value=-0.00609564591004896 -0.014079659463520914 0.020648785633826234 0.0014066198682389742 0.056534254693013403 -0.020818731377516966 -0.0017398755089739965 -0.031363355688929707 -0.022333635861296948 -0.0306903825161042 -0.0038333729964814879 0.059465070011501545 0.051659099536307207 -0.00036339254621586733 0.02339871513427275
leaf_weight=448.47150944359601 63.636538915336132 72.584515385329723 237.8237081002444 13.00917883589864 9.6326163001358491 11.753548128530381 25.619072485715151 7.1857451088726512 30.558936992660165 10.989284221082924 22.744467031210661 8.785734970122574 1291.3928931225091 68.190072083845735
leaf_count=6635 749 996 3391 154 133 156 327 91 449 162 250 116 17152 873
internal_value=4.97212e-05 0.000478014 0.00616213 -0.000441035 0.00126438 0.033229 0.000617342 -0.000352422 0.000338591 0.0286672 0.0410116 -0.000636546 0.000184694 0.0169992
internal_weight=2322.38 2258.74 310.408 1948.33 1499.86 24.7627 1475.1 1397.28 1371.66 40.9195 33.7338 1330.74 1300.18 77.8227
internal_count=31634 30885 4387 26498 19863 310 19553 18547 18220 503 412 17717 17268 1006
is_linear=0
shrinkage=0.05


Tree=106
num_leaves=15
num_cat=0
split_feature=39 28 27 34 16 7 35 33 44 14 4 5 20 39
split_gain=5.44392 10.8214 11.6788 11.5165 11.0158 10.2608 8.72258 6.21315 8.99179 6.82534 7.95829 7.80763 4.83507 7.51822
threshold=0.0019343689322780307 4.5000000000000009 17.500000000000004 -0.015110971569110119 0.049224832659422055 0.91114411768547032 -0.016985883263356479 0.48858329008822005 0.95017730496453912 0.66983845353101257 0.023364485981308362 0.13030229728342937 12.046808006844023 0.0064908497132076361
decision_type=2 2 2 2 10 10 2 2 2 2 2 2 2 2
left_child=1 4 3 5 -1 -3 -4 8 -5 10 -9 -11 13 -2
right_child=12 2 6 7 -6 -7 -8 9 -10 11 -12 -13 -14 -15
leaf_value=-0.016167056976640809 0.0020124448584343275 0.026486630149033841 0.027707654589057773 0.048089094713378577 0.044600682006206399 -0.023367957321791571 -0.02156493936494774 0.0011608718558029482 -0.0036383995929586428 -0.011932720931856313 0.05494835193073247 0.030811040102231815 -0.0044138481793611272 -0.01120250831651394
leaf_weight=6.9024811368435612 1408.5918365595862 9.4841113090515119 6.1583647783845654 25.715188529342413 26.799240337684751 33.607297303155065 54.870248271152377 13.712107796221973 10.647514268755911 40.131944924592972 9.2574695684015733 9.0135013945400697 557.67516236193478 111.53153286036104
leaf_count=87 19123 112 85 317 383 436 718 183 112 501 117 122 7693 1701
internal_value=0.000386264 0.00733738 0.00284029 0.0102189 0.031674 -0.0107823 -0.0148712 0.0186689 0.0343337 0.00905622 0.0287865 -0.00197203 -0.000453348 0.00100932
internal_weight=2324.1 246.299 212.598 151.569 33.7017 43.0914 61.0286 108.478 36.3627 72.115 22.9696 49.1454 2077.8 1520.12
internal_count=31690 3173 2703 1900 470 548 803 1352 429 923 300 623 28517 20824
is_linear=0
shrinkage=0.05


Tree=107
num_leaves=15
num_cat=0
split_feature=37 19 39 28 37 38 37 0 41 27 20 39 41 37
split_gain=5.77928 6.15914 5.13388 8.98937 9.24734 18.1451 11.4027 6.94324 6.29922 5.33293 5.02202 10.4537 19.9393 18.7196
threshold=-0.068628324984787034 0.014268171197924956 0.0016558931583486218 4.5000000000000009 -0.0045238459832314662 -0.76646563976725346 0.0024442116493876846 0.011926964276247844 -0.016611734625923965 4.5000000000000009 12.337507617245647 0.0041294735289663107 -0.0074959285239488962 -0.012068568656862842
decision_type=2 2 2 2 2 2 2 2 2 2 2 2 2 2
left_child=1 -1 3 -2 8 9 7 -7 -5 -6 -4 12 13 -12
right_child=2 -3 10 4 5 6 -8 -9 -10 -11 11 -13 -14 -15
leaf_value=-0.0073160161271541534 0.044763047621889228 0.058080704669691299 0.00084147382170061404 -0.0026604434256665747 0.0040416709489045988 0.041482406067493365 -0.0059125242223853425 0.0025241506932977848 0.046662211019281502 -0.045038726714399985 -0.0066407336577470749 -0.013427636747607575 -0.015012341757230175 0.022139145181510764
leaf_weight=4.4400781225413066 10.59618475101888 3.7437263838946819 1616.8527651038021 8.9684340320527571 6.1233072616159943 25.065207840874791 57.636231396347284 19.565504724159837 14.292146002873777 19.863310649991035 97.277141751721501 206.16045546345413 123.99737858399749 124.00264136306942
leaf_count=87 157 38 22135 109 63 312 706 245 179 244 1349 3031 1664 1578
internal_value=0.000270344 0.0332816 8.34103e-05 0.00852835 0.00464522 -0.00102068 0.00875243 0.0263785 0.0305391 -0.0346877 -0.000566137 -0.00466382 0.000685915 0.00962001
internal_weight=2338.58 8.1838 2330.4 162.11 151.514 128.254 102.267 44.6307 23.2606 25.9866 2168.29 551.438 345.277 221.28
internal_count=31897 125 31772 2015 1858 1570 1263 557 288 307 29757 7622 4591 2927
is_linear=0
shrinkage=0.05


Tree=108
num_leaves=15
num_cat=0
split_feature=31 35 18 27 12 14 5 24 28 32 35 27 5 27
split_gain=7.62904 5.10678 4.38907 5.75778 8.00854 10.1363 7.97776 7.44675 5.60953 9.60922 13.5717 6.69982 6.56755 5.41343
threshold=0.59092179397238642 0.038916304646571871 0.090909090909091009 13.500000000000002 62.098284853397139 0.64992453495313096 -0.045049404840890921 0.025787557627772198 5.5000000000000009 0.03478523895946764 -0.02086707618589306 17.500000000000004 -0.11607876856675596 5.5000000000000009
decision_type=2 2 2 2 2 2 2 2 2 2 2 2 2 2
left_child=1 2 3 7 6 -6 -5 -1 -4 12 -11 -12 -10 -9
right_child=-2 -3 8 4 5 -7 -8 13 9 10 11 -13 -14 -15
leaf_value=-0.0045340078648608293 -0.0044391423199959118 -0.017615937822940034 0.0024957584190346909 0.018632687589527738 -0.014159667326858309 0.033004525426413044 -0.0094529435309350825 0.030512779859895086 0.030289621984680798 -0.03788449375893807 0.00093565756233084975 -0.022077639998246783 -0.010285104364719059 -0.0013142365741643488
leaf_weight=145.93992776423693 665.53036340419203 27.995330184698105 1026.4131973804906 41.878745438531041 10.764709901064633 62.417012931779027 50.261887295171618 26.455813700333238 23.146198676899076 31.316281628794968 141.50099084712565 35.593140104785562 12.324172744527457 22.53485456854105
leaf_count=1870 9373 481 13739 600 132 789 699 312 297 538 1886 520 181 297
internal_value=6.3514e-05 0.00187823 0.00226576 0.00709696 0.0138146 0.025605 0.00361424 0.00119669 0.000873183 -0.00586865 -0.010004 -0.00416887 0.016663 0.017107
internal_weight=2324.07 1658.54 1630.55 360.253 165.322 73.1817 92.1406 194.931 1270.29 243.881 208.41 177.094 35.4704 48.9907
internal_count=31714 22341 21860 4699 2220 921 1299 2479 17161 3422 2944 2406 478 609
is_linear=0
shrinkage=0.05


Tree=109
num_leaves=15
num_cat=0
split_feature=39 38 36 38 39 23 27 5 39 35 39 33 33 33
split_gain=5.19624 33.4389 22.7457 19.64 10.6885 10.5618 9.40681 8.53836 9.28563 7.92518 7.84533 10.227 9.08199 12.4717
threshold=0.0049336053215082703 2.7240510493499221 0.030757561690817895 2.3718390005009957 0.002220096648943203 -0.039524000532575203 19.500000000000004 0.0093154553725918205 0.001631973038500585 0.038916304646571871 0.0048258833719777476 0.06343617259110218 0.0091326105087572995 0.029268989149057685
decision_type=2 2 2 2 2 2 2 2 2 2 2 2 2 2
left_child=3 5 9 10 7 -2 -6 -5 -9 -3 12 -12 -1 -14
right_child=1 2 -4 4 6 -7 -8 8 -10 -11 11 -13 13 -15
leaf_value=0.025367865603748704 0.018451528158372744 0.053926017241183101 -0.01981717144785182 -0.014514533536126216 -0.023443471445628909 -0.010768400923500756 0.0097912991058539157 -0.0019600266942522517 0.056766488894095662 -0.0042379098876300422 -0.020634588708823051 0.034184445788322873 -0.017684901093470855 0.0033495397121667153
leaf_weight=39.158185558393598 28.884109411388636 38.445049708709121 14.322257083840666 16.890983145684004 135.54532380774617 416.51874892599881 22.230698518455029 12.633837042376401 8.6635557878762466 5.9653259739279738 7.1896721739321938 35.176997363567352 69.092570235021412 1462.6852318858728
leaf_count=547 410 482 269 223 1944 6086 335 160 107 60 147 440 1079 19310
internal_value=0.00053593 -0.00392908 0.0300229 0.00178746 -0.0129621 -0.00868971 -0.0186038 0.00980199 0.0281803 0.046475 0.00361357 0.0236854 0.00299882 0.00234631
internal_weight=2313.4 504.135 58.7326 1809.27 195.964 445.403 157.776 38.1884 21.2974 44.4104 1613.3 42.3667 1570.94 1531.78
internal_count=31599 7307 811 24292 2769 6496 2279 490 267 542 21523 587 20936 20389
is_linear=0
shrinkage=0.05


Tree=110
num_leaves=15
num_cat=0
split_feature=36 27 13 39 2 16 44 17 9 17 21 12 21 36
split_gain=4.82241 4.70806 4.62933 6.55291 5.92901 8.67081 8.21399 7.21074 7.1601 7.41307 7.14613 6.19017 5.83739 5.51746
threshold=0.030757561690817895 6.5000000000000009 0.017100214293389017 0.0019626479736593963 -0.042113214372303191 1.2372578862297556 0.77815063385533201 -1.8183587561065593 -0.13078178023323941 -2.4894776168495727 0.86875000000000013 66.101163679749945 0.68263888888888902 0.025954294611816756
decision_type=2 2 2 2 2 8 2 2 2 2 8 2 8 2
left_child=2 -2 3 -1 8 6 -6 -8 -4 -10 -11 -9 -13 -5
right_child=1 -3 4 13 5 -7 7 11 9 10 -12 12 -14 -15
leaf_value=0.0071065699224319061 0.014102124657334642 -0.028939563817965187 -0.011678023716072412 -0.0020864434160619313 -0.014985186677699262 0.020575137609824226 -0.019906391993815699 0.017116412203347819 -0.00068738402566492687 0.037578530452178155 0.0070214754624319175 -0.019114725087136547 0.0081447140280563324 0.021036265640921398
leaf_weight=236.76089291647077 5.0966960713267353 20.48944507073611 20.600584389641881 1594.329060960561 83.082124970853329 43.086417749524117 22.809248056262732 78.086245067417622 36.734255336225033 48.048983799293637 34.239466222003102 27.385096155107021 45.20058461651206 21.25035616196692
leaf_count=3075 72 460 254 22548 1044 457 286 771 448 579 484 270 567 301
internal_value=0.000261538 -0.019462 0.000523646 -0.000574267 0.00510772 0.00107616 -0.00252915 0.00368887 0.0134236 0.0180639 0.0259945 0.00778545 -0.00270878 -0.00171834
internal_weight=2317.2 25.5861 2291.61 1852.34 439.273 299.65 256.563 173.481 139.623 119.023 82.2885 150.672 72.5857 1615.58
internal_count=31616 532 31084 25924 5160 3395 2938 1894 1765 1511 1063 1608 837 22849
is_linear=0
shrinkage=0.05


Tree=111
num_leaves=15
num_cat=0
split_feature=35 30 10 27 41 23 43 38 35 16 19 5 34 11
split_gain=5.67079 4.73749 4.63238 4.45817 6.44559 4.40692 5.69723 8.28032 9.52994 7.51061 5.04212 4.57834 5.35644 4.54903
threshold=0.038916304646571871 8.8500000000000014 0.69061662172968552 15.500000000000002 0.011590129582085164 0.014664009330290996 0.55039714303306464 1.3461022486663994 0.010655621370629144 0.21211480213759018 0.0089343957816151957 0.093264141015129268 -0.0072323647320996212 0.56755145996750711
decision_type=2 2 2 2 2 2 2 2 2 8 2 2 2 2
left_child=1 2 -1 4 -2 6 -3 8 9 -8 -11 12 -7 -10
right_child=3 5 -4 -5 -6 11 7 -9 13 10 -12 -13 -14 -15
leaf_value=-0.00060680813632269144 -0.023662369670953535 0.00096619536486107016 -0.017296782354521475 -0.029527764986790789 0.024902559965456855 -0.017508171024610532 -0.015495966600798303 -0.0026724023481311584 0.054169658893188581 -0.0029622777978090264 0.020877150818027081 -0.015572704245942176 0.011317900080554182 0.00057659054306707772
leaf_weight=1635.4215514399111 8.1203718055039662 263.8359159771353 37.676266886293888 23.605245321989059 9.2861501369625312 17.326332449913025 17.833187712356448 70.931419411674142 17.752853037789468 26.469348268583417 103.07461643405259 48.222375858575106 53.897995002567768 4.9249877072870722
leaf_count=22729 178 3457 500 400 146 258 214 854 207 310 1154 622 769 60
internal_value=7.79854e-06 0.000355122 -0.00103306 -0.0173727 0.00202185 0.00405423 0.00608901 0.0115639 0.0174087 0.0118735 0.016077 -0.00444454 0.00361707 0.0447375
internal_weight=2338.38 2297.37 1673.1 41.0118 17.4065 624.269 504.822 240.986 170.055 147.377 129.544 119.447 71.2243 22.6778
internal_count=31858 31134 23229 724 324 7905 6256 2799 1945 1678 1464 1649 1027 267
is_linear=0
shrinkage=0.05


Tree=112
num_leaves=15
num_cat=0
split_feature=23 42 39 39 38 17 20 23 39 35 35 35 16 35
split_gain=4.5232 6.7964 9.69641 9.39421 10.1007 5.58347 5.4835 7.61923 7.13722 6.48798 11.3438 10.9247 11.2736 9.55286
threshold=0.014664009330290996 0.818816263009435 0.0042975452724997414 0.0045593436695141642 2.7847162849617901 2.54575217007962 7.3831134274134049 -0.0095643920968473389 0.0069559287838043514 -0.0092371642453270546 -0.024941398934725075 -0.027882131225878123 0.16888355249727385 -0.024404191207451961
decision_type=2 2 2 2 2 2 2 2 2 2 2 2 10 2
left_child=6 2 -2 -4 -5 -3 8 9 -1 10 11 12 -8 -12
right_child=1 5 3 4 -6 -7 7 -9 -10 -11 13 -13 -14 -15
leaf_value=0.0058900985157632237 -0.018612563557054426 0.0062741275858670432 0.0293597242502944 -0.015170714676575422 0.031145636577240732 -0.010644444592624883 0.033974936126956228 -0.0057604826010617472 -0.018328135186402382 -0.0036227827286397078 0.047696609023589021 -0.025333060058989915 -0.0033129241575148658 0.0098698313207061274
leaf_weight=689.55080537125468 132.20720464736223 176.13672768697143 19.385399408638477 56.277684536762536 9.7173165604472143 61.829715566709638 19.663437588140368 447.78690350055695 27.033667330630124 261.08950950019062 13.478125346824525 39.03825138323009 110.07683217991143 251.97869749460369
leaf_count=8770 2274 2430 284 930 139 755 267 6105 454 3497 130 594 1631 3401
internal_value=0.000347544 -0.00409065 -0.0103738 0.00270747 -0.00663774 0.00174966 0.00144278 -0.000708556 0.00485578 0.00256277 0.00628081 -0.00379176 0.00338947 0.0126367
internal_weight=2315.25 455.554 217.588 85.3804 65.995 237.966 1859.7 1143.11 716.584 695.325 434.235 168.779 129.74 265.457
internal_count=31661 6812 3627 1353 1069 3185 24849 15625 9224 9520 6023 2492 1898 3531
is_linear=0
shrinkage=0.05


Tree=113
num_leaves=15
num_cat=0
split_feature=18 7 5 32 34 38 36 38 39 33 23 38 36 33
split_gain=4.50393 8.28039 6.63225 4.63609 10.1537 18.3754 17.6352 13.9827 13.1709 11.6871 9.36594 8.7261 10.3847 7.67069
threshold=0.20240480961923848 2.4708738290093888 0.18112388974415952 0.92882472137791294 0.02572440558005307 2.6617217319202666 0.025674880820579341 2.4221463455276075 0.0037507200877461909 0.93090185676392589 1.0000000180025095e-35 2.0409875022044282 0.016858205500561833 0.95872028627417583
decision_type=2 10 2 2 2 2 2 2 2 2 2 2 2 2
left_child=3 -2 -3 4 7 8 -7 11 9 10 -6 -1 -13 -10
right_child=1 2 -4 -5 5 6 -8 -9 13 -11 -12 12 -14 -15
leaf_value=0.0013879909069115584 -0.014987016553661423 0.0096749923275951718 -0.0173110189829036 -0.0038748496710263418 0.059729112854914793 0.07298370325405884 -0.0063124735502863676 -0.017806419593659913 -0.012041239392376387 -0.010124947621118251 0.014983825175273482 0.036073050201553263 -0.021336929671833524 0.02912874933033029
leaf_weight=1398.0334813129157 120.92500980384648 91.214741827920079 24.956959556788206 376.97686895914376 16.087815947830677 16.788540609180931 9.2420217506587488 89.319522162899375 79.987147260457277 19.641093533486128 37.574217759072781 30.329632319509983 6.5330322869122019 8.2262687832117063
leaf_count=18926 1540 1099 333 5684 191 185 107 1242 1073 269 518 405 84 134
internal_value=0.000365291 -0.0060924 0.00340254 0.00111111 0.00221725 0.0130369 0.0483493 0.000847672 0.0060649 0.0210463 0.032346 0.00206665 0.0245653 -0.00684543
internal_weight=2325.84 237.097 116.172 2088.74 1711.76 187.547 26.0306 1524.22 161.517 73.3031 53.662 1434.9 36.8627 88.2134
internal_count=31790 2972 1432 28818 23134 2477 292 20657 2185 978 709 19415 489 1207
is_linear=0
shrinkage=0.05


Tree=114
num_leaves=15
num_cat=0
split_feature=16 39 37 33 28 27 4 37 44 21 15 39 39 1
split_gain=4.90077 9.42624 10.9359 9.27071 13.1912 9.24657 8.55505 8.49764 7.36311 6.71093 6.24446 8.82349 7.504 6.07519
threshold=0.69296970843810879 0.0024427568091758187 0.02068482017574769 0.051787994891443173 4.5000000000000009 8.5000000000000018 -0.035300836179737775 0.011122793132523958 0.7785474592521574 0.22986111111111115 3.0062832019676895 0.0048624557227649242 0.0032454974387501495 0.048782041125722715
decision_type=10 2 2 2 2 2 2 2 2 8 2 2 2 2
left_child=10 3 7 -2 5 -5 -7 9 -4 -3 -1 12 -12 -11
right_child=1 2 8 4 -6 6 -8 -9 -10 13 11 -13 -14 -15
leaf_value=0.0006691040795269226 0.033766219411178598 0.011273193467998373 0.016487523956177658 -0.0012026933133571227 -0.0073674733873657977 -0.010346990413355843 0.049905034739540693 -0.0222373893992222 -0.003904659908960112 -0.0098981676098415794 0.0031139167771978174 -0.0086703730414993806 0.03972464761140454 0.016379688013221452
leaf_weight=1337.5892711784691 21.886403009295464 44.489393450319767 72.659339813515544 25.299019040539861 116.75090309418738 5.5270446017384556 23.299724746495485 100.38136259838939 99.493629267439246 362.11328559555113 24.483508192002773 25.39356279745698 30.805502586066723 18.967442974448204
leaf_count=18202 264 582 1017 336 1497 63 312 1377 1324 5058 381 448 451 241
internal_value=-0.000314374 -0.00321084 -0.00590847 0.00646122 0.0021034 0.0214278 0.0385309 -0.00946729 0.00492455 -0.00623189 0.00150989 0.0145963 0.0251152 -0.00839506
internal_weight=2309.14 890.868 698.104 192.763 170.877 54.1258 28.8268 525.951 172.153 425.57 1418.27 80.6826 55.289 381.081
internal_count=31553 12071 9599 2472 2208 711 375 7258 2341 5881 19482 1280 832 5299
is_linear=0
shrinkage=0.05


Tree=115
num_leaves=15
num_cat=0
split_feature=32 33 0 39 33 32 39 37 38 33 34 35 35 37
split_gain=5.10291 10.7795 8.5058 6.08267 4.88282 13.612 26.4189 12.8791 21.7537 9.82406 19.7771 15.6703 9.73153 9.38281
threshold=0.0080322580645161307 0.0091326105087572995 -0.013141389450151196 0.0048490892270399901 0.059914529914529925 0.066890380313199119 0.0035733542282337829 -0.011874836926434594 -1.6628062424057655 0.089197312588401703 -0.029168619279224369 -0.017487717711034519 -0.044065163916618182 -0.01558108816576592
decision_type=2 2 2 2 2 2 2 2 2 2 2 2 2 2
left_child=2 -2 -1 -4 -3 6 -6 9 -9 11 -11 12 -8 -7
right_child=1 4 3 -5 5 13 7 8 -10 10 -12 -13 -14 -15
leaf_value=-0.039395057251569839 0.028029648791007517 -0.0061221602146430305 0.025544651840317484 -0.022911415387380635 -0.011007761355897209 -0.011863936399849007 0.00504202218693781 -0.032290773160177394 0.031850518742204938 -0.032581990843204359 0.047055779250801538 -0.0066605607145659128 0.080207774779226484 0.0007909741581249495
leaf_weight=15.976008072495459 30.07498156838119 272.14803992491215 10.736575504764916 6.2255778498947612 62.656901452690363 155.56698037590832 5.7836331073194733 16.785999668762088 29.019238505512476 9.7184468042105454 12.01432238332927 7.2456629779189816 27.06422533839941 1663.9916633479297
leaf_count=248 398 4238 122 109 846 2226 83 210 270 171 148 122 300 22294
internal_value=0.000223594 0.000523508 -0.017965 0.00659277 9.67779e-05 0.000960545 0.0142677 0.0288171 0.0074804 0.0428824 0.0120102 0.0564296 0.0693876 -0.000320531
internal_weight=2325.01 2292.07 32.9382 16.9622 2262 1989.85 170.288 107.632 45.8052 61.8263 21.7328 40.0935 32.8479 1819.56
internal_count=31785 31306 479 231 30908 26670 2150 1304 480 824 319 505 383 24520
is_linear=0
shrinkage=0.05


Tree=116
num_leaves=15
num_cat=0
split_feature=46 27 37 34 35 41 8 20 35 41 35 32 32 33
split_gain=5.78778 8.22017 6.27028 5.78669 9.79615 8.9985 6.46079 6.19525 5.38932 4.70896 4.4329 4.42848 13.2325 10.2313
threshold=1.0000000180025095e-35 8.5000000000000018 -0.068628324984787034 -0.054932566955264377 -0.016345793257499044 -0.0043600226208890249 0.83309785525599989 15.936407909779835 -0.02086707618589306 -0.048389145313454777 -0.0076122651747675954 0.0080322580645161307 0.010256679991584264 0.029268989149057685
decision_type=2 2 2 2 2 2 2 2 2 2 2 2 2 2
left_child=2 8 -1 9 5 -5 7 -6 -2 -3 -8 -4 -13 -14
right_child=1 3 11 4 6 -7 10 -9 -10 -11 -12 12 13 -15
leaf_value=0.034734571911714987 0.03998857400578168 0.0046541994919879889 -0.020135536581055338 0.034426056166363232 -0.014127214628356933 -0.017925191024954875 -0.016604017464489119 0.015454173391166502 0.010906657465652031 -0.030231401064459484 0.01480500061640806 0.028377050668397782 -0.019616411453349122 -0.00082941127020794234
leaf_weight=7.1478126347064963 15.711040003225206 13.784482507035134 25.747723206877708 33.373449850827456 92.951502978801727 7.0664029046893111 9.2204119414091092 17.270979011431336 104.40384589880705 20.205963069573045 60.808139149099588 32.591722985729575 70.524233844131231 1808.6289318958297
leaf_count=117 171 207 370 406 1205 84 120 201 1316 312 839 482 1169 24753
internal_value=1.46213e-05 0.00566139 -0.00108543 0.000495763 0.0035594 0.0243124 -0.00162714 -0.00902257 0.0161566 -0.0173013 0.00983857 -0.00130664 -0.00100119 -0.00158467
internal_weight=2319.44 374.796 1944.64 254.681 220.691 40.4399 180.251 110.222 120.115 33.9904 70.0286 1937.49 1911.74 1879.15
internal_count=31752 4861 26891 3374 2855 490 2365 1406 1487 519 959 26774 26404 25922
is_linear=0
shrinkage=0.05


Tree=117
num_leaves=15
num_cat=0
split_feature=18 1 6 14 41 38 20 36 41 33 38 38 41 28
split_gain=5.07293 6.62515 6.25595 6.48205 6.3967 10.3721 8.79018 7.28254 8.43427 13.298 7.23329 11.6353 11.117 8.91733
threshold=0.20240480961923848 -0.049560260029147367 2.2122819339968252 0.92839486168694108 -0.0023820480945616058 2.8625662087715802 2.1670335721108578 0.010138403077681215 0.019943076988887812 0.88593547627457914 -2.7692931296177146 -2.8301304463335089 -0.028524154599199599 3.5000000000000004
decision_type=2 2 2 2 2 2 2 2 2 2 2 2 2 2
left_child=1 -1 3 -3 5 10 -6 -8 9 -9 11 12 -4 -12
right_child=-2 2 4 -5 6 -7 7 8 -10 -11 13 -13 -14 -15
leaf_value=0.022430050504609368 -0.006007127314115495 7.3588666563332525e-05 0.023334576988134043 0.0091751421914863275 -0.0056753924358820575 -0.029082571315630648 0.0029705261435766404 0.00049991869005883128 -0.0079115043378701084 0.041111593440809689 -0.010688608267317289 0.050822207469705921 -0.011118416502140458 0.0022890340130621569
leaf_weight=32.590666087344289 238.2501092851162 380.78259927965701 33.488666733726859 397.48028946574777 200.15979221370071 34.77544592320919 298.91635990142822 33.03364478237927 21.866517556831241 47.214739393442869 297.78730440698564 9.602911399677394 54.941051265224814 232.54015855304897
leaf_count=420 2993 5396 428 5684 2694 560 3881 480 340 599 4244 111 785 3060
internal_value=0.00082774 0.001625 0.00123908 0.0047509 -0.000932834 -0.0043039 0.00279041 0.00703365 0.0182336 0.0254039 -0.00271381 0.00945156 0.00247959 -0.00502989
internal_weight=2313.43 2075.18 2042.59 778.263 1264.33 663.136 601.191 401.031 102.115 80.2484 628.36 98.0326 88.4297 530.327
internal_count=31675 28682 28262 11080 17182 9188 7994 5300 1419 1079 8628 1324 1213 7304
is_linear=0
shrinkage=0.05


Tree=118
num_leaves=15
num_cat=0
split_feature=35 37 37 33 37 34 23 32 32 15 33 33 41 35
split_gain=4.43243 14.2479 10.8455 14.5784 8.93652 9.38369 9.59348 8.64598 9.03778 4.63276 4.44236 15.0155 12.1958 11.1137
threshold=0.02549425771226688 0.021861865858208266 0.0033063154573504954 0.65800719748088177 0.027577758105346354 0.064205579828898476 -0.018074329899333493 0.99193495934959353 0.98386991869918716 1.8815870365436491 0.093988412780359104 0.089197312588401703 -0.021869844253247752 -0.033250175769976208
decision_type=2 2 2 2 2 2 2 2 2 2 2 2 2 2
left_child=10 2 3 -2 9 6 -6 8 -7 -3 11 -1 13 -12
right_child=1 4 -4 -5 5 7 -8 -9 -10 -11 12 -13 -14 -15
leaf_value=-0.00049238785992188701 -0.025948203869563646 -0.0026635020913652594 -0.030120257692839256 0.040138223983659238 0.025569586487537078 -0.0063429249467778009 -0.026115194326840258 -0.015896685016715744 0.056986697522292774 0.043294140538924636 -0.027102111654042506 -0.034453251940718042 0.0014110343174456982 0.0242459269895311
leaf_weight=517.60452767182142 12.133250342682006 6.7582216374576118 66.798694774508476 11.483535608276723 7.1438776943832627 7.3161108726635637 36.818764531053603 8.9527624137699586 10.882898909971116 15.276915574446319 7.6777492798864833 29.743387218564749 1485.3059381674975 91.151131052523851
leaf_count=7601 188 104 1104 180 83 111 548 127 158 223 129 478 19577 1124
internal_value=0.000586542 -0.00676371 -0.0203903 0.00758446 0.00682788 -0.00231757 -0.015963 0.0188229 0.0356478 0.0313131 0.0012339 -0.00263303 0.00257408 0.0191438
internal_weight=2315.05 183.565 90.4155 23.6168 93.1496 71.1144 43.9626 27.1518 18.199 22.0351 2131.48 547.348 1584.13 98.8289
internal_count=31735 2826 1472 368 1354 1027 631 396 269 327 28909 8079 20830 1253
is_linear=0
shrinkage=0.05


Tree=119
num_leaves=15
num_cat=0
split_feature=37 32 5 28 4 17 32 33 43 32 27 32 41 13
split_gain=5.31581 13.5093 16.7484 13.074 11.9694 8.46824 8.28616 11.8164 8.11409 7.63316 7.62516 10.4508 10.3208 15.7471
threshold=0.0024442116493876846 0.71642374490422756 -0.02657059727042926 1.0000000180025095e-35 0.061463436476801199 1.8429524211091668 0.29553833065507146 0.25506779893165327 0.63139231056364331 0.026088929219600727 15.500000000000002 0.27519857151653232 -0.024396266488850401 0.015422297472352572
decision_type=2 2 2 2 2 2 2 2 2 2 2 2 2 2
left_child=1 6 -3 -4 5 -5 7 10 -9 -2 12 -12 -1 -14
right_child=9 2 3 4 -6 -7 -8 8 -10 -11 11 -13 13 -15
leaf_value=0.011824620921878467 0.038538990502739796 -0.011699658104812671 -0.022915040339390874 0.0070521623364582231 0.013582290868249733 0.063392868654496851 -0.0093568652527424006 0.027094556139511974 -0.0030699106243243942 -0.0030559571806773045 -0.0075013964393187658 0.046217370813571822 -0.009980261896599129 0.015880669964185832
leaf_weight=224.24249269068241 6.1618924736976615 34.012053918093443 8.1168607063591462 9.8926973696798068 45.942073777318001 30.466003991663456 180.08757580816746 68.639626774936914 30.62459909170866 1096.2958352537826 299.73695621453226 4.3961389474570742 197.44016656745225 78.089113799855113
leaf_count=2940 46 417 124 136 600 389 2201 851 340 15187 4518 51 2919 971
internal_value=-0.000144435 0.00213726 0.0171493 0.0276073 0.0333538 0.0518824 0.000286837 0.00225067 0.0180874 -0.00265053 0.000195477 -0.00598994 0.00398162 -0.00249847
internal_weight=2314.14 1211.69 128.43 94.4176 86.3008 40.3587 1083.26 903.169 99.2642 1102.46 803.905 304.133 499.772 275.529
internal_count=31690 16457 1666 1249 1125 525 14791 12590 1191 15233 11399 4569 6830 3890
is_linear=0
shrinkage=0.05


Tree=120
num_leaves=15
num_cat=0
split_feature=30 41 33 38 35 38 34 35 34 34 0 34 32 38
split_gain=5.14847 6.22871 13.5356 11.7217 9.07509 8.5287 7.95854 12.1232 17.3729 10.2242 10.5034 8.86879 8.31813 8.29255
threshold=8.8500000000000014 -0.02520679144032539 0.080672496779879352 -0.085721923745912393 -0.023769512146071783 -3.1920107147485592 -0.03182449684665669 -0.033250175769976208 -0.027388659353165919 -0.052869642743601002 1.0000000180025095e-35 -0.02264415840033587 0.099645390070922005 -2.117890124090164
decision_type=2 2 2 2 2 2 2 2 2 2 2 2 2 2
left_child=1 2 5 4 -4 -1 9 8 -8 -3 -11 13 -10 -9
right_child=-2 6 3 -5 -6 -7 7 11 12 10 -12 -13 -14 -15
leaf_value=0.024895720802618791 0.0043325953899344032 0.011790957515931818 0.0054422074603288802 -0.0013441986290795458 0.053451770229636056 -0.0036645772289027184 0.064498210293954528 0.004343817426253063 0.020764117189631698 -0.028077030530559346 0.014321246678781702 -0.00076562919819076565 -0.032120051956733724 -0.026102993144677757
leaf_weight=24.491189071908593 629.55038460716605 26.263104766607285 15.803225567564366 29.308406319469213 27.944810699671507 225.08409165497869 11.854248549789192 31.322468800470233 11.648628655821087 83.434334833174944 14.283856958150862 1112.7633413570002 8.4960860228165966 63.476112850010395
leaf_count=321 8023 419 183 438 273 3303 122 423 145 1500 177 15323 154 923
internal_value=0.000492945 -0.000949199 0.00524705 0.0234197 0.0384461 -0.000427993 -0.00242913 -0.00119414 0.027008 -0.0142515 -0.0214841 -0.00204975 -0.00349182 -0.0163294
internal_weight=2315.72 1686.17 322.632 73.0564 43.748 249.575 1363.54 1239.56 31.999 123.981 97.7182 1207.56 20.1447 94.7986
internal_count=31727 23704 4518 894 456 3624 19186 17090 421 2096 1677 16669 299 1346
is_linear=0
shrinkage=0.05


Tree=121
num_leaves=15
num_cat=0
split_feature=41 41 5 37 4 37 37 37 37 32 4 36 39 39
split_gain=4.13937 11.4663 4.72071 4.5977 6.32179 4.02634 5.60493 18.0977 7.02918 8.79128 6.97705 9.99259 7.27418 15.4705
threshold=-0.067021430731697293 -0.057088843239907809 -0.12065749755956205 -0.016393458791980283 -0.076133169652285268 -0.068628324984787034 -0.026125988270423391 -0.024506591610810421 -0.021293744514056853 0.010256679991584264 -0.087236680305334866 -0.010501811572079132 0.0037159571762567403 0.0041169336424687454
decision_type=2 2 2 2 2 2 2 2 2 2 2 2 2 2
left_child=2 3 -1 -2 -5 -3 10 -8 9 -9 11 -7 -12 -14
right_child=1 5 -4 4 -6 6 7 8 -10 -11 12 -13 13 -15
leaf_value=0.0095174010039689554 0.038592977135401559 0.026971233631751315 -0.030267376579136859 -0.026296245477360303 0.028814660532788874 0.020365092198172251 0.037339493405138542 0.029978179329901451 0.0002958671043462163 -0.023945586299169812 -0.035103411455053045 -0.021265323606498278 0.029835198380536068 -0.017370336000364063
leaf_weight=8.2166013773530739 22.021415371447802 8.5641653928905708 17.691249126568437 5.8910156842321157 4.964586064219473 35.521576934494078 27.607287272810936 4.4344296455383292 1985.6490688994527 49.038946994580328 29.146026473492384 17.598794091492891 17.318627228960395 75.547766336239874
leaf_count=146 252 126 251 73 79 555 409 52 26600 845 452 300 253 1348
internal_value=2.44089e-05 0.000269852 -0.0181513 0.0275515 4.62513e-05 -0.000188907 -0.000352451 0.000383901 -0.000206543 -0.0172928 -0.00881154 0.00593002 -0.0152103 -0.00749247
internal_weight=2309.21 2283.3 25.9079 32.877 10.8556 2250.43 2241.86 2066.73 2039.12 53.4734 175.133 53.1204 122.012 92.8664
internal_count=31741 31344 397 404 152 30940 30814 27906 27497 897 2908 855 2053 1601
is_linear=0
shrinkage=0.05


Tree=122
num_leaves=15
num_cat=0
split_feature=28 41 38 33 14 38 35 32 28 2 28 20 37 33
split_gain=4.57634 11.6592 13.043 18.7867 14.8697 10.1433 14.9207 9.55383 18.4841 14.4975 11.0176 8.89322 8.56747 21.2826
threshold=1.5000000000000002 -0.032215662736845362 0.32777739905116859 0.91726730619652586 1.2690854534694771 3.203720994641424 0.011663453612184351 0.033727676032305774 1.0000000180025095e-35 -0.030133320190982135 1.0000000180025095e-35 12.715823588176518 0.011122793132523958 0.95017730496453912
decision_type=2 2 2 2 2 2 2 2 2 2 2 2 2 2
left_child=1 7 -3 4 11 6 -6 10 9 -9 -1 -4 -2 -14
right_child=12 2 3 -5 5 -7 -8 8 -10 -11 -12 -13 13 -15
leaf_value=-0.025476963148367889 0.0040306499144660054 -0.014308568766287992 -0.0027247606190107976 -0.015483630896627066 0.0074099480114005042 -0.017826112821686151 0.068216341323816529 0.052305238345421771 -0.019919578711986574 -0.0074692425134584009 0.027905008561758812 0.027674599059402328 -0.010936728492336525 0.01214130550968549
leaf_weight=23.644357744604349 1193.4208595901728 248.6148938452825 142.44646153878421 109.98585854098201 19.491865362972021 5.5222602393478146 19.470211466774344 35.505980232730508 15.182508165016769 12.013680450618265 9.8285067416727525 23.789567622356117 323.636176222004 138.83153221104294
leaf_count=410 15911 3600 2030 1777 256 76 248 433 190 137 128 341 4351 2005
internal_value=0.000389015 -0.00309847 -0.00583489 0.00085281 0.00954089 0.0336102 0.0420988 0.012588 0.0234788 0.037921 -0.0082131 0.00230666 0.00179573 -0.003953
internal_weight=2321.38 665.496 569.321 320.706 210.72 44.4843 38.9621 96.175 62.7022 47.5197 33.4729 166.236 1655.89 462.468
internal_count=31893 9626 8328 4728 2951 580 504 1298 760 570 538 2371 22267 6356
is_linear=0
shrinkage=0.05


Tree=123
num_leaves=15
num_cat=0
split_feature=31 15 39 32 22 37 4 35 16 8 6 7 8 7
split_gain=5.09521 5.54309 4.58684 7.03812 11.0682 7.41604 7.11846 4.27041 4.23962 4.1269 4.1218 6.48685 5.98516 5.58541
threshold=0.59092179397238642 2.6605786161462461 0.0018365128750446492 0.78596059113300509 1.0000000180025095e-35 0.0022673399915196239 -0.019773597632138259 0.013035381750465482 0.47492271299079608 -0.26355370587000881 2.5638406052533305 2.3547479624352938 3.0852981903230243 4.4883035134700942
decision_type=2 2 2 2 2 2 2 2 8 2 2 10 2 8
left_child=2 -2 3 4 6 -5 -1 8 -7 -4 13 -12 -13 -11
right_child=1 -3 9 5 -6 7 -8 -9 -10 10 11 12 -14 -15
leaf_value=0.037024094061073855 -0.0059135835714632934 0.004891247107163578 -0.009883158631806218 0.048312418094142814 -0.0088854244117061269 -0.009406044575101245 -0.015613896978147322 -0.010913272042142704 0.031355914672851641 0.0032204004376895409 -0.007417404062381238 0.0062051219009227609 -0.0061711623178643885 0.02389792087167155
leaf_weight=22.216894973069433 507.59578406997025 150.3187833186239 78.684098592028022 15.471408370882271 70.336064385250211 6.321897869929674 5.3183678090572348 13.490182517096398 16.844128105789423 668.78960681706667 256.18545691575855 316.36630367860198 135.75336489174515 29.554980471730232
leaf_count=254 7132 2237 1101 221 834 95 64 180 220 9365 3598 4144 1772 381
internal_value=0.000273284 -0.00342665 0.00176772 0.00995401 0.00172233 0.0239058 0.0260201 0.00904211 0.0205371 0.000910392 0.00154702 -0.0011381 0.00246217 0.00425917
internal_weight=2293.25 657.915 1635.33 149.999 97.8713 52.1276 27.5353 36.6562 23.166 1485.33 1406.65 708.305 452.12 698.345
internal_count=31598 9369 22229 1868 1152 716 318 495 315 20361 19260 9514 5916 9746
is_linear=0
shrinkage=0.05


Tree=124
num_leaves=15
num_cat=0
split_feature=46 35 36 7 41 32 12 39 27 37 33 41 28 20
split_gain=4.16022 7.6211 13.4287 6.87608 5.89995 4.82173 4.74653 5.60257 4.43306 4.39718 13.8042 15.6945 13.4871 12.8242
threshold=1.0000000180025095e-35 -0.019428401108437878 -0.014202789231759603 7.324851551597539 0.026161914967882564 0.9794866400168315 23.708079364927681 0.0024121320338214387 8.5000000000000018 0.022326683784692384 0.70472994566954317 -0.0030840004563587038 1.5000000000000002 1.7316333926890319
decision_type=2 2 2 8 2 2 2 2 2 2 2 2 2 2
left_child=9 2 -2 4 5 -3 -4 -8 -6 -1 12 -12 -11 -13
right_child=1 3 6 -5 8 -7 7 -9 -10 10 11 13 -14 -15
leaf_value=-0.0019358671369370428 -0.0094292178139567234 -0.0053367080802061888 -0.0062795086937497639 0.031329195148433887 0.033746670290733131 0.024131453877661496 -0.003798589208906294 0.044443366503896999 0.0024119437874750658 0.059211291249114666 -0.017743241394900085 -0.0066977533997806876 -0.006560971888316911 0.017832210157103175
leaf_weight=1614.9735163757578 25.911775134503841 237.2430541086942 5.45312501117587 12.824978375807403 14.574945013970135 9.8128462024033052 6.1429855711758128 37.354589942842722 28.668558958917856 16.010088084265593 76.395269679836929 85.942028979770839 10.944312099367378 126.73304217681289
leaf_count=22445 355 3005 82 162 196 145 66 427 427 218 1115 1260 129 1727
internal_value=6.35227e-05 0.00482484 0.0185687 0.0011843 -0.000655366 -0.00371078 0.0328895 0.0379411 0.0153761 -0.000878545 0.00447066 0.00100577 0.0356578 0.00799349
internal_weight=2308.99 377.987 74.8625 303.124 290.299 247.056 48.9507 43.4976 43.2435 1931 316.025 289.07 26.9544 212.675
internal_count=31759 4865 930 3935 3773 3150 575 493 623 26894 4449 4102 347 2987
is_linear=0
shrinkage=0.05


Tree=125
num_leaves=15
num_cat=0
split_feature=28 41 27 28 5 33 34 35 2 38 35 27 35 36
split_gain=5.97197 9.75134 9.26404 12.5633 10.7101 12.2834 9.19681 15.2046 13.299 18.9725 8.96 9.07049 25.6259 12.8634
threshold=5.5000000000000009 -0.067021430731697293 19.500000000000004 4.5000000000000009 0.053303668711565562 0.057026713124274105 -0.069653726723941004 -0.022140601434196713 0.022396417146513196 2.8404953648193425 -0.042773741608064818 15.500000000000002 -0.015723841568523435 0.02277520397089006
decision_type=2 2 2 2 2 2 2 2 2 2 2 2 2 2
left_child=1 -1 10 4 5 -4 -2 -8 9 -9 -3 -12 -13 -14
right_child=6 2 3 -5 -6 -7 7 8 -10 -11 11 12 13 -15
leaf_value=-0.032641752870633159 0.024235777029089477 0.019397188299656868 -0.0089525877429245306 -0.012157410826122945 -0.0023008423451740998 0.028901242054109502 -0.027419887157380324 0.0016167156340000989 -0.013275736278497277 0.058448381918770977 0.001763263322960126 -0.027894134214883765 0.0058317256971150283 -0.025203984760798603
leaf_weight=15.779407471418379 20.580766709521413 54.798219285905361 23.269256621599197 45.425623117014766 57.573719322681427 124.10253189131618 68.394252110272646 187.75072341784835 151.6229687128216 10.962604185566304 1199.1825454980135 101.32560340315104 221.79315034300089 34.161613449454308
leaf_count=218 300 650 386 592 743 1589 1134 2547 2058 157 16075 1724 3038 579
internal_value=0.000201831 0.00143208 0.00180755 0.0106556 0.0158811 0.0228267 -0.00501263 -0.00671921 -0.00234897 0.00610962 0.000403966 -0.000324697 -0.00726038 0.00128592
internal_weight=2316.72 1877.41 1861.63 250.371 204.946 147.372 439.311 418.731 350.336 198.713 1611.26 1556.46 357.28 255.955
internal_count=31790 25594 25376 3310 2718 1975 6196 5896 4762 2704 22066 21416 5341 3617
is_linear=0
shrinkage=0.05


Tree=126
num_leaves=15
num_cat=0
split_feature=8 39 6 7 5 35 33 33 33 36 41 41 39 41
split_gain=4.78244 7.48226 6.72249 5.9672 6.95914 8.71939 6.33495 11.1547 8.52218 11.5404 9.04955 6.85999 6.08917 6.04625
threshold=3.0852981903230243 0.0043111247493088931 9.5675904223178367 4.5587165365410236 0.097058543585876525 -0.024941398934725075 0.010152545866831583 0.023811023622047248 0.033955955263461325 -0.0052034644451917069 -0.036609720314270615 -0.021869844253247752 0.0053583571214449429 -0.039676660588014327
decision_type=2 2 2 10 2 2 2 2 2 2 2 2 2 2
left_child=3 -2 -3 6 5 -5 11 12 9 10 -9 -1 -8 -11
right_child=1 2 -4 4 -6 -7 7 8 -10 13 -12 -13 -14 -15
leaf_value=0.025077940252507994 -0.013802842613734054 -0.0036377707701942806 0.025198971079841922 -0.0091451787385362984 -0.0058231389457154481 0.022276328550546155 -0.030366492314528565 0.025247395744336695 -0.00025084285502991371 0.0064981582887364961 -0.022322614138395133 -0.021899840927552414 0.0080821704196842401 0.060343260767048414
leaf_weight=39.310902988538146 136.82607727870345 71.843195423483849 22.607992108911276 25.010171739384532 48.908744163811207 99.254468819126487 40.542680153623223 12.904710246250035 1741.2591060306877 9.2705229725688714 17.661706599406898 5.3974128272384396 10.975636433809994 12.776671705767511
leaf_count=579 1689 1079 276 385 610 1189 682 164 24032 114 347 91 160 166
internal_value=0.000215625 -0.00652389 0.00418452 0.000985019 0.00973232 0.0158431 0.000160017 -0.000313597 0.000374444 0.0192943 -0.00151326 0.0177742 -0.0221849 0.0430889
internal_weight=2294.55 231.277 94.4512 2063.27 173.173 124.265 1890.1 1845.39 1793.87 52.6136 30.5664 44.7083 51.5183 22.0472
internal_count=31563 3044 1355 28519 2184 1574 26335 25665 24823 791 511 670 842 280
is_linear=0
shrinkage=0.05


Tree=127
num_leaves=15
num_cat=0
split_feature=30 39 41 41 27 34 27 8 33 34 4 28 27 35
split_gain=4.49642 5.9027 7.3012 5.51593 9.81041 11.4157 8.58843 10.4191 8.54889 10.4548 6.69829 9.19726 9.13812 7.1922
threshold=7.8500000000000005 0.0018365128750446492 0.035791221239001698 -0.02520679144032539 15.500000000000002 -0.055487256980164205 18.500000000000004 0.7337955225609748 0.054189387583892627 0.019086128113855242 0.021091485779233924 2.5000000000000004 3.5000000000000004 -0.027882131225878123
decision_type=2 2 2 2 2 2 2 2 2 2 2 2 2 2
left_child=1 2 -1 4 5 -3 10 -8 -9 -10 12 -12 -5 -14
right_child=-2 3 -4 6 -6 -7 7 8 9 -11 11 -13 13 -15
leaf_value=0.0040144923177327495 0.0024720151244359708 -0.0056302642027256005 0.043354057459465273 0.0045349412300015445 -0.0094435477299612512 0.020466696421489738 -0.0078077954099813303 -0.025266903863733675 0.038379333121564135 0.0029307254881606624 -0.010188789068756615 0.0055190423563187046 0.0051356947095963319 -0.016222458933417339
leaf_weight=102.75723776221275 932.89430107641965 65.498290879651904 8.5450510960072261 79.151409277692437 91.488769887015224 103.19981689751148 73.909407491795719 6.6652887761592856 40.051925454288721 40.301301028579473 166.25044504180551 199.7033044854179 42.102240628562868 343.45742112677544
leaf_count=1337 12179 972 132 1099 1486 1266 1058 140 517 571 2530 2826 607 4891
internal_value=-0.000195013 -0.00202269 0.00876873 -0.00301328 0.00341786 0.010464 -0.00470945 0.00573125 0.0170301 0.0218132 -0.00675436 -0.00165807 -0.0107072 -0.0138543
internal_weight=2295.98 1363.08 111.302 1251.78 260.187 168.698 991.593 160.928 87.0185 80.3532 830.665 365.954 464.711 385.56
internal_count=31611 19432 1469 17963 3724 2238 14239 2286 1228 1088 11953 5356 6597 5498
is_linear=0
shrinkage=0.05


Tree=128
num_leaves=15
num_cat=0
split_feature=37 41 18 41 20 38 20 37 39 20 37 20 12 39
split_gain=5.56772 8.32814 4.44191 6.29296 9.37824 8.14395 10.6688 10.1613 15.1755 7.77424 7.50283 7.49679 6.31489 7.65408
threshold=-0.068628324984787034 0.002581769258964695 0.086730590325170984 -0.0023820480945616058 9.9843309694128504 -2.0832695024032097 13.4573279013629 -0.015944761768246048 0.0015485834334440362 3.5522075363893668 0.002121048636178791 2.0014960345707427 38.844386748399693 0.0035979348822813154
decision_type=2 2 2 2 2 2 2 2 2 2 2 2 2 2
left_child=1 -1 3 5 9 7 11 -2 -9 10 -5 -7 -11 -14
right_child=2 -3 -4 4 -6 6 -8 8 -10 12 -12 -13 13 -15
leaf_value=-0.011504915840876095 -0.0099727486099075342 0.059340348917049993 -0.0013900710321511532 0.029693342953663712 -0.0091110822115196468 0.010102954143923409 0.017029960417706675 -0.030866835488629615 0.036785120295381737 -0.0030322288940586566 -0.0034264020019056638 -0.016486047101054262 0.044586235074345018 0.0093005239282699902
leaf_weight=4.9808726962655765 28.676470655016601 4.4541450757533312 1803.3088103244081 17.443026762455702 45.699969800189137 29.052457993850112 35.376667254604399 6.1334043852984896 40.710946248844266 14.643206549808381 68.438916526734829 136.41372864041477 41.198108552023768 27.870605627074838
leaf_count=95 419 38 25103 233 614 373 490 75 500 194 847 1856 530 370
internal_value=-4.60835e-05 0.0309098 -0.000240268 0.00394853 0.0102536 -0.00105816 -0.00631409 0.0124438 0.0258047 0.0155832 0.00456391 -0.0116582 0.0259937 0.0319367
internal_weight=2304.4 9.43502 2294.97 491.658 215.294 276.364 200.843 75.5208 46.8444 169.594 85.8819 165.466 83.7119 69.0687
internal_count=31737 133 31604 6501 2788 3713 2719 994 575 2174 1080 2229 1094 900
is_linear=0
shrinkage=0.05


Tree=129
num_leaves=15
num_cat=0
split_feature=25 15 13 9 5 37 33 34 34 20 28 23 1 18
split_gain=4.24539 6.52405 6.19086 4.30992 4.75907 4.27098 13.3563 10.4797 9.04371 9.08756 8.74455 8.2197 8.08933 7.36104
threshold=2.2500000000000004 1.0629292283750809 0.017270676407737526 -0.33303835084707184 0.18676619393604313 0.022326683784692384 0.70472994566954317 0.0043523362799927643 0.026867705937473455 1.1910819705168916 1.5000000000000002 -0.014943804785796875 0.01660408687547477 0.16330645161290328
decision_type=2 2 2 2 2 2 2 2 2 2 2 2 2 2
left_child=2 -2 -1 -4 -5 -3 7 -7 12 -10 11 -11 -8 -12
right_child=1 5 3 4 -6 6 8 -9 9 10 13 -13 -14 -15
leaf_value=0.0018433324083396195 -0.025757133876315431 -0.0013679036123723366 -0.012869899036840889 0.021928378656651454 -0.0082687333066507936 0.00041980777414639013 0.019860454077534243 0.06566292436878006 -0.0068960853101061245 0.029257671178868551 0.032947737405188832 -0.011536909904325732 -0.024966338684364528 -0.00073888608783995256
leaf_weight=502.33918173797429 20.396348147653043 1387.6983325276524 9.2107716221362335 86.407185917720199 12.547248501330612 10.322015395388009 8.7900779191404563 10.486272025853394 77.211132755503058 11.577680277638136 57.73242829926312 43.458876053802669 41.897262891754508 21.579221088439226
leaf_count=6619 296 19529 93 966 137 133 133 128 1163 157 769 646 607 247
internal_value=0.000687149 -0.000605258 0.00424306 0.014814 0.0178859 -0.00022227 0.00532054 0.0396503 0.00190573 0.00649372 0.0141603 -0.00123327 -0.0161074 0.024282
internal_weight=2301.65 1691.15 610.504 108.165 98.9544 1670.75 283.055 20.8083 262.247 211.559 134.348 55.0366 50.6873 79.3116
internal_count=31623 23808 7815 1196 1103 23512 3983 261 3722 2982 1819 803 740 1016
is_linear=0
shrinkage=0.05


Tree=130
num_leaves=15
num_cat=0
split_feature=39 28 37 38 2 27 34 34 34 38 39 39 34 36
split_gain=5.22357 7.11419 7.82957 15.0152 9.16824 6.80511 6.08886 5.97969 12.0702 14.2753 15.3981 19.4007 13.1191 13.0938
threshold=0.0016558931583486218 4.5000000000000009 -0.0045238459832314662 -0.76646563976725346 0.020172092970702219 4.5000000000000009 -0.029168619279224369 0.03754243166571803 0.02572440558005307 2.62643159248965 0.0038769376230280489 0.0032701610562627824 0.023100342907747821 0.023289357849408224
decision_type=2 2 2 2 2 2 2 2 2 2 2 2 2 2
left_child=1 -1 6 5 -5 -4 -3 8 12 10 11 -10 -2 -11
right_child=7 2 3 4 -6 -7 -8 -9 9 13 -12 -13 -14 -15
leaf_value=0.040150513708377952 -0.00014711870018344493 -0.0095711618251303841 0.00974121245480759 0.02772090543403722 -0.0027779667037653097 -0.043216132636898774 0.041223197638836272 -0.0069656735764942832 0.0040175784309384741 0.056874487593824109 -0.011333828936637615 0.054075048518504754 -0.02355551437694002 -0.0020098238687305146
leaf_weight=11.197847738862036 1561.3359148725867 5.8436261285096434 5.9428334794938591 34.249482834711671 64.064876832067966 19.503411907702684 17.055166164413095 317.93064010329545 69.884672401472926 23.677457896992564 75.588027803227305 22.269313687458634 57.243856355547905 13.579393419437109
leaf_count=161 21556 76 60 412 804 235 203 4729 973 286 998 258 808 183
internal_value=-3.93728e-05 0.00859388 0.00494017 -0.000436274 0.00867422 -0.0312796 0.0288686 -0.000694292 0.000415145 0.0116941 0.00499053 0.0182745 -0.00104499 0.037714
internal_weight=2299.37 157.857 146.659 123.761 98.3144 25.4462 22.8988 2141.51 1823.58 204.999 167.742 92.154 1618.58 37.2569
internal_count=31742 1951 1790 1511 1216 295 279 29791 25062 2698 2229 1231 22364 469
is_linear=0
shrinkage=0.05


Tree=131
num_leaves=15
num_cat=0
split_feature=30 35 33 14 33 33 23 39 39 42 41 33 39 38
split_gain=4.28909 3.67038 6.57024 6.47016 4.19376 7.4158 4.13438 8.6462 8.22311 8.13033 7.6498 11.3798 11.08 18.2677
threshold=4.5500000000000016 0.032697557394459127 0.9826073805202663 0.97908736371437877 0.79197315436241622 0.61742048438867825 0.012093109837192475 0.0022590704591998021 0.0042975452724997414 0.64680527383367148 -0.0025720853268943462 0.65800719748088177 0.0059094768390249653 2.2683693872708326
decision_type=2 2 2 2 2 2 2 2 2 2 2 2 2 2
left_child=-1 6 4 -4 5 -3 10 -8 9 -9 11 -2 -12 -14
right_child=1 2 3 -5 -6 -7 7 8 -10 -11 12 -13 13 -15
leaf_value=-0.010974598690919645 0.0012447511228883426 -0.019543004756629578 -0.016778988170802155 0.039197811679206808 -0.023097465506454178 0.042843659092993557 0.010523376761919438 -0.024909617733596623 0.0022768828413283382 -0.0053070246071635612 0.0037074592131858147 -0.016236134052934011 0.0092638979280703134 0.062046093004910589
leaf_weight=77.540207546204329 878.00719012133777 6.5177449956536275 5.1382366400212032 7.3124456387013197 47.48801170475781 3.3474013488739729 92.13013568520546 76.42390151694417 170.8996850065887 161.89001790434122 579.30582309700549 99.079591168090701 71.46658149920404 17.25735823251307
leaf_count=1037 12049 140 82 109 779 69 1344 1358 2543 2223 7463 1370 900 186
internal_value=0.000217724 0.000633131 -0.0102573 0.0179083 -0.0173175 0.00891628 0.00101031 -0.00294521 -0.00606794 -0.011976 0.00222101 -0.000601501 0.00632312 0.0222927
internal_weight=2293.8 2216.26 69.8038 12.4507 57.3532 9.86515 2146.46 501.344 409.214 238.314 1645.12 977.087 668.03 88.7239
internal_count=31652 30615 1179 191 988 209 29436 7468 6124 3581 21968 13419 8549 1086
is_linear=0
shrinkage=0.05


Tree=132
num_leaves=15
num_cat=0
split_feature=18 13 38 17 35 9 39 39 32 37 38 39 36 32
split_gain=4.30554 4.70816 8.23364 7.17851 9.46256 6.7728 7.8022 5.37336 5.86588 4.60077 17.3564 10.4551 9.66064 9.66892
threshold=0.25974593235332516 0.017100214293389017 1.3678439522742425 -2.4894776168495727 -0.042773741608064818 -0.12340311437656949 0.0040658002082448819 0.0038440495181889241 0.95986577181208055 -0.01800763498220875 -2.5731736252747983 0.0049336053215082703 -0.012405405541877189 0.026088929219600727
decision_type=2 2 2 2 2 2 2 2 2 2 2 2 2 2
left_child=1 9 3 4 -3 -5 -7 -4 -9 -1 11 -11 -12 -14
right_child=-2 2 7 5 -6 6 -8 8 -10 10 12 -13 13 -15
leaf_value=-0.0061978314544553752 -0.011264023049567399 0.022287948394914242 0.0085897322910436415 -0.0069567880739716259 -0.019512834246041822 0.0059987684584512889 0.025267779514410754 -0.026508956581513778 0.0059148571163215738 0.02536970789191316 -0.019857425087974168 -0.02306000428756198 0.025122239618197702 -0.00040452963941756603
leaf_weight=267.13205426000059 70.654650175943971 15.134819222614167 30.272252805531025 33.147029336541891 37.409684335812926 102.2946898881346 112.53774606529623 37.361810177564621 18.462919284589589 92.739014842547476 57.170901387929916 8.6623166240751726 33.118016453459859 1379.2842643847689
leaf_count=4345 873 159 362 385 539 1146 1402 449 247 1145 893 110 428 19180
internal_value=0.000468192 0.000865216 0.00584288 0.00971905 -0.0065822 0.013235 0.0164378 -0.00747784 -0.0161807 -0.00019478 0.000842418 0.0203433 -0.000567573 0.000280531
internal_weight=2295.38 2224.73 386.621 300.524 52.5445 247.979 214.832 86.097 55.8247 1838.11 1570.97 101.401 1469.57 1412.4
internal_count=31663 30790 4689 3631 698 2933 2548 1058 696 26101 21756 1255 20501 19608
is_linear=0
shrinkage=0.05


Tree=133
num_leaves=15
num_cat=0
split_feature=25 36 37 38 33 0 12 32 41 28 23 41 41 34
split_gain=6.84718 7.16289 6.4185 9.64046 9.43043 8.55297 7.34658 13.0278 7.21642 6.94065 12.6185 17.2432 14.5957 12.5484
threshold=2.2500000000000004 0.030757561690817895 0.022824334973246877 2.2943448664795976 0.92134420697412833 -0.020123311046253808 60.41064659917992 0.20837467172454044 0.00086554958373641366 3.5000000000000004 -0.0025902594067615521 -0.017656818832957857 -0.0088716671815431952 -0.027027027027026997
decision_type=2 2 2 2 2 2 2 2 2 2 2 2 2 2
left_child=-1 2 4 5 6 -4 7 8 9 -2 11 -11 -12 -14
right_child=1 -3 3 -5 -6 -7 -8 -9 -10 10 12 -13 13 -15
leaf_value=0.0045990077281274138 -0.0070485915642325789 -0.029083242725792449 0.040683860713225807 0.018669768240498801 -0.015079581201077033 -0.0039090074677505162 0.0035513878020733691 -0.015877274478990431 0.01809400057460744 0.020222385892886878 -0.022351428805544388 -0.01443228802877293 -0.022215932038026531 0.060508704626457369
leaf_weight=607.74158096686006 318.49192368518561 18.333654762245715 6.4821277521550646 90.514518828131258 130.14431373216212 165.07833819836378 496.90798551775515 178.0895791631192 42.394372845999897 130.51682893466204 62.366812870837748 44.776299960911274 4.1980233555659652 6.6367309615015966
leaf_count=7810 4953 450 69 1263 1971 2256 6148 2677 609 1718 1034 666 68 99
internal_value=6.76096e-05 -0.00156594 -0.00117945 0.00593666 -0.00251415 -0.00111973 -0.00118738 -0.00418116 -0.000661616 -0.00220991 0.00400846 0.0112156 -0.0128637 0.0315623
internal_weight=2302.67 1694.93 1676.6 262.075 1414.52 171.56 1284.38 787.471 609.381 566.987 248.495 175.293 73.2016 10.8348
internal_count=31791 23981 23531 3588 19943 2325 17972 11824 9147 8538 3585 2384 1201 167
is_linear=0
shrinkage=0.05


Tree=134
num_leaves=15
num_cat=0
split_feature=27 32 17 37 3 31 18 21 37 38 39 28 32 14
split_gain=4.97428 10.3093 6.6954 6.30181 5.88044 4.2115 5.16811 8.00112 7.01006 14.3208 8.08529 9.61416 8.8147 7.62794
threshold=1.0000000180025095e-35 0.16722595078299779 0.85371254060383117 -0.025522970035526001 0.02997334387583828 0.59092179397238642 0.13210193691225691 0.49479503775620287 -0.018416345418536536 -2.0832695024032097 0.0054774236102395268 5.5000000000000009 0.048865768377963505 0.78283208405175986
decision_type=2 2 2 2 2 2 2 10 2 2 2 2 2 2
left_child=1 3 -3 -1 -4 6 8 -8 -2 10 11 12 -10 -14
right_child=5 2 4 -5 -6 -7 7 -9 9 -11 -12 -13 13 -15
leaf_value=-0.0095147190315784096 -0.0077745709352517005 -0.033251407287975064 0.031255216244936428 0.040823595261196013 -0.0080224191807573963 -0.0038113891646881014 -0.0083852009398143103 0.0023986468826678706 -0.0050114742010474974 0.0025608322904978474 -0.019591365523619533 0.0046575957284291499 0.0022406090359053344 0.054893593041377267
leaf_weight=5.7094218451529768 115.9766353731975 9.1093359403312189 10.374235762283208 26.083648765459657 21.175474189221859 635.32112536765635 297.0109918564558 395.75175172649324 8.8265010807663185 688.97553685866296 6.8783528767526141 33.988010114058852 8.6795920915901643 38.785599136725068
leaf_count=105 1899 124 131 311 280 9102 3817 5462 129 9178 98 479 117 486
internal_value=4.64341e-05 0.0125036 -0.00435009 0.0317193 0.00740182 -0.000385324 0.000987102 -0.00225171 0.00347301 0.00517099 0.0226491 0.0267266 0.0385845 0.0463965
internal_weight=2302.65 72.4521 40.659 31.7931 31.5497 2230.19 1594.87 692.763 902.11 786.134 97.1581 90.2797 56.2917 47.4652
internal_count=31718 951 535 416 411 30767 21665 9279 12386 10487 1309 1211 732 603
is_linear=0
shrinkage=0.05


Tree=135
num_leaves=15
num_cat=0
split_feature=34 34 35 23 12 39 33 39 41 41 38 35 33 41
split_gain=3.284 14.0245 8.7553 8.42418 8.2644 7.04212 10.2869 9.06697 11.9643 13.9948 9.52145 8.52171 6.97352 6.81679
threshold=0.00077474572044156098 -0.00809388926100779 -0.024001063742417835 -0.0049732473615689545 60.41064659917992 0.0069559287838043514 0.99024367028364757 0.0059094768390249653 0.0070375069916908126 -0.011639330563455062 0.7306194619229891 0.038916304646571871 0.99130369026013321 -0.0221468930708229
decision_type=2 2 2 2 2 2 2 2 2 2 2 2 2 2
left_child=1 3 -3 -1 13 7 -7 -6 9 -9 -11 -12 -8 -2
right_child=4 2 -4 -5 5 6 12 8 -10 10 11 -13 -14 -15
leaf_value=0.0028702309248662839 0.028353284246412255 0.04969888788825319 0.010552285190855153 -0.0067348916022137648 -0.00077139749669175386 -0.032010342771443899 0.046183109120908679 -0.020612291637094268 -0.0047384876252153131 -0.010707231657945493 0.058796371468365353 -0.0052711918246377797 -0.016540589408295166 -0.012941927864445885
leaf_weight=615.20214339159429 5.9071783330291501 11.285304840654133 173.43317812681198 356.29711160808802 800.6753100855276 31.025789829902351 4.5573963262140733 7.959053447470068 39.857129720970988 5.7538908608257762 31.153688848018646 5.150241680443286 4.6479271948337555 195.56870006583631
leaf_count=8640 58 152 2116 5195 10858 540 64 129 568 68 395 57 62 2758
internal_value=-0.00011464 0.00175597 0.0141907 -0.000668893 -0.00202416 -1.65629e-05 -0.0192653 0.000955716 0.0155721 0.0307168 0.0415884 0.0501696 0.0198382 -0.0110739
internal_weight=2288.47 1156.22 184.718 971.499 1132.26 930.78 40.2311 890.549 89.874 50.0169 42.0578 36.3039 9.20532 201.476
internal_count=31660 16103 2268 13835 15557 12741 666 12075 1217 649 520 452 126 2816
is_linear=0
shrinkage=0.05


Tree=136
num_leaves=15
num_cat=0
split_feature=28 22 4 41 27 39 36 34 38 36 36 20 41 2
split_gain=5.56694 10.706 18.5976 10.5716 14.3909 21.9739 12.3928 10.5348 10.2986 10.0055 12.0744 9.39842 9.6318 10.7056
threshold=2.5000000000000004 1.0000000180025095e-35 -0.005033872442059383 0.0212578179794537 19.500000000000004 0.002896581562938936 0.013986131442172868 0.0036017118063015334 0.60916516828815948 -0.013507471031474204 -0.017464181104227535 11.778135550142403 -0.032215662736845362 -0.040638425751534472
decision_type=2 2 2 2 2 2 2 2 2 2 2 2 2 2
left_child=3 7 -3 4 11 -6 9 -2 -9 10 -7 12 13 -1
right_child=1 2 -4 -5 5 6 -8 8 -10 -11 -12 -13 -14 -15
leaf_value=0.03715281308036298 0.012219960597392297 -0.011127234280879344 0.0041856785349675589 -0.017963224085145932 0.063151309577191575 -0.013516244804555676 0.039238662919141354 -0.030272190881055192 0.027484591832837399 -0.012497157354295447 0.058523111434661226 -0.011882131100063744 -0.0020649569239394798 -0.0027369828914319077
leaf_weight=30.0973453912884 339.87451628874987 276.26494846865535 667.08016021642834 93.903030508197844 15.223652629181741 7.9824948254972696 16.36556208319962 24.617573024705056 6.1081339940428725 63.525799019262195 7.6005998011678439 216.29951084218919 503.74859445448965 31.073217120021582
leaf_count=346 4536 3788 8956 1494 202 127 206 308 78 929 106 3237 7043 404
internal_value=0.000380134 0.00250691 -0.000333834 -0.00245288 -0.000728875 0.0157399 0.00541362 0.00964607 -0.0165507 -0.00350053 0.0273016 -0.00314775 0.000271423 0.018214
internal_weight=2299.77 1313.95 943.345 985.82 891.917 110.698 95.4745 370.6 30.7257 79.1089 15.5831 781.219 564.919 61.1706
internal_count=31760 17666 12744 14094 12600 1570 1368 4922 386 1162 233 11030 7793 750
is_linear=0
shrinkage=0.05


Tree=137
num_leaves=15
num_cat=0
split_feature=30 0 12 10 18 31 32 19 19 0 30 25 8 39
split_gain=4.36787 5.63968 7.40117 4.55811 4.14416 5.15676 4.65833 3.74579 4.9482 4.10755 3.73086 4.64622 4.63223 4.04528
threshold=8.8500000000000014 0.020498456270568902 70.208547762281384 0.69061662172968552 0.23856443277132924 -1.0000000180025095e-35 0.65235814296241723 0.0090090647627081005 0.01310009207798511 0.033106814038812112 13.300000000000002 2.2500000000000004 -0.0069073534846639199 0.002220096648943203
decision_type=2 2 2 2 2 2 2 2 2 2 2 2 2 2
left_child=3 10 7 4 -1 6 -6 -3 9 -9 13 12 -12 -2
right_child=1 2 -4 -5 5 -7 -8 8 -10 -11 11 -13 -14 -15
leaf_value=-0.00072480224072847608 0.01528692371525206 -0.0081610345768140021 -0.004840311871415523 -0.01814226802245034 -0.012929554376493747 -0.022851585534308733 0.023944717257568728 0.048742249436401638 0.011071549438837425 0.00078950678766485103 -0.011952468180757857 -0.0097064805820576382 0.015426146552110623 0.0015019669300986764
leaf_weight=1570.0587438140064 61.084043821319938 6.6457880828529587 34.631807180121541 36.049153260886669 13.892142876982691 41.768801614642143 10.890121936798094 21.907981390133504 34.393511428497732 5.5540753304958335 18.776123501360416 129.79215320758522 41.402706608176231 280.62670915015042
leaf_count=22368 771 74 398 490 184 560 140 259 351 70 221 1720 501 3683
internal_value=-0.000340412 0.00317539 0.0135866 -0.00168023 -0.00126347 -0.013033 0.00457378 0.0225981 0.0262661 0.0406594 0.0010481 -0.0044967 0.00662227 0.00415108
internal_weight=2307.47 634.815 103.133 1672.66 1636.61 66.5511 24.7823 68.5014 61.8556 27.4621 531.682 189.971 60.1788 341.711
internal_count=31790 8048 1152 23742 23252 884 324 754 680 329 6896 2442 722 4454
is_linear=0
shrinkage=0.05


Tree=138
num_leaves=15
num_cat=0
split_feature=36 41 9 34 33 39 37 37 16 20 34 35 35 41
split_gain=5.02641 4.23535 6.54611 5.26288 10.2995 9.60794 8.48538 7.036 7.53726 6.31132 6.71205 5.16412 21.8609 15.8517
threshold=0.030757561690817895 0.072703264347917865 1.0474719452108918 0.053987460888296208 0.95130420054200548 0.0033858920703690874 0.055498251672459926 0.049001476752028934 1.2262658296631919 2.4317224081034055 0.061082010104178137 -0.020542863206408021 -0.019428401108437878 -0.0053916309632637818
decision_type=2 2 2 2 2 2 2 2 8 2 2 2 2 2
left_child=1 3 -3 7 -5 -6 9 11 -9 -7 -11 -1 13 -13
right_child=-2 2 -4 4 5 6 -8 8 -10 10 -12 12 -14 -15
leaf_value=-0.0033327130233076737 -0.020141459543654469 -0.011773731990339778 0.046988726922049487 -0.031870549809504621 -0.025354798836643901 0.0015710237782669855 -0.018744463338534981 0.045371498831940915 -0.013898686440735506 -0.00063920373937411019 0.046799522117964017 0.049979638858564851 0.0014647358138719568 -0.012509652400508015
leaf_weight=488.04496219474822 23.438735551200807 5.1548167262226325 6.9320889059454203 30.296659983694553 25.127812366932631 39.132196044549346 19.583375116810203 12.584190309047701 4.9638519883155814 10.900803908705713 17.719304987229407 34.464662902057171 1576.5986945005134 11.348307326436041
leaf_count=7231 533 80 114 412 401 564 308 157 69 181 252 395 20984 143
internal_value=0.000753617 0.0010117 0.0258159 0.000823245 -0.00830528 -0.000870614 0.00716537 0.00145368 0.0292414 0.015428 0.0313232 0.00115406 0.00250984 0.0347927
internal_weight=2306.29 2282.85 12.0869 2270.76 142.76 112.463 87.3357 2128 17.548 67.7523 28.6201 2110.46 1622.41 45.813
internal_count=31824 31291 194 31097 2118 1706 1305 28979 226 997 433 28753 21522 538
is_linear=0
shrinkage=0.05


Tree=139
num_leaves=15
num_cat=0
split_feature=26 17 33 39 18 27 0 37 33 5 21 24 28 14
split_gain=4.00502 7.15738 8.13259 6.15537 5.30175 7.0061 6.52911 9.33533 6.45154 6.06836 9.25099 8.39643 5.95257 5.89359
threshold=2.5000000000000004 -1.9014241257799516 0.9650950292397662 0.0032701610562627824 0.087228964213201907 15.500000000000002 0.013365952670060135 -0.0091483848631896385 0.95017730496453912 0.012797726466226124 0.56120071684587824 0.014891433736488768 2.5000000000000004 0.73094402944026038
decision_type=2 2 2 2 2 2 2 2 2 2 8 2 2 2
left_child=4 -2 -3 -4 9 -6 -7 -8 -9 13 11 -11 -10 -1
right_child=1 2 3 -5 5 6 7 8 12 10 -12 -13 -14 -15
leaf_value=-0.011621031449451492 0.016304787071740864 -0.0039236444862872991 -0.013296494170655699 0.031300407147839493 0.00028746278780501094 -0.010382970784520688 0.033462436579383817 -0.0092662200125705856 -0.0084793535745751533 0.048620085249678709 -0.0086624960061666787 0.011864220210281344 0.033215739448611788 0.0039500455453218616
leaf_weight=80.551749113947153 97.067879859358072 187.03788714110851 7.1392337810248128 26.269681755453348 1026.2901941984892 361.50318815745413 15.675517486408351 91.002714714035392 11.872518233954908 14.046365020796655 42.274457538500428 123.81231729965657 15.453482810407875 204.85737617500126
leaf_count=1100 1392 2617 135 403 13856 5503 186 1246 184 157 562 1586 222 2722
internal_value=0.000189286 0.00535805 0.000283243 0.0212801 -0.000647896 -0.00207647 -0.00692659 0.00243576 -0.00286448 0.00399438 0.0110449 0.0171799 0.0165907 -0.000569036
internal_weight=2304.85 317.515 220.447 33.4089 1987.34 1521.8 495.507 134.004 118.329 465.542 180.133 137.859 27.326 285.409
internal_count=31871 4547 3155 538 27324 21197 7341 1838 1652 6127 2305 1743 406 3822
is_linear=0
shrinkage=0.05


Tree=140
num_leaves=15
num_cat=0
split_feature=33 32 28 2 40 32 36 37 41 33 33 36 33 33
split_gain=3.69102 13.5739 16.236 9.90406 9.86033 9.19702 8.49674 11.4241 10.8817 7.58967 7.37192 6.86958 12.5978 12.885
threshold=0.12100874516981901 0.1006952827000145 5.5000000000000009 -0.0080656178508311509 1.0000000180025095e-35 0.059072781655034899 -0.012602364773381279 0.019558651600107394 0.016395360738742485 0.17462696292435007 0.12766816369783521 -0.0044700543367434667 0.10726270373921382 0.099091727354553655
decision_type=2 2 2 2 2 2 2 2 2 2 2 2 2 2
left_child=4 2 3 5 11 9 7 8 10 -2 -3 12 13 -1
right_child=1 6 -4 -5 -6 -7 -8 -9 -10 -11 -12 -13 -14 -15
leaf_value=-0.0045185088382986103 0.029865475366850608 0.012267668999007938 -0.016809402805212301 -0.011301568326818319 -0.023736780842428667 0.045754076486389308 0.00056028213372560671 0.036434483131942794 0.020952208352887861 -0.021747890717733705 -0.037433776782168242 0.0076710694495463472 -0.037207344699015515 0.035204347823885367
leaf_weight=392.72761385142803 8.837601341307165 6.2326179239898911 22.197185514494777 11.052962698042391 50.288766974583268 49.226469829678535 1499.552053578198 4.5824965313076964 8.3758880421519262 9.7774579003453237 48.362624525092542 144.15185941942036 23.025489017367363 16.541087232530117
leaf_count=6023 85 93 296 111 731 582 20171 46 104 106 774 1964 369 204
internal_value=-0.000305574 0.000924561 0.0182331 0.0285066 -0.00356126 0.0353228 -0.000246424 -0.0169582 -0.023238 0.00389108 -0.0312066 -0.00161218 -0.00476007 -0.00250754
internal_weight=2294.93 1668.2 101.092 78.8945 626.735 67.8415 1567.11 67.5536 62.9711 18.6151 54.5952 576.446 432.294 409.269
internal_count=31659 22368 1180 884 9291 773 21188 1017 971 191 867 8560 6596 6227
is_linear=0
shrinkage=0.05


Tree=141
num_leaves=15
num_cat=0
split_feature=35 35 39 39 41 34 33 32 26 38 41 34 34 37
split_gain=3.94507 19.5397 15.7851 24.4312 16.985 13.3858 13.0323 11.8418 11.521 11.4685 11.2148 10.8 14.2229 8.71029
threshold=-0.020542863206408021 -0.019428401108437878 0.0035733542282337829 0.0041169336424687454 -0.004515505509429917 -0.0040592728733846997 0.20136558538404178 0.14126625883470931 2.5000000000000004 -1.4596715739316279 -0.041539892385861248 -0.031102803971017997 -0.053977736693210064 -0.01558108816576592
decision_type=2 2 2 2 2 2 2 2 2 2 2 2 2 2
left_child=2 6 8 7 10 -6 9 11 -1 -2 -5 12 -4 -14
right_child=1 -3 3 4 5 -7 -8 -9 -10 -11 -12 -13 13 -15
leaf_value=-0.020036233625460167 0.057984692753682211 0.00030248047431111799 0.036149300703992783 0.0031713236204339496 0.03635286940175983 -0.020128676931223211 -0.013082733807366779 -0.02402187129157337 0.018983135375301659 -0.0044166554640633435 -0.022710915202129298 0.053127849188703183 -0.033020241494146556 0.01505086347084702
leaf_weight=156.40329831000417 27.601405633613464 1754.7689352482557 30.567963302135464 64.352416820824146 30.465443903580308 11.147456130012868 10.449279228225349 8.0736380741000158 17.445426546037197 8.6427972968667763 109.10634791199118 26.75017605908215 13.939870032481847 14.503108507022267
leaf_count=2378 289 23874 372 974 446 188 143 128 225 115 1782 303 252 181
internal_value=0.000118756 0.00119588 -0.00387171 0.00292885 -0.00639463 0.0206862 0.0314935 0.0235409 -0.0156995 0.0443729 -0.0132889 0.0290952 0.0149021 -0.00992317
internal_weight=2284.22 1801.46 482.755 308.906 215.072 41.6129 46.6935 93.8348 173.849 36.2442 173.459 85.7611 59.0109 28.443
internal_count=31650 24421 7229 4626 3390 634 547 1236 2603 404 2756 1108 805 433
is_linear=0
shrinkage=0.05


Tree=142
num_leaves=15
num_cat=0
split_feature=18 44 38 38 21 11 18 39 32 41 32 44 28 37
split_gain=4.83567 6.34084 4.76235 4.67245 4.54591 3.70636 5.87697 8.51994 11.3121 12.7164 7.63303 7.27983 7.17958 6.70285
threshold=0.22114222888217369 0.80321414741190156 1.3461022486663994 1.0184057279160619 0.42642973856209154 0.43983693632938636 0.086730590325170984 0.0052767383809636239 0.95307256711409405 0.011277871442978206 0.96862696850393715 0.91289757805660943 4.5000000000000009 0.022326683784692384
decision_type=2 2 2 2 8 2 2 2 2 2 2 2 2 2
left_child=5 -2 3 4 -3 -1 7 8 9 -7 -9 12 -11 -8
right_child=1 2 -4 -5 -6 6 13 10 -10 11 -12 -13 -14 -15
leaf_value=-0.0042432690721558889 -0.020106860705223051 -0.018065713815457608 -0.017008801745779907 0.032070530340671248 0.0092913237807896697 0.0068231199063088005 -0.001925997890732248 -0.021764724581271003 -0.016862580052774107 0.054057843731523281 0.024936854941725508 0.0039421049457862905 0.009168487816689325 0.0070971933893187291
leaf_weight=363.25171579699963 64.090096024796367 17.516390586271882 24.736810389906168 9.5593687705695611 41.649387346580625 258.1240230742842 1129.4207022059709 37.954736716113985 33.284062806516886 29.664520112797618 6.5535926930606356 19.193880625069141 15.180782925337551 246.44057024177164
leaf_count=5149 872 199 289 104 517 3356 15811 556 461 415 91 220 161 3611
internal_value=-0.000307211 -0.00862115 -0.000123915 0.00669496 0.000415485 0.000323824 0.00126734 0.00656186 0.00916653 0.0120723 -0.0130642 0.0312039 0.0413061 -0.000289942
internal_weight=2296.62 157.552 93.462 68.7251 59.1658 2139.07 1775.82 399.956 355.447 322.163 44.5083 64.0392 44.8453 1375.86
internal_count=31812 1981 1109 820 716 29831 24682 5260 4613 4152 647 796 576 19422
is_linear=0
shrinkage=0.05


Tree=143
num_leaves=15
num_cat=0
split_feature=25 7 36 28 17 2 27 23 20 30 39 17 37 14
split_gain=4.55904 5.34181 4.82424 4.61415 8.09084 5.06808 5.23704 5.0578 5.97877 6.58282 5.80472 5.0924 5.61522 4.85198
threshold=2.2500000000000004 7.324851551597539 0.030757561690817895 2.5000000000000004 -2.2128141329147533 0.015132461132016385 2.5000000000000004 0.011823282582869689 9.1766716524689809 7.8500000000000005 0.0057631990788440789 -2.6779221181081736 0.016509780244668652 0.93468512725428265
decision_type=2 8 2 2 2 2 2 2 2 2 2 2 2 2
left_child=1 3 -2 7 -5 -6 -7 8 9 -1 -9 -10 -13 -14
right_child=2 -3 -4 4 5 6 -8 10 11 -11 -12 12 13 -15
leaf_value=0.00058291345514424923 -0.00081271424216238343 0.026026517585021499 -0.023586863044009535 -0.013010577536907132 0.015393722283275438 0.025916456655575321 -0.0014706478368197928 -0.020025615263035493 0.02356800776195149 0.028810045728080842 0.014884225003510006 -0.01454637177934787 -0.010967387834594385 0.038581371747130576
leaf_weight=52.595223734155297 1659.7902739886194 21.186618680134416 18.595429233741015 41.477929787710309 161.31982219778001 15.254399444907902 123.19958549924195 55.146371383219957 8.2256944701075536 29.238697839900851 10.965028166770933 80.025835551321507 5.954367605969308 5.7650755420327187
leaf_count=660 23422 256 473 519 1951 189 1556 785 88 360 173 1121 86 70
internal_value=0.000212402 0.00389489 -0.00113435 0.00288671 0.00661935 0.00950432 0.0023449 -0.00228049 0.0020881 0.0117465 -0.0135961 -0.00600093 -0.00973305 0.0176555
internal_weight=2288.74 610.355 1678.39 589.168 341.252 299.774 138.454 247.916 181.805 81.8339 66.1114 99.971 91.7453 11.7194
internal_count=31709 7814 23895 7558 4215 3696 1745 3343 2385 1020 958 1365 1277 156
is_linear=0
shrinkage=0.05


Tree=144
num_leaves=15
num_cat=0
split_feature=37 41 35 41 14 37 36 39 39 41 39 35 9 34
split_gain=4.95852 7.03222 4.11416 8.93609 6.94671 8.22056 7.9209 8.08414 9.19676 8.20214 7.78539 9.36741 7.63245 7.36301
threshold=-0.068628324984787034 0.002581769258964695 0.0079247965093993695 0.021817189431269261 1.2001844891633 0.002121048636178791 -0.0011081890483005672 0.0057631990788440789 0.0069559287838043514 0.015042761079517188 0.0015485834334440362 0.016034690799059507 0.15402565879449776 0.018339743764923869
decision_type=2 2 2 2 2 2 2 2 2 2 2 2 2 2
left_child=1 -1 3 -2 5 10 -7 -8 9 13 11 -4 -12 -9
right_child=2 -3 4 -5 -6 6 7 8 -10 -11 12 -13 -14 -15
leaf_value=-0.010587300131446417 3.7806391743099518e-05 0.054885157478686622 0.058999994027366442 0.017579865962986132 0.0038862963658261723 0.027476270820886342 -0.01268490940822091 -0.012113170579323393 -0.019976157716363848 -0.015364255324967858 -0.017433345912264413 -0.01007719210783682 0.010901461191410725 0.04089514474369943
leaf_weight=4.8667180109769088 1399.7428528182209 4.4367337860167027 8.177783312276004 71.570843214169145 226.10165588650852 9.6892748065292817 406.73516654688865 5.8965684473514584 17.647315525915474 9.7843288760632259 33.627815561369061 5.8044198621064416 56.77373961545527 25.280959436669946
leaf_count=94 19099 35 101 963 3138 140 5955 85 345 146 439 91 731 322
internal_value=-0.00044213 0.0289073 -0.000625136 0.000947775 -0.00348625 -0.00637181 -0.00915024 -0.0101968 0.00670966 0.0191289 0.00611263 0.035223 1.25308e-07 0.0305812
internal_weight=2286.14 9.30345 2276.83 1471.31 805.519 579.417 475.034 465.344 58.6092 40.9619 104.384 13.9822 90.4016 31.1775
internal_count=31684 129 31555 20062 11493 8355 6993 6853 898 553 1362 192 1170 407
is_linear=0
shrinkage=0.05


Tree=145
num_leaves=15
num_cat=0
split_feature=43 1 13 7 13 35 12 41 35 23 3 33 34 34
split_gain=4.95627 6.56783 4.61177 3.75784 8.26577 3.60516 7.72101 5.51307 4.68525 5.67696 4.51869 5.08151 8.82732 12.3967
threshold=0.18797682556071821 -0.038149406970521986 0.016021093883584022 0.86132159644960049 0.013249129304289465 0.0079247965093993695 60.41064659917992 0.022830550841857648 0.006281582325657232 0.018928477097900801 0.064293616462801864 0.059914529914529925 -0.052171446571524997 -0.060423819968953955
decision_type=2 2 2 8 2 2 2 2 2 2 2 2 2 2
left_child=1 2 -1 4 -3 7 -7 8 9 10 11 -2 13 -13
right_child=5 3 -4 -5 -6 6 -8 -9 -10 -11 -12 12 -14 -15
leaf_value=-0.010849186284488581 -0.0032074309462778328 0.025989181894882002 0.023208907201944622 -0.010486796988943902 -0.016689268999177734 -0.01637371065169951 -0.00042761736345485842 0.016643568113497379 0.014500030185140365 -0.0095600874547515854 -0.014021116005870122 -0.005955526178708986 0.0034407485347592208 0.048712460309309244
leaf_weight=11.165624740533529 262.52680174447596 18.726269399747252 25.527023874223232 268.31161151081324 17.07536200620234 80.453402206301689 682.49975624680519 57.557071074843407 59.207119159400463 117.21797975990921 37.770430093631148 15.690408112481235 611.84827692154795 20.815215300768614
leaf_count=169 4066 249 330 3809 250 1212 9635 762 729 1803 460 218 7777 240
internal_value=-0.000512919 -0.00602894 0.0127868 -0.00846925 0.0060832 0.000466293 -0.00220479 0.00219152 0.00138181 0.000588814 0.00188639 0.00261895 0.00498462 0.0273288
internal_weight=2286.39 340.806 36.6926 304.113 35.8016 1945.59 762.953 1182.63 1125.08 1065.87 948.651 910.881 648.354 36.5056
internal_count=31709 4807 499 4308 499 26902 10847 16055 15293 14564 12761 12301 8235 458
is_linear=0
shrinkage=0.05


Tree=146
num_leaves=15
num_cat=0
split_feature=25 27 14 39 37 12 4 43 37 39 33 39 36 27
split_gain=3.65942 6.34867 5.85689 4.38419 8.14635 7.01075 6.31859 4.59498 4.57314 12.4541 12.6224 11.9358 10.1657 10.3045
threshold=2.2500000000000004 1.0000000180025095e-35 0.87219733052513748 0.0073996779045917482 0.044116645361680702 70.352044728204135 -0.10865746888190768 0.92605021128511067 0.017882962818339457 0.0037159571762567403 0.95986577181208055 0.0042699395462071068 0.014364223913986398 19.500000000000004
decision_type=2 2 2 2 2 2 2 2 2 2 2 2 2 2
left_child=1 2 -1 8 6 -6 -5 -8 12 10 -10 -11 -2 -14
right_child=3 -3 -4 4 5 -7 7 -9 9 11 -12 -13 13 -15
leaf_value=-0.0067692820670061746 -0.00078875696977409929 0.0024929346887107187 0.040995265882721593 0.015580318086527956 0.036832979510621804 -0.018930896213641052 -0.035277037790518384 0.010005340770097654 0.033119371359251047 -0.019217858139520264 -0.010230456871643819 0.0054201472846862062 -0.03410499216752217 0.015504803755710762
leaf_weight=7.5278415568172958 1242.2231553383172 591.17248710244894 15.427535634487866 5.9225267954170695 8.6526872050017101 5.557923110201954 36.251466738991439 4.2718696556985369 56.792335351929069 60.030951531603932 20.356893414631486 196.42007097229362 38.39295641053468 10.550285447388886
leaf_count=88 17425 7598 187 101 106 92 680 61 777 850 343 2827 587 164
internal_value=0.000328078 0.00361613 0.0269225 -0.000877161 -0.0135445 0.0157724 -0.0231755 -0.0299289 -0.000364154 0.00481122 0.0217544 -0.000604431 -0.00171472 -0.0229651
internal_weight=2299.55 614.128 22.9554 1685.42 60.6565 14.2106 46.4459 40.5233 1624.77 333.6 77.1492 256.451 1291.17 48.9432
internal_count=31886 7873 275 24013 1040 198 842 741 22973 4797 1120 3677 18176 751
is_linear=0
shrinkage=0.05


Tree=147
num_leaves=15
num_cat=0
split_feature=8 41 35 14 20 28 19 14 37 37 7 39 35 16
split_gain=3.55543 6.43159 5.85211 5.27764 4.98408 4.24491 5.94797 4.08737 3.85981 9.37499 7.84221 6.33476 5.96516 5.47639
threshold=3.0852981903230243 0.010665510805752511 -0.04578911904522525 1.435264799284637 5.0451910219093703 4.5000000000000009 0.013434063523117549 1.5173313204419665 0.042676343919122568 0.055498251672459926 3.4590672419434525 0.0077036550450189289 0.013646997891047509 0.30957041185342643
decision_type=2 2 2 2 2 2 2 2 2 2 10 2 2 10
left_child=8 2 -2 -4 5 6 7 -3 11 10 12 -1 -10 -13
right_child=1 4 3 -5 -6 -7 -8 -9 9 -11 -12 13 -14 -15
leaf_value=0.00089130462917548677 0.016757621493453872 0.030166318739623662 -0.018942728052285501 0.0026362389191891115 0.028213071300973031 -0.019809290323831885 -0.014983809794035763 -0.0078738235525046413 0.0094743253639073578 -0.009989268516861707 -0.010242053688092712 0.0067665736752211009 0.048442866798693578 -0.027979575974610694
leaf_weight=1922.3748164279386 13.141338193789123 19.76081553846598 113.52568823006004 35.762723001651466 14.794894888997076 15.391533095389603 14.763758528977631 7.4333736263215533 20.564509121701121 30.495521859265864 11.483593346551059 14.30628926400095 21.13257260248065 30.118833328597248
leaf_count=26608 163 300 1472 493 170 209 193 109 259 513 160 226 307 539
internal_value=0.000228971 -0.00553604 -0.0109523 -0.0138555 0.00657781 -0.000818511 0.00751541 0.0201603 0.00090035 0.0111049 0.02302 0.000439145 0.0322963 -0.0172376
internal_weight=2285.05 234.574 162.43 149.288 72.1444 57.3495 41.9579 27.1942 2050.48 83.6762 53.1807 1966.8 41.6971 44.4251
internal_count=31721 3109 2128 1965 981 811 602 409 28612 1239 726 27373 566 765
is_linear=0
shrinkage=0.05


Tree=148
num_leaves=15
num_cat=0
split_feature=24 5 21 9 18 14 32 5 35 32 35 35 14 16
split_gain=4.46467 7.07495 9.87169 5.51764 3.9657 3.70601 6.46069 10.9403 11.4787 10.074 12.6652 9.40943 7.54309 9.44585
threshold=0.015236100899679915 0.012797726466226124 0.32986111111111116 0.024353361959335181 0.061364038292774974 0.9884807915341528 0.048865768377963505 -0.012276753101600422 -0.024739021134939167 0.066890380313199119 -0.016557064420928577 -0.041132307574843256 1.003832845748591 0.8820346595918821
decision_type=2 2 10 2 2 2 2 2 2 2 2 2 2 8
left_child=1 3 -3 -1 -5 -2 7 8 -7 10 11 -8 13 -11
right_child=5 2 -4 4 -6 6 9 -9 -10 12 -12 -13 -14 -15
leaf_value=0.021996494531834797 -0.002059674443120346 0.058678810117176732 0.0016710050290815581 -0.024908910896727365 0.0087644160690836474 -0.026731521718632596 -0.014005727035753876 0.019045466997288322 0.0033309962474540296 0.040163332667785878 -0.014242429965299114 0.044761285379187749 0.0011799810932270351 -0.01049305273643987
leaf_weight=12.404521983116863 1152.2462545465678 10.566803904250266 15.418373890221117 17.736503995954994 10.91343082860112 68.148485039360821 5.7381850220262995 27.064596469514072 54.347446759231389 22.091858056373894 13.984288034960626 36.064827406778932 808.46680479962379 11.320335309952496
leaf_count=150 16350 128 162 179 131 1144 83 351 790 314 197 430 11043 138
internal_value=0.000293655 0.0125421 0.0305811 -0.000956067 -0.0126856 -0.000107277 0.00204049 -0.00742103 -0.0137862 0.00364926 0.0233163 0.03606 0.00221605 0.0238687
internal_weight=2266.51 67.0396 25.9852 41.0545 28.6499 2199.47 1047.23 149.561 122.496 897.666 55.7873 41.803 841.879 33.4122
internal_count=31590 750 290 460 310 30840 14490 2285 1934 12205 710 513 11495 452
is_linear=0
shrinkage=0.05


Tree=149
num_leaves=15
num_cat=0
split_feature=36 15 21 39 12 20 42 14 2 35 30 34 11 17
split_gain=3.58994 4.10172 5.4965 7.71695 5.6296 5.36156 5.31476 5.35117 4.84251 5.02561 4.02333 5.3663 4.44366 4.28331
threshold=0.030757561690817895 1.4586603704517762 0.14590936739659369 0.0028156772447657957 66.101163679749945 8.408614603457055 0.23766434020451227 0.55024254735159694 -0.027999999999999966 0.021606897640031101 7.2500000000000009 -0.024202586927558414 0.45731770836197222 -2.2675655154815355
decision_type=2 2 8 2 2 2 2 2 2 2 2 2 2 2
left_child=1 8 3 5 -5 -3 -7 -8 -1 10 -10 -12 13 -13
right_child=-2 2 -4 4 -6 6 7 -9 9 -11 11 12 -14 -15
leaf_value=-0.020524907736903755 -0.017958992727751973 0.013798848503688944 0.00043461225917994619 0.028252236906698439 -0.0045513105164013265 0.011581053011652097 0.010512686840553573 -0.029554194995011669 -0.0064252735578727727 -0.019483831711649555 -0.013839029258967885 -0.010047787775667609 0.0030486115777899584 0.029127151651306134
leaf_weight=36.720886657014489 22.200259320903569 35.068175963126123 1733.358248507604 56.869697138667107 14.98719593323767 15.857992326840757 8.3551778662949783 27.250954888761044 138.3500299686566 33.276966515928507 26.886735040694475 5.9733279813081017 100.92009964585304 31.768760435283184
leaf_count=509 535 441 24339 743 196 185 122 365 1901 492 338 75 1237 355
internal_value=9.80829e-05 0.000314174 0.00126227 0.0100294 0.0215594 -0.000199929 -0.0101161 -0.0200155 -0.0044361 -0.0024096 -0.000254853 0.00493899 0.00893499 0.0224769
internal_weight=2287.84 2265.64 1891.75 158.389 71.8569 86.5323 51.4641 35.6061 373.897 337.176 303.899 165.549 138.662 37.7421
internal_count=31833 31298 26391 2052 939 1113 672 487 4907 4398 3906 2005 1667 430
is_linear=0
shrinkage=0.05


Tree=150
num_leaves=15
num_cat=0
split_feature=16 37 37 28 32 35 33 33 28 37 37 13 20 40
split_gain=4.89033 5.65292 6.30327 9.00795 9.10766 13.7172 8.40478 10.7765 7.51563 6.57148 5.22552 5.63836 4.985 4.82721
threshold=0.70390735891228295 -0.021293744514056853 -0.01017235101500019 5.5000000000000009 0.031621047369078871 -0.013539724113244526 0.040899966543994651 0.093988412780359104 1.0000000180025095e-35 -0.012068568656862842 -0.047661793222785014 0.01636527005839453 20.160077400604195 1.0000000180025095e-35
decision_type=8 2 2 2 2 2 2 2 2 2 2 2 2 2
left_child=10 -2 3 4 -3 9 -4 8 -8 -6 11 -1 -5 -9
right_child=1 2 6 12 5 -7 7 13 -10 -11 -12 -13 -14 -15
leaf_value=-0.0098581486717640148 -0.012052410435280193 -0.014419199784768081 0.027824604748758905 -0.024203818304927988 0.018983406247486536 -0.0049207249680390773 0.012494042165961923 -0.0094690837232191058 -0.033367101201180006 0.054043448644073948 0.0016195637968240703 0.038831424166703654 0.01584893577835025 2.9774113538568399e-05
leaf_weight=6.2180561050772694 131.07891026698053 20.866490140557289 16.621920512989163 24.870841743424538 53.327242063358426 38.16639706864953 8.2863830048590881 169.87650694139302 41.274904252029955 19.129270404577255 1165.9974806429818 13.773780664429067 6.6209499333053818 568.59044822491705
leaf_count=137 2254 270 218 400 679 465 109 1992 612 229 16521 187 79 7608
internal_value=-0.000110645 -0.00250815 -0.00115994 0.00766208 0.0133776 0.0190176 -0.00298311 -0.00380428 -0.0252571 0.0311307 0.00211163 0.024745 -0.0147652 -0.00220432
internal_weight=2284.7 1098.71 967.631 162.981 131.489 110.623 804.65 788.028 49.5613 72.4565 1185.99 19.9918 31.4918 738.467
internal_count=31760 14915 12661 2122 1643 1373 10539 10321 721 908 16845 324 479 9600
is_linear=0
shrinkage=0.05


Tree=151
num_leaves=15
num_cat=0
split_feature=43 7 14 21 35 7 8 34 12 21 9 13 28 28
split_gain=3.78287 4.83272 4.91504 3.93515 3.90626 3.65773 5.48823 4.86384 3.6213 3.45412 3.62018 5.10133 4.81472 8.6322
threshold=0.18797682556071821 0.86132159644960049 1.4773504164083873 0.25424382716049387 -0.016448035592688145 2.0452848578031553 2.2031289827713882 -0.03182449684665669 32.781254616626647 1.0000000180025095e-35 -0.046839060336060487 0.0077329243384039433 5.5000000000000009 2.5000000000000004
decision_type=2 8 2 10 2 10 2 2 2 10 2 2 2 2
left_child=1 3 4 -1 5 -3 7 -7 -4 -2 11 -11 13 -12
right_child=9 2 8 -5 -6 6 -8 -9 -10 10 12 -13 -14 -15
leaf_value=0.02513738683833211 -0.024251559004831429 -0.0094158311619234585 0.030813658402624258 -0.0044438022878724335 -0.012615838890212928 -0.0041292127666159324 -0.018154804110428358 0.03159659089336684 -0.0058236976421526671 0.020519304675692723 -0.00045040908524916594 -0.0047989496852988258 -0.0042297051349557482 0.0076196352845346845
leaf_weight=18.162908798083663 8.5557500971481186 45.267035942524672 9.6838048230856675 19.377288712188601 191.75412981398404 13.508981108665461 9.1734291333705169 20.623323153704408 10.006869543343781 16.194039385765791 709.50536006502807 345.17263634782284 247.04551317263395 615.88761415146291
leaf_count=235 117 684 133 288 2714 202 140 261 141 195 10075 4861 3454 8225
internal_value=5.60426e-05 -0.00478945 -0.00693269 0.0111407 -0.00869059 2.73625e-05 0.00985114 0.018736 0.0147856 0.000908264 0.00108183 -0.0033998 0.00211928 0.00331415
internal_weight=2279.92 337.558 300.018 37.5402 280.327 88.5728 43.3057 34.1323 19.6907 1942.36 1933.81 361.367 1572.44 1325.39
internal_count=31725 4798 4275 523 4001 1287 603 463 274 26927 26810 5056 21754 18300
is_linear=0
shrinkage=0.05


Tree=152
num_leaves=15
num_cat=0
split_feature=8 41 28 28 5 36 27 39 28 0 21 37 8 35
split_gain=3.36279 5.64474 8.69073 10.8149 9.73089 8.06568 6.7073 7.64153 6.796 6.07238 6.01147 7.06389 5.77566 6.7354
threshold=1.0228168594049272 0.0098020589528473607 1.0000000180025095e-35 5.5000000000000009 0.18112388974415952 0.029101909375975791 13.500000000000002 0.0055439237834795565 2.5000000000000004 0.033106814038812112 0.71530850540806312 0.0071760192589150904 3.0852981903230243 -0.035203977488117093
decision_type=2 2 2 2 2 2 2 2 2 2 10 2 2 2
left_child=-1 5 -3 4 6 12 10 9 -9 -8 11 -4 13 -2
right_child=1 2 3 -5 -6 -7 7 8 -10 -11 -12 -13 -14 -15
leaf_value=-0.0011350207050212068 -0.014439790475239016 -0.018134115640240586 0.01880492244094481 -0.014474324454401794 -0.013525589523977852 -0.03512387555949658 0.038512861732473765 -0.026322986685194852 0.023673795566370223 -0.0090002575416395069 0.021984798279715494 -0.013717046597612982 -0.0072353423523762953 0.0057786663316755534
leaf_weight=1393.0174192972481 40.875996650196612 23.135209024883807 22.356885842978954 31.349389879032969 22.754869619384408 10.834969259332864 70.636111874133348 8.5611634533852357 8.6418980844318849 5.5261201430112115 47.004486687481403 37.885189544409513 153.2851543687284 416.12012059800327
leaf_count=19441 622 386 261 421 319 293 985 119 112 65 676 504 1963 5605
internal_value=0.000402626 0.00277842 0.00863338 0.0113669 0.0152312 0.000111226 0.0187426 0.0283048 -0.00153199 0.0347234 0.00952808 -0.00113139 0.00101714 0.00383352
internal_weight=2291.98 898.968 277.851 254.716 223.367 621.116 200.612 93.3653 17.2031 76.1622 107.247 60.2421 610.281 456.996
internal_count=31772 12331 3848 3462 3041 8483 2722 1281 231 1050 1441 765 8190 6227
is_linear=0
shrinkage=0.05


Tree=153
num_leaves=15
num_cat=0
split_feature=34 34 36 14 35 39 37 39 39 32 37 33 34 32
split_gain=3.27216 13.3909 6.96336 8.7825 6.05873 6.29983 6.20869 8.31881 8.31221 5.26597 10.9986 10.7981 13.3958 10.2525
threshold=-0.066929805893291852 -0.058195981034093507 -0.0080443046489974673 1.2878058919957542 -0.027780969483400666 0.0034048941301260071 -0.018773830638325991 0.00475783211172976 0.0052428145311921347 0.026088929219600727 -0.0061905751462480998 0.0739497887148894 -0.052869642743601002 0.023715785526809152
decision_type=2 2 2 2 2 2 2 2 2 2 2 2 2 2
left_child=2 -2 4 -4 5 -1 7 -7 -9 10 13 12 -11 -3
right_child=1 9 3 -5 -6 6 -8 8 -10 11 -12 -13 -14 -15
leaf_value=-0.025159702742040324 -0.024865687153113603 -0.01050418616545057 0.038390684751560863 -0.011664092735533522 -0.025236260789513267 0.036295556755365374 -0.028109495173528398 -0.033244588005270741 0.015262958271675654 0.013086142690954273 0.038488983241060343 0.00069412989164246107 -0.018305200488828267 0.031633653245823269
leaf_weight=8.6793804205954057 50.400038347579539 50.343766374513507 25.402893187478185 9.6028412096202356 14.474884901195763 24.646937306970351 3.9719187989831033 8.2167703248560446 21.632895894348621 39.50688318349421 22.103064367547631 1839.6358955316246 151.58659146912396 14.530231919139622
leaf_count=151 882 758 337 131 243 311 50 180 348 490 251 24987 2460 160
internal_value=-0.000152526 -0.000598879 0.00782862 0.0249179 -0.00051575 0.0061928 0.0124623 0.0175331 -0.000943748 3.58656e-05 0.0117382 -0.000492948 -0.0116471 0.000521959
internal_weight=2284.73 2168.11 116.629 35.0057 81.6228 67.1479 58.4685 54.4966 29.8497 2117.71 86.9771 2030.73 191.093 64.874
internal_count=31739 29988 1751 468 1283 1040 889 839 528 29106 1169 27937 2950 918
is_linear=0
shrinkage=0.05


Tree=154
num_leaves=15
num_cat=0
split_feature=35 6 32 23 39 39 2 33 28 12 27 2 38 34
split_gain=4.12968 3.58621 3.49103 3.31492 7.32483 10.4616 8.56986 7.16799 6.99954 9.18501 6.0505 5.95346 5.52734 9.6551
threshold=0.038916304646571871 2.3772496807233936 0.95292516145371675 0.011267421866182127 0.0023612189051303331 0.0042975452724997414 0.028175392067026576 0.96135175504107562 4.5000000000000009 40.781938653333064 3.5000000000000004 0.051726484974229499 2.9887723339423338 0.026867705937473455
decision_type=2 2 2 2 2 2 2 2 2 2 2 2 2 2
left_child=3 2 -2 12 7 6 -6 8 10 -10 -5 -11 -1 -14
right_child=1 -3 -4 4 5 -7 -8 -9 9 11 -12 -13 13 -15
leaf_value=0.0023572562256013439 0.027913959986067612 -0.023903656296963935 -0.012881465000306142 -0.0048533777725695811 -0.021983790048256534 0.0031313952429664047 -0.0033427385705817763 -0.025814405392300815 -0.027878840680655759 0.020977672998518725 0.044488737714283404 -0.010413193856808965 -0.025676510588781582 0.012442293861415533
leaf_weight=1628.7683950876817 4.4495914895087463 26.356006301939487 7.2620191089808941 7.134174250066283 115.01206378079951 191.54016648326069 131.19064475782216 9.0623046392574889 13.102904236875473 46.612890884280205 19.191310735419393 17.784913655370474 40.543793823570013 22.353900009766221
leaf_count=21882 92 498 130 99 1912 2820 1846 169 231 628 302 231 673 283
internal_value=0.000391811 -0.0149463 0.00633229 0.000684881 -0.00266907 -0.00559721 -0.012315 0.00844108 0.0124797 0.00413047 0.0324767 0.0121827 0.00178123 -0.0122104
internal_weight=2280.37 38.0676 11.7116 2242.3 550.631 437.743 246.203 112.888 103.826 77.5007 26.3255 64.3978 1691.67 62.8977
internal_count=31796 720 222 31076 8238 6578 3758 1660 1491 1090 401 859 22838 956
is_linear=0
shrinkage=0.05


Tree=155
num_leaves=15
num_cat=0
split_feature=37 40 34 36 27 37 41 27 37 35 36 39 37 37
split_gain=4.27756 9.85303 14.2656 11.3744 10.1005 10.6002 12.9198 9.27574 9.24356 8.86432 14.5906 9.66556 17.1498 17.0604
threshold=0.0024442116493876846 1.0000000180025095e-35 -0.015624999999999943 0.013307880894562809 5.5000000000000009 -0.021293744514056853 -0.021547012765073727 5.5000000000000009 -0.0020642064186197624 -0.01041508310530048 -0.00042550144136405116 0.0034048941301260071 -0.019005351759760144 -0.0087668589723875461
decision_type=2 2 2 2 2 2 2 2 2 2 2 2 2 2
left_child=1 4 8 7 5 -1 -7 -4 -3 10 11 12 -6 -14
right_child=-2 2 3 -5 9 6 -8 -9 -10 -11 -12 -13 13 -15
leaf_value=-0.0090251086961001554 -0.0017970231133452098 -0.021629604196935662 0.0014945704260816599 -0.022520401620226609 -0.037287181340379998 0.036645047567522293 0.0057507561299979266 0.030415085753393325 0.018063956267372235 -0.010552911252121953 0.043445040341518928 0.0048853455582541228 0.015825315104493826 -0.015036936111546863
leaf_weight=49.024164382368326 1082.1125112022273 39.073142075911164 37.227903202176094 10.873766893520949 37.066247761249542 49.155426586046815 96.503125527873635 110.09881641156971 17.506203796714544 220.22653051558882 14.711117517203091 336.49880790058523 74.437410890124738 97.704454949125648
leaf_count=839 15171 534 450 172 653 620 1168 1362 216 2807 197 5052 994 1387
internal_value=0.000473765 0.00253737 0.0121014 0.0196468 0.000380279 0.0104199 0.0170468 0.0233961 -0.00887852 -0.00217385 0.00118305 -0.000340345 -0.0086634 -0.00162152
internal_weight=2272.22 1190.11 214.78 158.2 975.327 194.683 145.659 147.327 56.5793 780.645 560.418 545.707 209.208 172.142
internal_count=31622 16451 2734 1984 13717 2627 1788 1812 750 11090 8283 8086 3034 2381
is_linear=0
shrinkage=0.05


Tree=156
num_leaves=15
num_cat=0
split_feature=27 9 13 36 13 5 39 33 35 37 37 33 37 28
split_gain=3.36023 8.71238 8.41758 7.10714 7.31468 11.1446 8.33255 6.87062 11.7895 10.6914 11.7611 9.05681 8.73429 7.65128
threshold=15.500000000000002 0.67161883665497168 0.012886443342655389 0.0022585248369625392 0.010304047705322934 0.012797726466226124 0.0024888508368777298 0.64575131233595806 0.028811041558100773 0.021861865858208266 0.0037364981987619843 0.4096160193640665 0.022326683784692384 2.5000000000000004
decision_type=2 2 2 2 2 2 2 2 2 2 2 2 2 2
left_child=3 2 -2 -1 5 -5 -7 11 -9 10 -10 -6 13 -13
right_child=1 -3 -4 4 7 6 -8 8 9 -11 -12 12 -14 -15
leaf_value=0.0042569335111281399 0.00042723889141538566 0.0027473512504051808 -0.014653871515734974 -0.026568144174032495 -0.0021954404502487561 0.024359057223439493 -0.01030084028470254 -0.0078620677024942073 0.042110994986731459 0.036573056001482994 -0.027597349771825715 -0.0042479589955142921 0.067064660439475107 0.032390358149066302
leaf_weight=949.95721056032926 167.16423366684467 391.51415395876393 201.46008339338005 66.338939300738275 68.315173920243979 21.428759669885039 45.52388689853251 257.55977857671678 3.6433006711304214 26.557737600058317 15.907520141452549 27.039591669104993 5.3511400111019602 22.910370394587517
leaf_count=12601 2422 5685 3038 902 853 278 615 3734 62 399 280 392 66 313
internal_value=0.000267487 -0.00243423 -0.00790067 0.0016306 -0.00281829 -0.0128135 0.0017142 0.000411874 -0.00363858 0.0184147 -0.00867646 0.0101166 0.024247 0.013975
internal_weight=2270.67 760.138 368.624 1510.53 560.576 133.292 66.9526 427.285 303.668 46.1086 19.5508 123.616 55.3011 49.95
internal_count=31640 11145 5460 20495 7894 1795 893 6099 4475 741 342 1624 771 705
is_linear=0
shrinkage=0.05


Tree=157
num_leaves=15
num_cat=0
split_feature=41 28 41 37 4 35 35 36 34 34 36 27 36 37
split_gain=4.3074 8.02504 7.19857 4.99382 4.88589 3.70379 9.44475 15.0369 7.28756 8.42552 5.06584 11.3496 9.96454 10.0556
threshold=-0.067021430731697293 5.5000000000000009 -0.057088843239907809 -0.016393458791980283 -0.064028931813913378 -0.042773741608064818 -0.035203977488117093 -0.0094455986027354704 -0.055487256980164205 -0.085839352168395597 -0.019791020723335658 11.500000000000002 -0.024219472069351985 -0.010436175626255205
decision_type=2 2 2 2 2 2 2 2 2 2 2 2 2 2
left_child=1 -1 3 -2 -5 8 7 -7 9 -4 11 -8 -13 -14
right_child=2 -3 5 4 -6 6 10 -9 -10 -11 -12 12 13 -15
leaf_value=-0.037033511884414949 0.03294454928868655 0.014456326965495724 0.03249216275955763 -0.026984103293474528 0.021784050111950733 -0.033481588018871439 -0.019459948013097656 0.026996193897259026 0.025632063175725701 -0.023580275425497857 -0.00063882740090498815 -0.0072031825758537785 0.047599636087100619 -0.015423277843715395
leaf_weight=15.516962626948953 22.409857336431742 8.5789376702159643 4.5698194745928076 5.9460320174694061 4.8271842245012504 41.330178560689092 16.345057779923081 9.1427430380135757 32.404455015435815 18.503829577937722 2042.7767242626287 16.134643107652664 29.739619953557849 5.2206783257424823
leaf_count=236 257 149 67 78 78 815 251 125 354 274 28307 300 366 81
internal_value=-0.000252614 -0.0193675 -5.34699e-06 0.0215203 -0.00515386 -0.000375373 -0.000715355 -0.0210807 0.0118302 -0.00866587 -0.00017957 0.0128154 0.0239544 0.0374361
internal_weight=2273.45 24.0959 2249.35 33.1831 10.7732 2216.17 2160.69 50.4729 55.4781 23.0736 2110.22 67.44 51.0949 34.9603
internal_count=31738 385 31353 413 156 30940 30245 940 695 341 29305 998 747 447
is_linear=0
shrinkage=0.05


Tree=158
num_leaves=15
num_cat=0
split_feature=34 28 34 38 34 33 36 39 39 28 32 34 38 34
split_gain=3.61278 10.3331 8.51771 11.6406 23.2402 11.0253 15.3866 7.38146 8.62217 6.88941 6.47897 6.40127 13.085 11.2617
threshold=0.03754243166571803 1.5000000000000002 0.044575125725482785 1.6531850401396466 0.054910650095796328 0.98386991869918716 0.01297477702949479 0.0057631990788440789 0.0064908497132076361 3.5000000000000004 0.99110953058321483 0.02572440558005307 3.068142964877667 0.023100342907747821
decision_type=2 2 2 2 2 2 2 2 2 2 2 2 2 2
left_child=11 7 9 -4 -5 -6 -7 -2 -9 -3 -8 12 13 -1
right_child=1 2 3 4 5 6 10 8 -10 -11 -12 -13 -14 -15
leaf_value=0.0015833655793992523 -0.027116552216157171 0.0067490072585966766 -0.0058002257031525076 0.054871717996437634 -0.015800624413287334 -0.021368453454135138 0.060640355212336162 0.029716356742979566 -0.025769041032683661 -0.027222384295410532 -0.0036585173811109623 0.0089864837203781026 -0.026112734866076411 -0.020354499517996699
leaf_weight=1630.9286060892045 62.774900837801397 20.720722207799554 97.945211559534073 25.025256069377065 36.290636046789587 9.2976977936923522 12.77813250012696 11.261904409155251 7.4879889842122784 36.435699973255396 4.3270121030509463 223.5880464091897 41.399668612517416 55.676397692412138
leaf_count=22397 1110 256 1377 385 561 131 194 189 136 513 68 2925 723 777
internal_value=0.000308421 -0.00453726 0.000734623 0.00596045 0.0186969 0.00127061 0.0235147 -0.0193746 0.00679755 -0.0153546 0.0472265 0.00112329 8.28694e-05 0.000801154
internal_weight=2275.94 324.345 242.82 185.664 87.7187 62.6935 26.4028 81.5248 18.7499 57.1564 17.1051 1951.59 1728 1686.61
internal_count=31742 4920 3485 2716 1339 954 393 1435 325 769 262 26822 23897 23174
is_linear=0
shrinkage=0.05


Tree=159
num_leaves=15
num_cat=0
split_feature=28 33 37 42 35 42 39 32 32 27 32 37 35 37
split_gain=3.43105 7.07159 14.7111 10.4261 10.0172 7.60893 7.0545 18.6363 6.73255 6.30174 8.63814 9.50217 7.55365 5.82826
threshold=1.5000000000000002 0.91726730619652586 0.01935672072801942 0.9057287394038831 0.032697557394459127 0.19466056898497361 0.0054774236102395268 0.95986577181208055 0.90821007302003387 15.500000000000002 0.81884479205200034 -0.040186900312786815 0.013897541579281471 -0.0093048258668829691
decision_type=2 2 2 2 2 2 2 2 2 2 2 2 2 2
left_child=1 2 5 4 -4 -1 8 -8 -3 12 11 -11 -7 -2
right_child=13 6 3 -5 -6 9 7 -9 -10 10 -12 -13 -14 -15
leaf_value=-0.017223089476717489 0.0059210416737347218 0.011670628849509758 0.034432190230498316 -0.0083352479883214564 -0.016913052133450714 0.006710394261586693 -0.033619890417723411 0.033804110839515948 -0.027727263250916363 0.02824773361153704 0.017848830249249804 -0.023212518089743162 -0.016051189789996929 -0.00071549596416421897
leaf_weight=88.541318879462779 455.24344246089458 9.9011802747845632 56.591587861999869 26.468047907575965 8.1147122504189593 216.09157244302332 13.276043752208354 18.452240584418178 67.040635026060045 5.8324561500921837 16.374155459925532 76.273490085266531 38.767589632421732 1173.3722541593015
leaf_count=1360 6569 131 852 335 146 2955 208 321 1176 111 231 1113 606 15628
internal_value=-6.84107e-05 -0.00315073 -0.000729326 0.0170173 0.0272418 -0.00454047 -0.0144738 0.00485576 -0.0222546 -0.00116643 -0.0115874 -0.0181454 0.00300582 0.00115205
internal_weight=2270.34 641.725 533.055 91.1743 64.7063 441.881 108.67 31.7283 76.9418 353.339 98.4801 82.1059 254.859 1628.62
internal_count=31742 9545 7709 1333 998 6376 1836 529 1307 5016 1455 1224 3561 22197
is_linear=0
shrinkage=0.05


Tree=160
num_leaves=15
num_cat=0
split_feature=16 36 35 9 37 13 33 21 16 19 44 19 28 41
split_gain=5.42721 6.50967 10.2103 6.43685 5.89261 5.73332 5.34331 5.23793 4.88755 4.99034 5.11564 4.55244 4.3659 7.62473
threshold=0.68835194032584568 -0.0044700543367434667 -0.027206014832561572 5.2406362453105304 -0.047661793222785014 0.015378617927711698 0.035717133062265809 0.81867690058479547 1.0604298902506313 0.0098060270495415984 0.78966437833714731 0.012947951071886465 2.5000000000000004 0.021602899829638648
decision_type=10 2 2 2 2 2 2 10 10 2 2 2 2 2
left_child=4 3 -3 -2 5 -1 7 -4 11 10 -10 -8 13 -6
right_child=1 2 6 -5 12 -7 8 -9 9 -11 -12 -13 -14 -15
leaf_value=-0.01168756368230682 -0.010889114207105054 0.044869325875307467 0.038415261425761509 0.018958149259418425 0.00031805286724842041 0.038426122763958181 -0.0019163943891491364 -0.012652112138263989 0.01047188704337332 0.0089660779106145987 -0.010950281143407216 -0.015290928590177647 0.0040323997308108579 -0.018026608540657733
leaf_weight=5.2608784139156368 272.16862301155925 7.4644923899322739 11.004361273720859 14.840679751709102 532.22425239067525 15.334801465272902 200.52930619381368 4.4170389100909224 35.786121608689427 150.81174574326724 85.088367613963783 89.406757428310812 791.07336496654898 58.367961414158344
leaf_count=112 4197 86 132 199 7735 209 2780 71 511 1969 1058 1166 10566 931
internal_value=0.000137468 -0.00295128 9.35227e-05 -0.00904758 0.00206082 0.0258428 -0.000866157 0.0242719 -0.0017645 0.00302738 -0.00444399 -0.00622997 0.00161441 -0.00163106
internal_weight=2273.78 871.517 584.508 287.009 1402.26 20.5957 577.044 15.4214 561.622 271.686 120.874 289.936 1381.67 590.592
internal_count=31722 12169 7773 4396 19553 321 7687 203 7484 3538 1569 3946 19232 8666
is_linear=0
shrinkage=0.05


Tree=161
num_leaves=15
num_cat=0
split_feature=31 8 20 34 5 44 35 41 41 28 32 13 21 20
split_gain=3.85216 4.33013 4.25429 5.87273 4.88636 4.19505 4.04402 5.66197 8.22947 9.49934 10.9379 9.25585 6.95255 9.61693
threshold=0.59092179397238642 0.70199725360716503 14.35737982088315 0.013293462591341844 -0.12689395678564533 0.99118925632665744 0.032697557394459127 -0.0023820480945616058 -0.0011267276804189927 1.0000000180025095e-35 0.8591076661310143 0.013914421355811795 0.57113095238095246 1.1910819705168916
decision_type=2 2 2 2 2 2 2 2 2 2 2 2 10 2
left_child=6 2 -2 4 -4 -3 7 -1 11 10 -10 -9 -11 -14
right_child=1 5 3 -5 -6 -7 -8 8 9 12 -12 -13 13 -15
leaf_value=-0.001437787267813151 -0.011620054357222121 0.0015698557160582442 -0.0042454678456519635 -0.026242770106907926 0.023423103594940896 -0.017656402279010514 -0.012638502843300137 0.042222862233973694 -0.029272581413796763 0.0011750642066162074 0.0046710881464671157 -0.0015835763204519111 -0.00075531001656212432 0.020043437886554424
leaf_weight=834.63265116326511 213.0497471569106 338.74301517009735 30.503937846049663 9.3861921615898591 25.753264341503385 25.924260216765106 48.142835110425949 24.285227242857218 40.738839291967452 382.30617628246546 46.889706345275044 19.904290489852428 89.304425919428468 140.64323273859918
leaf_count=11662 3135 4952 446 152 368 310 842 317 584 4798 750 244 1287 1852
internal_value=-0.000361854 -0.00362154 -0.00825426 0.0027189 0.0092986 -1.72702e-05 0.000934382 0.00138688 0.00454379 0.00313039 -0.0118377 0.0243358 0.00535124 0.0121217
internal_weight=2270.21 643.36 278.693 65.6434 56.2572 364.667 1626.85 1578.7 744.072 699.882 87.6285 44.1895 612.254 229.948
internal_count=31699 9363 4101 966 814 5262 22336 21494 9832 9271 1334 561 7937 3139
is_linear=0
shrinkage=0.05


Tree=162
num_leaves=15
num_cat=0
split_feature=24 42 37 39 45 7 4 3 41 41 42 13 37 38
split_gain=3.79857 4.11382 5.6542 4.51473 3.89411 4.01849 4.02761 4.15448 5.90523 5.56044 4.98523 4.16428 5.12611 5.60453
threshold=0.015548344697628337 0.89273729626078635 0.0090772122464600775 0.001403602489404882 1.0000000180025095e-35 7.324851551597539 -0.13535600646207299 0.020633805876685733 0.011590129582085164 -0.01467813479424651 0.16722595078299779 0.017985999235216103 -0.021293744514056853 -1.0401311596865048
decision_type=2 2 2 2 2 8 2 2 2 2 2 2 2 2
left_child=1 2 3 -1 5 6 -2 8 11 -9 -10 12 13 -8
right_child=4 -3 -4 -5 -6 -7 7 9 10 -11 -12 -13 -14 -15
leaf_value=-0.0054127722567961969 -0.018021663671454843 -0.012571406185658971 -0.0029983876382462722 0.033188965210015582 -0.0014450090769143459 0.022569526334705683 -0.016767439093805386 -0.030003960404512392 -0.0086973741882325865 0.00016206501961134448 0.036723399078158081 0.020509705297461392 0.0057520379357737222 0.024055440730115032
leaf_weight=7.8681821785867205 18.337701536715031 11.950742173939942 25.030461329035461 33.098916394636035 1590.8872157204896 20.880824752151966 47.941977310925722 11.423898629844187 5.694657418876889 217.85184225067496 21.253340307623148 31.057455539703369 220.00222722627223 5.461528852581977
leaf_count=84 232 119 304 372 23056 253 761 150 77 2949 244 325 2701 87
internal_value=0.000246849 0.0107497 0.0155606 0.0259927 -0.000150471 0.00326608 0.00238269 0.00320342 0.00674413 -0.00194927 0.0272661 0.00451655 0.00236409 -0.0108905
internal_weight=2268.74 77.9483 65.9976 40.9671 2190.79 599.905 579.025 560.687 331.411 229.276 26.948 304.463 273.406 53.4035
internal_count=31714 879 760 456 30835 7779 7526 7294 4195 3099 321 3874 3549 848
is_linear=0
shrinkage=0.05


Tree=163
num_leaves=15
num_cat=0
split_feature=36 41 41 28 4 32 33 34 32 37 33 27 34 41
split_gain=4.95909 3.90423 6.87064 5.00898 4.92149 5.59439 3.8119 17.0093 10.8515 8.93433 10.3732 6.98653 11.7065 9.927
threshold=0.030757561690817895 -0.067021430731697293 -0.057088843239907809 5.5000000000000009 -0.098027184809529475 0.01709526592635886 0.059914529914529925 -0.052171446571524997 0.066890380313199119 -0.0061905751462480998 0.047074838546283408 17.500000000000004 -0.090373236596787546 0.00062352942635862673
decision_type=2 2 2 2 2 2 2 2 2 2 2 2 2 2
left_child=1 3 4 -1 5 -3 9 8 -8 11 -11 13 -13 -4
right_child=-2 2 6 -5 -6 -7 7 -9 -10 10 -12 12 -14 -15
leaf_value=-0.032361427697945894 -0.021647752454726211 0.026965857582045179 -0.0050285675093463258 0.0098541869985477731 0.036925435240201886 -0.020009285980394472 0.04639425780105999 0.0003791641797346469 -0.010414476087451222 0.038673403841566312 -0.021334489036480261 0.031769307856404638 -0.026550868835305566 0.04871340153713824
leaf_weight=14.542141299694777 20.736376665532589 6.1517041735351077 171.19570324476808 8.0358420182019472 17.188035786151886 9.6843944229185563 27.56264615431428 1880.1975675458089 9.1854703407734615 17.506193246692423 6.7781204134225836 5.4973809849470845 68.411745097488165 4.0446278769522896
leaf_count=224 518 69 2719 144 206 133 313 25492 157 219 90 84 1256 37
internal_value=0.000176489 0.000425622 0.000656085 -0.0182738 0.0217281 0.000330725 0.000289621 0.00108108 0.0326478 -0.00517882 0.0211414 -0.00810967 -0.0204748 -0.00247124
internal_weight=2266.72 2245.98 2223.4 22.578 33.0241 15.8361 2190.38 1916.95 36.7481 273.434 24.2843 249.149 73.9091 175.24
internal_count=31661 31143 30775 368 408 202 30367 25962 470 4405 309 4096 1340 2756
is_linear=0
shrinkage=0.05


Tree=164
num_leaves=15
num_cat=0
split_feature=41 9 23 38 38 39 41 35 35 32 39 38 27 35
split_gain=3.98075 5.392 5.21098 6.3443 4.35508 20.3401 11.7842 11.5567 6.9378 7.95637 7.4345 6.43564 9.26352 8.02666
threshold=0.072703264347917865 1.0197660784140599 0.033918022960059642 2.7503808208297316 2.4221463455276075 0.005866772813910166 -0.014166586330062179 0.038916304646571871 0.037836209196807753 0.95292516145371675 0.002220096648943203 2.2443484216600598 13.500000000000002 0.033895877263398939
decision_type=2 2 2 2 2 2 2 2 2 2 2 2 2 2
left_child=2 -2 4 -4 11 8 -7 -8 10 -10 -6 13 -13 -1
right_child=1 -3 3 -5 5 6 7 -9 9 -11 -12 12 -14 -15
leaf_value=0.0015128575777218914 -0.010284217572276592 0.043496670238663042 -0.013692764878450581 0.023983159754402451 0.0056378961159308898 -0.02625008309567365 0.051382829415331337 -0.0073009135933618623 0.050299934150386895 -0.016290253620517128 -0.019483527830651517 0.044492000501485857 0.00065291728812869152 -0.024205035411696059
leaf_weight=1849.4761151047423 5.0536898691207153 6.962277015671134 103.12753600161523 7.8911009822040787 34.050582244992256 5.7617488699033848 24.500294065102935 10.148716718889771 4.5549321612343174 4.9982809871435165 148.62587426882237 16.071474915370345 28.50069288071245 25.853132189251482
leaf_count=25169 86 117 1624 121 450 127 290 203 72 81 2252 263 417 475
internal_value=0.000408279 0.024502 0.000226657 -0.0100966 0.000781251 -0.00560747 0.0247235 0.0354412 -0.0124488 0.0218328 -0.0147755 0.00156795 0.0193533 0.00109489
internal_weight=2275.58 12.016 2263.56 111.019 2152.54 232.64 40.4108 34.649 192.23 9.55321 182.676 1919.9 44.5722 1875.33
internal_count=31747 203 31544 1745 29799 3475 620 493 2855 153 2702 26324 680 25644
is_linear=0
shrinkage=0.05


Tree=165
num_leaves=15
num_cat=0
split_feature=9 6 13 34 30 12 41 44 35 34 30 4 38 39
split_gain=3.51284 6.96432 5.63914 5.8842 5.51951 5.713 7.63905 8.91197 6.1699 5.30564 5.20092 5.19116 5.11668 5.2686
threshold=-0.083919033488730407 2.2760291946439595 0.010578569169206133 -0.002786324346851526 8.8500000000000014 32.214674871097138 -0.0025720853268943462 0.90601158721964103 0.032697557394459127 0.068897096457460907 15.550000000000002 -0.0086812709834115358 -2.7692931296177146 0.0035979348822813154
decision_type=2 2 2 2 2 2 2 2 2 2 2 2 2 2
left_child=2 -2 3 -1 5 -3 12 8 -8 -10 -6 -5 13 -7
right_child=1 4 -4 11 10 6 7 -9 9 -11 -12 -13 -14 -15
leaf_value=0.016762821699655744 0.0048688413264228623 0.0035387179303139147 -0.0078591225439060813 -0.02392618767002111 0.0076875618446538285 -0.019962141584742896 0.0093713783381736381 -0.0086700712374148513 -0.025317006345296864 0.018828998888957983 -0.0063769088103952133 0.0052651208638528468 -0.014489476251843084 0.019931417388712347
leaf_weight=51.259195910766721 639.72177178785205 210.7515302952379 304.50948510225862 19.090651532635093 240.97724540252239 7.805540511384609 175.70834902301431 205.03597763739526 20.817927637137476 5.172358712181448 85.43314125854522 37.72994776442647 244.93440429633483 19.573188678361475
leaf_count=691 9155 3198 4322 264 3004 109 2521 2601 336 78 1102 524 3498 261
internal_value=-0.000264313 0.000666284 -0.00440823 0.00523209 -0.00155513 -0.00359122 -0.00581378 -0.00143208 0.00595741 -0.014911 0.00396572 -0.0056845 -0.0122146 0.00723168
internal_weight=2268.52 1855.93 412.589 108.08 1216.21 889.799 679.048 406.735 201.699 25.9903 326.41 56.8206 272.313 27.3787
internal_count=31664 25863 5801 1479 16708 12602 9404 5536 2935 414 4106 788 3868 370
is_linear=0
shrinkage=0.05


Tree=166
num_leaves=15
num_cat=0
split_feature=9 6 39 6 41 37 18 8 27 16 37 8 39 19
split_gain=3.31101 3.94771 4.1763 3.62068 5.95265 5.82243 5.79793 5.30379 4.90218 4.83479 4.71579 4.18875 4.06766 3.85406
threshold=-0.48204204528229455 2.103419821975256 0.0016558931583486218 2.2122819339968252 0.041643517083795663 0.038857049345527812 0.20071824237315727 0.63775154317080296 2.5000000000000004 0.12894405552871127 0.0022673399915196239 -0.054065855962300811 0.0051828875454588887 0.017630589798525057
decision_type=2 2 2 2 2 2 2 2 2 10 2 2 2 2
left_child=1 2 -1 4 6 10 7 13 -9 11 -6 -8 -7 -2
right_child=3 -3 -4 -5 5 12 9 8 -10 -11 -12 -13 -14 -15
leaf_value=0.0083200135248745598 0.002008693872126007 0.0083642227346616693 -0.024245947403156498 -0.0011655944127252165 0.0091268924371525704 0.036630366277194015 -0.012752863803529788 -0.0075823230275274978 0.015729206363578548 -0.013266925535921938 -0.031563542834681491 0.026712927070485389 -0.012140761527899377 0.024963294407867802
leaf_weight=9.9786208905279619 491.03252514172345 17.085832377895713 38.653342105448246 1382.2800161470659 6.7388662975281468 4.1233080700039846 7.1799649037420776 23.011651437729597 162.6891476130113 72.776277062483132 26.641123354434967 12.256126308813689 4.5544365812093019 14.070338154211639
leaf_count=118 7076 224 535 19069 103 59 89 322 2382 971 416 147 79 155
internal_value=5.7942e-05 -0.0105923 -0.0174112 0.000398245 0.00300945 -0.0143095 0.00402459 0.00560167 0.0127174 -0.00747045 -0.02323 0.0125074 0.0159523 0.00288655
internal_weight=2273.07 65.7178 48.632 2207.35 825.074 42.0577 783.016 690.804 185.701 92.2124 33.38 19.4361 8.67774 505.103
internal_count=31745 877 653 30868 11799 657 11142 9935 2704 1207 519 236 138 7231
is_linear=0
shrinkage=0.05


Tree=167
num_leaves=15
num_cat=0
split_feature=30 23 30 3 31 14 37 35 41 35 14 3 2 15
split_gain=3.58003 5.26922 5.21647 5.32625 5.35687 5.01461 4.53018 4.764 4.6953 4.46992 6.18399 5.36503 5.90631 4.51741
threshold=8.4500000000000011 0.015868701399265665 22.250000000000004 -0.010676275679257828 -0.26143937264016875 0.5340529863424085 -0.010828857134490664 0.014109161338218825 -0.011867815586514617 -0.0023716688349294797 0.97908736371437877 0.044064873319771609 -0.0093957799122082446 1.4949170527099163
decision_type=2 2 2 2 2 2 2 2 2 2 2 2 2 2
left_child=5 2 3 -2 -5 6 -1 8 -8 11 -11 12 -6 -12
right_child=1 -3 -4 4 9 -7 7 -9 -10 10 13 -13 -14 -15
leaf_value=-0.013393038494401644 0.00092017144552140667 -0.005825858243459426 -0.011965556602334636 -0.0046420477202967119 0.0072547162606819418 -0.0017527387983305807 0.001695547546211291 -0.010219700015733163 0.03916013127718445 0.0022810748636883814 -0.0038529839786855119 -0.0023630622320821556 0.048046380734294805 0.024418751420699634
leaf_weight=9.1754679530858976 261.97593667544425 133.33772321138531 37.819011168554425 46.562305262312293 15.913811553269623 1469.9812637637369 12.822584828361864 7.9325163662433615 21.876016413792971 124.11825169436634 15.760349655523894 12.185765476897357 23.319765191525221 72.429143636487424
leaf_count=143 3609 1889 455 537 205 21209 176 137 286 1573 191 131 243 907
internal_value=0.000194021 0.00302644 0.0049928 0.00620745 0.0105861 -0.00119505 0.0133905 0.0199559 0.0272727 0.013311 0.00968793 0.0260864 0.0341909 0.0194307
internal_weight=2265.21 743.422 610.084 572.265 310.289 1521.79 51.8066 42.6311 34.6986 263.727 212.308 51.4193 39.2336 88.1895
internal_count=31691 9740 7851 7396 3787 21951 742 599 462 3250 2671 579 448 1098
is_linear=0
shrinkage=0.05


Tree=168
num_leaves=15
num_cat=0
split_feature=30 5 9 6 35 5 4 37 6 21 41 41 38 37
split_gain=3.44521 5.00208 3.72897 4.02942 5.45473 5.79187 4.61505 4.35972 4.31778 4.18126 6.65171 7.22166 5.82636 5.6013
threshold=7.8500000000000005 0.23705605124038223 -0.50292600955694911 1.995636564670346 0.021276595744680885 -0.10494800527831492 0.12170053884407396 0.021083783317625397 1.7364044699417558 0.4139459665144597 -0.024396266488850401 -0.0025720853268943462 2.7847162849617901 0.011693312566301907
decision_type=2 2 2 2 2 2 2 2 2 8 2 2 2 2
left_child=2 -2 -1 4 5 -4 9 -6 -9 10 -5 -12 13 -13
right_child=1 -3 3 6 7 -7 -8 8 -10 -11 11 12 -14 -15
leaf_value=-0.017844304566015535 0.0028142736920933743 -0.019640640046033775 -0.0080382447701282302 0.017035884661835084 -0.024287343125602576 0.0087442237669995791 0.010046951986450704 -0.014508935928914371 0.021750570669002187 -0.0067977704366749964 -0.010530075034123086 0.0063201363602766285 0.023304530584538807 -0.013781957085732903
leaf_weight=30.014023697003722 909.03899992723018 20.543772691860795 59.668192444369197 45.491391997784376 25.27905604429543 258.99166167154908 58.544828047975898 11.840075873769822 11.205101516097782 519.74907860718668 146.00190506968647 106.74121742323041 27.880951400846243 45.231400523334742
leaf_count=419 12028 246 869 637 421 3792 816 181 177 7824 2024 1447 358 616
internal_value=-0.000118882 0.0022156 -0.00173261 -0.0012992 0.00312197 0.00552612 -0.00301514 -0.0117631 0.00385587 -0.00392459 0.000133685 -0.00244776 0.00422068 8.8759e-05
internal_weight=2276.22 929.583 1346.64 1316.62 366.984 318.66 949.641 48.3242 23.0452 891.096 371.347 325.855 179.854 151.973
internal_count=31855 12274 19581 19162 5440 4661 13722 779 358 12906 5082 4445 2421 2063
is_linear=0
shrinkage=0.05


Tree=169
num_leaves=15
num_cat=0
split_feature=34 34 21 28 36 28 39 27 22 12 27 37 37 34
split_gain=3.15192 12.3764 8.55038 5.3027 5.30033 4.46766 17.1075 18.4491 16.112 14.3746 14.3445 13.1745 11.1791 8.86797
threshold=-0.066929805893291852 -0.058195981034093507 0.91180555555555565 1.0000000180025095e-35 -0.020218297948842442 5.5000000000000009 0.0027162130978013988 18.500000000000004 1.0000000180025095e-35 61.955574196683116 15.500000000000002 -0.023838704229694859 -0.00079538380424076782 -0.051265549774368584
decision_type=2 2 8 2 2 2 2 2 2 2 2 2 2 2
left_child=2 3 4 -2 -1 13 7 8 12 11 -11 -8 -7 -3
right_child=1 5 -4 -5 -6 6 9 -9 -10 10 -12 -13 -14 -15
leaf_value=-0.0071111550499403653 0.0052034063821223631 0.019185447493326905 -0.012108304077206485 -0.031713839831547484 0.022864921150332465 0.040331347663764366 0.014315102420714402 -0.024806658910037825 -4.7183435980074273e-05 -0.017481750973537307 0.035321870321737545 -0.040516317636502951 -0.0052391459481567646 0.00059594376849456403
leaf_weight=16.281747097149491 10.866422080434857 61.796690288931131 33.112565319985151 38.792580036446452 62.868311762809753 46.234385404735804 10.384994032792745 46.863265773281455 172.40997583977878 29.415019445121288 15.562551556155084 65.012646461836994 16.820973539724946 1633.4209649995901
leaf_count=285 187 831 572 684 879 520 155 711 2355 412 218 1190 205 22455
internal_value=2.47286e-05 -0.000410196 0.00800756 -0.0238986 0.0166425 0.000201287 -0.00449993 0.00228694 0.0080829 -0.0198743 0.00249458 -0.0325435 0.028683 0.00132802
internal_weight=2259.84 2147.58 112.263 49.659 79.1501 2097.92 402.704 282.329 235.465 120.375 44.9776 75.3976 63.0554 1695.22
internal_count=31659 29923 1736 871 1164 29052 5766 3791 3080 1975 630 1345 725 23286
is_linear=0
shrinkage=0.05


Tree=170
num_leaves=15
num_cat=0
split_feature=36 41 8 36 32 32 28 5 32 33 5 33 27 0
split_gain=3.13006 3.90478 4.99898 3.31252 5.73254 3.10444 11.6429 9.06097 6.05759 4.52683 13.7115 8.1291 9.40446 6.57799
threshold=0.029101909375975791 0.010665510805752511 0.20892970466681662 0.025954294611816756 0.98048734056729503 0.013704416388980149 4.5000000000000009 -0.013351542744880871 1.0000000180025095e-35 0.029268989149057685 -0.022092515221438676 0.033955955263461325 18.500000000000004 -0.0064867647809127562
decision_type=2 2 2 2 2 2 2 2 2 2 2 2 2 2
left_child=3 2 -2 5 -5 6 7 -1 -8 10 13 12 -11 -7
right_child=1 -3 -4 4 -6 9 8 -9 -10 11 -12 -13 -14 -15
leaf_value=-0.020903127011537261 0.013889923582378167 0.00906319185518328 -0.036065910040523022 -0.0042094152029691339 0.045598377576804669 -0.033361516202526961 -0.0091021470506609387 0.026894789902470986 0.036944540949940402 0.038184914747613596 0.017947564144126498 0.00024013038314967927 -0.017553294272379356 0.0054804435939332964
leaf_weight=30.931356156244874 3.6782447295263472 9.1448675813153368 15.458607248961924 10.551168959587814 6.0155957266688338 41.248383012600243 6.7904437817633143 8.9583260547369701 30.541480977088213 23.045279685407881 23.683804454281926 2033.6544887563214 7.0217354241758576 12.595050571486352
leaf_count=607 73 139 434 150 80 800 89 111 381 319 346 27935 134 187
internal_value=0.000527056 -0.0146964 -0.0255758 0.000752064 0.0202549 0.000561203 0.0100956 -0.00836877 0.0284831 0.00019464 -0.0112894 0.000652301 0.0245212 -0.024582
internal_weight=2263.32 28.2817 19.1369 2235.04 16.5668 2218.47 77.2216 39.8897 37.3319 2141.25 77.5272 2063.72 30.067 53.8434
internal_count=31785 646 507 31139 230 30909 1188 718 470 29721 1333 28388 453 987
is_linear=0
shrinkage=0.05


Tree=171
num_leaves=15
num_cat=0
split_feature=34 28 28 19 34 35 2 5 34 32 41 28 28 13
split_gain=3.76473 7.74882 10.3886 10.1091 7.54647 9.27408 7.08606 7.47067 6.87985 9.48448 6.73092 9.25313 11.5045 10.7644
threshold=0.036893188068108491 1.5000000000000002 3.5000000000000004 0.014017626886710292 0.035857466592616578 0.021010377052430588 0.021626298589309648 0.038621228492343958 0.049218152463001326 0.9358899082568809 0.017079516985028968 1.0000000180025095e-35 4.5000000000000009 0.013841860213967298
decision_type=2 2 2 2 2 2 2 2 2 2 2 2 2 2
left_child=4 -2 3 6 10 -6 -3 -8 -4 -10 -1 -12 13 -13
right_child=1 2 8 -5 5 -7 7 -9 9 -11 11 12 -14 -15
leaf_value=-0.00030498890355115313 -0.017629091181082596 -0.0079396474079380559 -0.022519223182066464 -0.0098175751221299332 -0.0039086991150261638 0.056329823142441594 0.040257589158137368 0.0046448557295627572 0.034249764798570191 -0.0079386347600923068 -0.020970754126854344 0.042679775381933828 -0.0023479825140845629 0.0067205819099870768
leaf_weight=1755.6544923875481 81.983505819924176 15.494394885376094 54.407915112562478 38.203166361898184 10.97595125809312 8.5139784347265941 37.342796504497528 24.800576450303197 11.502329867333172 64.12757605779916 16.528918532654643 41.233299866318703 59.198834704235196 41.88828457519412
leaf_count=24361 1488 214 775 477 163 82 578 382 159 980 269 538 748 488
internal_value=0.000109965 -0.00480279 -0.000259998 0.0103952 0.000953042 0.028534 0.0203336 0.0274493 -0.00978539 0.000203676 0.000598669 0.0102907 0.0145099 0.025968
internal_weight=2261.86 327.862 245.879 115.841 1933.99 19.4899 77.6378 62.1434 130.038 75.6299 1914.5 158.849 142.32 83.1216
internal_count=31702 5053 3565 1651 26649 245 1174 960 1914 1139 26404 2043 1774 1026
is_linear=0
shrinkage=0.05


Tree=172
num_leaves=15
num_cat=0
split_feature=21 19 34 10 24 39 34 41 37 41 41 27 39 37
split_gain=2.97487 3.02629 5.83604 4.12831 3.07774 4.51443 3.06412 11.9992 8.8134 8.51771 5.96545 14.2126 13.581 15.3692
threshold=0.014583333333333335 0.018653618246330671 0.0036017118063015334 0.52595606036465437 0.039312447564611837 0.0061811628630807627 -0.056905647748971382 -0.037213766437482053 -0.017038341228885975 -0.0091846110918060702 -0.022282291837151299 15.500000000000002 0.0027004803966359692 -0.0087668589723875461
decision_type=8 2 2 2 2 2 2 2 2 2 2 2 2 2
left_child=-1 4 -3 -4 6 -6 7 8 -2 -9 11 -8 13 -13
right_child=1 2 3 -5 5 -7 10 9 -10 -11 -12 12 -14 -15
leaf_value=0.022007711126551949 0.0096894302195650976 0.035088093030178853 0.017781265537188708 -0.019455332806573522 -0.020086406841896873 0.013422296051742715 0.013802066168600797 -0.035597518628479756 -0.019960402171619401 0.0253489504235276 -0.00081545817124460077 0.037702178079542001 -0.025451489573803818 -0.018660683282498095
leaf_weight=10.116006474941967 86.324814699590206 12.419043049216269 8.4151050671935099 11.9168498609215 36.704017098993063 9.3873544083908183 210.12980141490698 37.106186985969543 29.570492889732122 3.0134201860055319 1712.769177059643 20.59986827429384 51.026054880581796 18.650017458945513
leaf_count=136 1291 122 100 141 446 100 2670 777 463 46 23902 268 902 309
internal_value=-9.97823e-05 -0.000247884 0.0137908 -0.00357593 -0.000486022 -0.0126161 -0.00019986 -0.00683725 0.00161168 -0.028718 0.000330182 0.00676849 -0.0094683 0.0118383
internal_weight=2258.15 2248.03 32.751 20.332 2215.28 46.0914 2169.19 156.015 115.895 40.1196 2013.17 300.406 90.2759 39.2499
internal_count=31673 31537 363 241 31174 546 30628 2577 1754 823 28051 4149 1479 577
is_linear=0
shrinkage=0.05


Tree=173
num_leaves=15
num_cat=0
split_feature=32 33 41 41 33 41 41 36 33 32 36 32 32 36
split_gain=3.89256 8.31984 5.06735 4.4023 6.63561 9.2414 8.25397 10.0371 7.25248 11.1175 12.6717 8.93747 21.7794 9.12171
threshold=0.0080322580645161307 0.0091326105087572995 -0.067021430731697293 -0.052843884075925378 0.0739497887148894 -0.02520679144032539 -0.025431240433135379 0.0093852890536684237 0.15768752590136761 0.059072781655034899 -0.015533655072681006 0.059072781655034899 0.086785347483738465 -0.0080443046489974673
decision_type=2 2 2 2 2 2 2 2 2 2 2 2 2 2
left_child=-1 -2 -3 -4 -5 6 7 -6 9 10 -7 -10 13 -13
right_child=1 2 3 4 5 8 -8 -9 11 -11 -12 12 -14 -15
leaf_value=-0.01606070721581741 0.025393563098402246 -0.028814546651473434 0.015918644784360916 -0.0065673552472158159 0.016203306246595186 0.041360509121583594 0.056418336118290772 -0.025961147784294359 -0.031471262899144557 -0.014132542992422928 -0.0086197137957480848 0.05742694866752044 0.0010027839265358586 0.0038631926299620284
leaf_weight=30.825972806662321 28.205578796565533 9.9706998467445356 39.622881816700101 317.15949134062976 87.042202336713672 17.03319488838315 6.2161978632211676 12.051869137212632 15.262230349704621 166.11613078974187 26.670127920806408 19.662601377815008 1468.4440983310342 12.858400339260696
leaf_count=488 401 131 479 5168 1057 206 61 208 194 2474 418 208 19976 170
internal_value=0.000290747 0.000552635 0.000176974 0.000374471 5.15122e-05 0.00121255 0.0152434 0.0100746 0.000314935 -0.00828598 0.0131062 0.00152847 0.0019674 0.0395855
internal_weight=2257.14 2226.32 2198.11 2188.14 2148.52 1831.36 105.31 99.0941 1726.05 209.819 43.7033 1516.23 1500.97 32.521
internal_count=31639 31151 30750 30619 30140 24972 1326 1265 23646 3098 624 20548 20354 378
is_linear=0
shrinkage=0.05


Tree=174
num_leaves=15
num_cat=0
split_feature=39 27 37 39 2 18 13 38 37 32 34 39 37 39
split_gain=3.5531 6.20989 5.60714 4.9721 5.32346 5.24445 4.78043 5.74986 19.4766 9.01282 7.71461 7.12206 7.25373 16.9432
threshold=0.001356391560087678 17.500000000000004 -0.0045238459832314662 0.0016558931583486218 -0.027625251558342719 0.11171929032256028 0.017100214293389017 -2.5731736252747983 -0.01800763498220875 0.018099918099918105 -0.028111658474562758 0.0049336053215082703 -0.0089402764646467885 0.0037159571762567403
decision_type=2 2 2 2 2 2 2 2 2 2 2 2 2 2
left_child=1 2 -1 4 -2 -6 7 8 9 -5 -11 12 13 -10
right_child=3 -3 -4 6 5 -7 -8 -9 11 10 -12 -13 -14 -15
leaf_value=0.03149884329802323 -0.015283143749455472 -0.032092919844365402 -0.0072757040809511234 0.019311387100135694 0.029193825384875451 0.0023738369579474898 0.0049321552961647998 -0.0020123746899500653 -0.0072312285209093444 -0.027872431441207192 0.011204546797739398 -0.016589281877553697 0.04539712939292595 0.044124440418374718
leaf_weight=6.0113863237202159 10.923717632889746 17.803391210734844 56.113646389916539 15.390799783170221 36.992812657728791 33.904305141419172 416.58980465400964 1510.8043792652898 36.418791028670967 48.275730919092894 13.52286177780479 7.4552505295723668 28.461808687075973 22.184241384267807
leaf_count=71 137 223 643 200 445 469 5127 22173 470 918 195 103 353 246
internal_value=0.000266165 -0.00976853 -0.00145697 0.000655428 0.0123809 0.0173693 0.000170048 -0.00102017 0.00751979 -0.0107509 -0.0191229 0.022231 0.0262755 0.01415
internal_weight=2260.85 79.9284 62.125 2180.92 81.8208 70.8971 2099.1 1682.51 171.709 77.1894 61.7986 94.5201 87.0648 58.603
internal_count=31773 937 714 30836 1051 914 29785 24658 2485 1313 1113 1172 1069 716
is_linear=0
shrinkage=0.05


Tree=175
num_leaves=15
num_cat=0
split_feature=37 41 43 38 37 41 2 36 4 41 36 18 1 33
split_gain=3.51313 6.17596 3.55538 4.33541 7.67614 13.2474 11.8433 10.2556 7.31611 6.87188 6.65202 6.29553 5.26929 6.1791
threshold=-0.068628324984787034 0.002581769258964695 0.57805332568807344 -2.2071098490091989 -0.015944761768246048 -0.0011267276804189927 -0.022509735085780743 -0.019791020723335658 -0.062210189850284196 0.012245824651604733 -0.015336465959161215 0.17252454826044358 -0.037546492240605349 0.050933932895191984
decision_type=2 2 2 2 2 2 2 2 2 2 2 2 2 2
left_child=1 -1 3 4 7 6 11 8 -2 -9 -5 -6 13 -12
right_child=2 -3 -4 10 5 -7 -8 9 -10 -11 12 -13 -14 -15
leaf_value=-0.011831845642536433 0.026297691272642216 0.048292939232296182 0.0016431165315209833 -0.024264135999957887 0.015889722969846001 -0.021821173435817812 0.048808383530468527 -0.025794407617928436 -0.0097756917247912752 0.022399655915350172 -0.013786073070420197 -0.018973651858478369 -0.0038545520787010359 0.02374908127993516
leaf_weight=4.7970380131155235 26.168566399253905 4.7319347374141216 1150.2760213175789 33.298145839944482 56.33225523866713 18.21714149788022 22.334562756121159 48.499258366413414 21.910200327634811 4.6696653775870791 11.821057925000785 11.910511009395121 811.57147129718214 31.565673409029841
leaf_count=98 362 34 15622 576 745 262 282 875 399 54 186 149 11652 414
internal_value=-0.000138537 0.0243697 -0.000296236 -0.00232561 0.00406637 0.0130167 0.0207984 -0.00571108 0.0104862 -0.0200001 -0.0038514 0.00892509 -0.00291992 0.0131545
internal_weight=2258.1 9.52897 2248.57 1098.3 210.042 108.794 90.5773 101.248 48.0788 53.1689 888.256 68.2428 854.958 43.3867
internal_count=31710 132 31578 15956 3128 1438 1176 1690 761 929 12828 894 12252 600
is_linear=0
shrinkage=0.05


Tree=176
num_leaves=15
num_cat=0
split_feature=0 32 33 35 39 14 39 1 35 35 40 37 30 14
split_gain=3.87422 6.00268 10.0038 15.7046 13.5141 11.6492 12.4673 6.6443 6.00364 5.85152 6.20968 11.8516 8.54943 7.39686
threshold=-0.0054249547920433563 0.36917914300464644 0.27589051368578937 -0.024739021134939167 0.0050538153238726532 0.93468512725428265 0.0019626479736593963 -0.020950091575091475 -1.0000000180025095e-35 -0.015723841568523435 1.0000000180025095e-35 0.0024442116493876846 10.950000000000001 0.82034729908294668
decision_type=2 2 2 2 2 2 2 2 2 2 2 2 2 2
left_child=1 2 -1 4 -4 6 -5 -7 -3 -2 12 -12 13 -11
right_child=9 8 3 5 -6 7 -8 -9 -10 10 11 -13 -14 -15
leaf_value=-0.0040048074242783329 0.012415345490277107 -0.022701046240959755 0.074765909320759535 0.027472567434788778 -0.00048292384172130036 0.001977637088734979 -0.024173598956570608 0.042332541822402633 0.0026203045661958063 0.0033018836774994804 0.01465986732122589 -0.00023551080243442744 0.0090589746854220742 -0.016137620998934312
leaf_weight=634.08806352317333 101.24511187896132 65.462358405813575 10.95789408311248 10.894327120855449 9.4278987944126111 21.11462374497205 43.105834174901247 15.713406605646012 33.629237916320562 66.646543303504586 153.33156618848443 851.91517016850412 68.091421140357852 164.81413067504764
leaf_count=9700 1348 983 141 138 124 291 612 212 455 823 1852 12228 739 1993
internal_value=-0.000475601 -0.00314268 -0.00156073 0.0119469 0.0467245 0.00211069 -0.012309 0.0221979 -0.0143945 0.00113156 0.000211951 0.00209781 -0.00604722 -0.0105888
internal_weight=2250.44 844.394 745.302 111.214 20.3858 90.8282 54.0002 36.828 99.0916 1406.04 1304.8 1005.25 299.552 231.461
internal_count=31639 12656 11218 1518 265 1253 750 503 1438 18983 17635 14080 3555 2816
is_linear=0
shrinkage=0.05


Tree=177
num_leaves=15
num_cat=0
split_feature=41 9 30 9 39 16 18 41 20 41 34 39 38 32
split_gain=3.03472 6.11503 3.12881 2.80614 4.24535 3.77205 2.96458 4.97113 9.7348 8.3334 5.65889 8.06014 8.18823 7.46629
threshold=0.072703264347917865 1.0197660784140599 4.5500000000000016 -0.48204204528229455 0.0027591676164005663 0.42481810520343638 0.085313800535077214 -0.0023820480945616058 12.240966869461998 -0.010918945874035356 0.034039769754055545 0.0013096857133711945 1.9906270806838011 0.8897971440010678
decision_type=2 2 2 2 2 8 2 2 2 2 2 2 2 2
left_child=2 -2 -1 4 5 -4 7 9 10 -5 11 -9 13 -13
right_child=1 -3 3 6 -6 -7 -8 8 -10 -11 -12 12 -14 -15
leaf_value=-0.0097315477316751789 -0.013575645548515231 0.042260067246545373 0.019997312389401955 0.0071031682912739303 -0.022328152926214116 -0.010277514906988632 -0.00024900996884213902 -0.020314256956141197 -0.016770227714176179 -0.012182457407273447 -0.0020282615770697596 0.021109822388560202 0.04385995149313663 -0.012315181529671889
leaf_weight=74.589388949796557 5.1745062712579948 6.792531119659543 12.739171693101524 135.70460550859571 28.436398254707456 19.695177076384425 1694.0423380704597 7.8802042957395306 24.296169782988727 88.073394265025854 37.5790163744241 68.521585980430245 30.564739413559437 18.005434222519398
leaf_count=1029 84 114 185 1941 391 263 24140 79 350 1165 534 859 374 222
internal_value=0.000164737 0.021231 5.16664e-06 0.000362181 -0.00980165 0.00269621 0.000678671 0.00446279 0.010369 -0.000587531 0.0148048 0.0197499 0.0231677 0.0138616
internal_weight=2252.09 11.967 2240.13 2165.54 60.8707 32.4343 2104.67 410.625 186.847 223.778 162.551 124.972 117.092 86.527
internal_count=31730 198 31532 30503 839 448 29664 5524 2418 3106 2068 1534 1455 1081
is_linear=0
shrinkage=0.05


Tree=178
num_leaves=15
num_cat=0
split_feature=28 39 39 39 2 41 37 37 14 32 12 18 27 37
split_gain=3.53697 10.8454 16.9996 15.3014 10.3989 9.12753 8.57639 8.74758 7.93798 7.51472 9.92362 8.34183 6.54031 6.50464
threshold=5.5000000000000009 0.0027162130978013988 0.0043440255927678284 0.0026063346928803096 0.025629554147240222 -0.067021430731697293 -0.024506591610810421 0.02303590102115061 0.61821716097315371 0.020168124194969838 61.955574196683116 0.16241897873927214 14.500000000000002 -0.0037531978987943577
decision_type=2 2 2 2 2 2 2 2 2 2 2 2 2 2
left_child=5 3 6 4 8 -1 -3 -8 13 -4 -11 -12 -6 -2
right_child=1 2 9 -5 12 -7 7 -9 -10 10 11 -13 -14 -15
leaf_value=-0.032388883628237726 0.039055053698150183 0.0089768830476554817 0.032105616761138205 0.045868262766297484 -0.003495454475336203 0.001331631590575565 -0.037603997496598131 0.013859146514141236 -0.0013886525200091336 -0.027087577929249474 0.036534181425466779 -0.01921110647587598 -0.030585710992619961 0.0048294846636916036
leaf_weight=15.297663507983087 21.834189344197512 12.12112222984433 14.998180620372294 13.377529049292205 56.280897072516382 1800.9436071878299 74.678838909603655 6.6713165417313567 125.3258119020611 19.609180314466357 13.286467827856542 6.6955635119229546 33.588044095784426 32.177511407062411
leaf_count=234 303 176 188 160 713 25179 1305 97 1713 364 182 99 505 417
internal_value=-8.63022e-06 -0.00405575 -0.0147781 0.00172151 -0.00126863 0.000959474 -0.0272241 -0.0328255 0.00567753 0.00702889 -0.00500562 0.0177486 -0.0146987 0.020802
internal_weight=2246.89 430.645 148.061 282.584 269.206 1816.24 93.4713 81.3502 179.338 54.5894 39.5912 19.982 89.8689 54.0117
internal_count=31635 6222 2411 3811 3651 25413 1578 1402 2433 833 645 281 1218 720
is_linear=0
shrinkage=0.05


Tree=179
num_leaves=15
num_cat=0
split_feature=41 4 41 39 37 37 37 41 23 35 12 35 33 41
split_gain=3.20972 5.8481 3.91244 9.68267 6.09791 7.21499 3.89515 3.84915 5.87654 3.67004 4.06675 10.2799 7.54584 9.74557
threshold=0.072703264347917865 0.05613788089932837 0.041643517083795663 0.0020821680119241215 0.025665553634877439 0.044116645361680702 0.0044433404082907533 0.038275234990393821 0.010458845689527154 0.038916304646571871 63.731544787744276 0.028811041558100773 0.54018177469504913 0.01441926552713252
decision_type=2 2 2 2 2 2 2 2 2 2 2 2 2 2
left_child=2 -2 7 -4 6 -6 -5 9 -9 10 12 -12 13 -1
right_child=1 -3 3 4 5 -7 -8 8 -10 -11 11 -13 -14 -15
leaf_value=0.0001421305695738842 -0.015407129550339085 0.039838692225944591 0.027552844138281726 0.00065691028370366497 0.026272000568202711 -0.025287938764586237 -0.034285557859606824 0.045358987800848932 -0.003463070342971164 -0.015560409300485184 0.0017527557975838685 0.025000980783250689 -0.0078882833678069735 0.034102806374847708
leaf_weight=994.80875285714865 4.242774732410906 7.9112456794828176 9.2103268913924676 9.7184862587600929 11.059294350445272 6.879422314465045 35.19000886939466 6.8406224809587028 11.501336688175796 31.562454086262733 734.88548445980996 45.928086365573108 320.19412421062589 16.584241766482592
leaf_count=14548 61 140 137 137 174 112 584 91 152 636 9558 703 4407 200
internal_value=0.000138037 0.0216837 -2.73154e-05 -0.0110986 -0.0183761 0.00529688 -0.0274155 0.000366382 0.020561 0.000146176 0.000417046 0.00327061 -0.0012622 0.000864023
internal_weight=2246.52 12.154 2234.36 72.0575 62.8472 17.9387 44.9085 2162.31 18.342 2143.96 2112.4 780.814 1331.59 1011.39
internal_count=31640 201 31439 1144 1007 286 721 30295 243 30052 29416 10261 19155 14748
is_linear=0
shrinkage=0.05


Tree=180
num_leaves=15
num_cat=0
split_feature=39 38 38 36 36 27 36 5 23 39 5 39 39 27
split_gain=3.31508 16.8413 12.5117 10.9763 9.63917 9.82305 10.5482 9.36708 9.19852 8.77782 7.62545 6.87912 6.83435 6.19584
threshold=0.0050538153238726532 2.7240510493499221 2.4221463455276075 0.030757561690817895 0.010825474423791561 13.500000000000002 0.016858205500561833 0.053303668711565562 -0.032872520580085378 0.002220096648943203 0.017402834295366158 0.0042582416708699684 0.0067029209049772409 19.500000000000004
decision_type=2 2 2 2 2 2 2 2 2 2 2 2 2 2
left_child=2 8 4 -3 -1 11 7 -7 12 10 -4 -6 -2 -11
right_child=1 3 9 -5 5 6 -8 -9 -10 13 -12 -13 -14 -15
leaf_value=0.0011803159071468658 -0.0038765895885239047 0.03199757901123345 -0.013233826660010462 -0.017641781172549161 -0.016052982549998242 0.055036958285253471 -0.011259678271083751 0.0032372262950607911 -0.010356339967145359 -0.021692832146378068 0.027579000525362191 0.026073660325986455 0.032533223577290729 0.0070415505678447709
leaf_weight=1545.0498172305524 26.786282427608967 42.404062762856483 17.381043385714293 11.015030608512459 24.930849089287221 28.419670790433884 9.8095004837959987 12.698496028780935 353.00938776414841 117.8473057365045 19.348867794498801 9.3703234344720823 18.281792701222003 19.674715152941644
leaf_count=21123 437 523 232 248 358 372 155 169 5378 1862 235 131 225 324
internal_value=-0.000221752 -0.00402889 0.000739302 0.0211281 0.00211194 0.0179994 0.0309303 0.041125 -0.00762498 -0.0118037 0.00899428 -0.00269184 0.0126669 -0.0174791
internal_weight=2256.03 451.497 1804.53 53.4191 1630.28 85.2288 50.9277 41.1182 398.077 174.252 36.7299 34.3012 45.0681 137.522
internal_count=31772 6811 24961 771 22308 1185 696 541 6040 2653 467 489 662 2186
is_linear=0
shrinkage=0.05


Tree=181
num_leaves=15
num_cat=0
split_feature=20 44 7 33 4 21 37 37 39 41 5 41 21 39
split_gain=3.70669 4.34544 5.63046 4.04879 4.99564 3.90418 3.43038 15.3116 6.81296 5.96606 11.2443 7.8849 9.47366 8.2469
threshold=21.201874052423488 0.98367319738771164 1.0431629932324562 0.88932633420822405 -0.082122609907145247 0.014583333333333335 -0.026125988270423391 -0.024506591610810421 0.0038167423847617079 -0.037213766437482053 -0.025336323309437022 -0.025814060101948724 0.63958333333333339 0.0041294735289663107
decision_type=2 2 10 2 2 8 2 2 2 2 2 2 10 2
left_child=5 2 -2 4 -4 -1 9 8 -8 10 -7 -11 -13 -14
right_child=1 -3 3 -5 -6 6 7 -9 -10 11 -12 12 13 -15
leaf_value=0.025603656960429644 0.021885555447834201 0.034846126555072375 0.0072898330723206858 0.028593295083130882 -0.017947655861526562 -0.0059637592849658156 -0.0085893431316313284 -0.0003302149756062052 0.046852559771685634 -0.036292554250504955 0.042940847620989521 -0.020515706572327999 0.03197962552633659 -0.0056721156035795771
leaf_weight=9.5360945649445039 29.091886222362518 9.3392740115523321 33.137595448642969 4.4029325861483803 36.603264069184661 42.421380694024265 5.3596891034394529 1920.7700391807593 19.797696268185973 22.909894057549536 10.783976532518862 51.303501978516579 17.734489012509584 37.080808997154236
leaf_count=129 390 95 446 62 500 723 81 26627 303 468 126 871 260 688
internal_value=0.000252914 0.00889632 0.00504747 -0.00252456 -0.00627052 -0.000221961 -0.000397425 0.000223962 0.0355751 -0.0068615 0.00678576 -0.0125322 -0.00600036 0.00816435
internal_weight=2250.27 112.575 103.236 74.1438 69.7409 2137.7 2128.16 1945.93 25.1574 182.234 53.2054 129.029 106.119 54.8153
internal_count=31769 1493 1398 1008 946 30276 30147 27011 384 3136 849 2287 1819 948
is_linear=0
shrinkage=0.05


Tree=182
num_leaves=15
num_cat=0
split_feature=25 33 32 41 12 27 33 33 39 35 33 34 38 32
split_gain=4.37832 3.62188 9.17526 8.59986 5.58692 4.83471 4.76876 7.47095 9.53605 7.61522 7.58322 10.103 15.9317 12.1627
threshold=2.2500000000000004 0.010256679991584264 0.0080322580645161307 -0.024396266488850401 24.90434135928712 6.5000000000000009 0.029268989149057685 0.040899966543994651 0.0045012159284065602 -0.019083700221815044 0.048865768377963505 -0.052171446571524997 -1.4957047045106977 0.064368156259248313
decision_type=2 2 2 2 2 2 2 2 2 2 2 2 2 2
left_child=-1 2 5 4 -4 -2 -3 8 9 -8 -9 12 13 -12
right_child=1 6 3 -5 -6 -7 7 10 -10 -11 11 -13 -14 -15
leaf_value=0.0034243783167587924 0.017992043240736978 -0.01517752917913244 -0.00040087291734530414 -0.021287450807682472 0.047929772374449231 -0.028891386748559639 0.048368930794738751 -0.024954707599615596 -0.013327205301564157 0.00023481401626563388 0.048430478103335138 -0.002252693353316603 -0.028442066104148747 -0.015868208618823369
leaf_weight=598.30771316774189 4.0525720007717636 60.701629346236587 7.8441326096654 4.7006274554878464 19.090267768129706 12.493066562339662 18.487773981876671 30.291897584684193 14.234762157313524 12.713952928781511 27.998234287835658 1405.4054779503495 8.80635759513825 6.8206000505015245
leaf_count=7753 45 1078 127 131 243 245 246 515 321 219 316 19983 148 127
internal_value=-0.000217671 -0.00155792 0.0112911 0.0257401 0.0359954 -0.0158976 -0.00198266 -0.00140947 0.0175249 0.0314968 -0.0020481 -0.00148507 0.0209329 0.0354242
internal_weight=2231.95 1633.64 48.1807 31.635 26.9344 16.5456 1585.46 1524.76 45.4365 31.2017 1479.32 1449.03 43.6252 34.8188
internal_count=31497 23744 791 501 370 290 22953 21875 786 465 21089 20574 591 443
is_linear=0
shrinkage=0.05


Tree=183
num_leaves=15
num_cat=0
split_feature=20 38 8 31 16 17 28 39 39 2 39 34 33 41
split_gain=3.24285 4.29555 4.29563 5.60095 6.02877 3.57463 4.26244 9.40495 15.2692 11.1702 8.36423 8.97145 7.48877 8.62634
threshold=23.148031282853225 -2.3860783407474124 -0.1916893332944882 0.13003569399253742 0.64203735678387341 3.349608971363176 5.5000000000000009 0.0027162130978013988 0.0043440255927678284 0.025629554147240222 0.0022726561462590345 -0.013960895954427786 0.78138130252100846 0.0058908403051581857
decision_type=2 2 2 2 10 2 2 2 2 2 2 2 2 2
left_child=5 -2 -3 4 -4 6 -1 9 12 10 11 -8 -9 -14
right_child=1 2 3 -5 -6 -7 7 8 -10 -11 -12 -13 13 -15
leaf_value=0.00062963372175934358 0.029638992936220507 -0.012336338844689694 0.043471575869128573 -0.0089211192525639645 -0.0053004286821367111 -0.012977020641124076 -0.015250235068163934 -0.035258843086705384 0.0068009112494238442 -0.013694020289338547 0.02535935170948618 0.01129567837306962 0.036126825308927184 -0.019826929410313304
leaf_weight=1728.4658403820358 14.898625114932655 24.077971708029509 12.912876907736065 15.156238807365296 8.2816447857767326 53.415146172046661 47.101788827218115 65.99067054502666 47.407785802148283 85.327845966443419 44.529213041067123 76.839834721758962 5.4711844567209509 15.138608368113635
leaf_count=24385 177 334 175 210 95 597 663 1184 756 1164 622 982 97 231
internal_value=-0.000411435 0.00945563 0.00259474 0.0127806 0.0270401 -0.000774953 -0.000437109 -0.0051391 -0.0155935 0.000575541 0.00798924 0.00100721 -0.0275549 -0.000819847
internal_weight=2245.02 75.3274 60.4287 36.3508 21.1945 2169.69 2116.27 387.807 134.008 253.799 168.471 123.942 86.6005 20.6098
internal_count=31672 991 814 480 270 30681 30084 5699 2268 3431 2267 1645 1512 328
is_linear=0
shrinkage=0.05


Tree=184
num_leaves=15
num_cat=0
split_feature=23 21 30 30 19 38 42 35 35 28 37 37 1 43
split_gain=3.45978 4.28801 4.19361 4.51587 6.19352 4.12054 4.52738 3.80516 5.75746 6.06541 4.60572 7.0387 8.16135 4.40702
threshold=0.014664009330290996 0.85145473066984712 7.9500000000000011 12.15 0.01663271873496144 1.6122572433152016 0.91289757805660943 0.025132824131779422 0.01561355396609654 1.0000000180025095e-35 0.013554421106373173 0.0095653655822783863 -0.022308065358501879 0.85056998472205914
decision_type=2 10 2 2 2 2 2 2 2 2 2 2 2 2
left_child=2 7 -1 -4 -5 6 -3 8 9 -2 11 12 -11 -14
right_child=1 5 3 4 -6 -7 -8 -9 -10 10 -12 -13 13 -15
leaf_value=-0.00029050471050657292 0.013985937312008815 -0.014600563960846275 0.0074411401700608618 -0.0032119234169505901 0.02806032103421819 0.021982992674360595 0.010956769118519727 0.010467299671626792 -0.021206866133128745 -0.024428793037216474 -0.017014153847966364 0.022939663369478905 0.010287852694574936 -0.0092552155084052387
leaf_weight=1107.4056053813547 35.451778216287494 27.079725875519216 468.79363879654557 220.92330636177212 12.032330509275196 24.247268131002784 32.708015574142337 28.984809286892414 55.700784028507769 38.356369064189494 72.816046912223101 19.196172662079334 57.151098309084773 48.902955569326878
leaf_count=15842 529 472 6210 2792 121 430 472 498 889 783 1069 254 801 600
internal_value=0.000660416 -0.00328913 0.00162869 0.00463792 -0.00104102 0.00660098 -0.000852385 -0.0056791 -0.00724367 -0.00405163 -0.00699002 -0.00215634 -0.00614834 0.00126531
internal_weight=2249.75 440.595 1809.15 701.749 232.956 84.035 59.7877 356.56 327.575 271.874 236.423 163.607 144.41 106.054
internal_count=31762 6797 24965 9123 2913 1374 944 5423 4925 4036 3507 2438 2184 1401
is_linear=0
shrinkage=0.05


Tree=185
num_leaves=15
num_cat=0
split_feature=38 38 32 34 36 41 36 36 44 33 32 37 33 37
split_gain=3.68838 13.2034 16.4581 12.8014 10.1569 9.96661 9.77221 5.03906 4.25058 4.76351 7.80763 8.43022 5.98364 7.62237
threshold=-2.7692931296177146 -2.8301304463335089 0.10726270373921382 -0.032639182372421659 -0.012875610501447974 -0.039676660588014327 -0.0082062843311077587 -0.012405405541877189 0.28629976580796257 0.010152545866831583 0.0080322580645161307 -0.040186900312786815 0.023811023622047248 -0.057239565701855392
decision_type=2 2 2 2 2 2 2 2 2 2 2 2 2 2
left_child=1 2 3 4 5 -1 -4 -5 -2 10 11 -10 13 -11
right_child=8 -3 6 7 -6 -7 -8 -9 9 12 -12 -13 -14 -15
leaf_value=0.011947161338558512 -0.012204151836155216 0.041686817364613993 -0.041274793069783454 0.038172562442775372 0.026882049333446907 -0.028321358986569591 0.019127149705858961 -0.0068055701634068336 0.03220727449416342 0.026822342340874918 0.030294500384725549 -0.031279912102673745 2.71504619459582e-05 -0.024023993502745939
leaf_weight=21.764314157888293 69.739157686010003 18.845449773594737 24.094239586032931 33.504944238811731 16.91864547599107 33.78962416946888 5.4704885464161626 5.7983146235346785 3.2038623858243218 4.4483743570744982 26.023216851055622 10.505505365319548 1927.2633246486075 42.776202850975096
leaf_count=314 1113 239 432 371 255 650 74 56 49 45 380 207 26794 760
internal_value=7.34632e-05 0.00726573 0.00140874 0.0103339 -0.00244731 -0.0128615 -0.0289482 0.0315179 -0.000495447 -6.08352e-05 0.0160743 -0.0118009 -0.000425305 -0.017125
internal_weight=2244.15 160.186 141.341 111.776 72.4726 55.5539 29.5647 39.3033 2083.96 2014.22 39.7326 13.7094 1974.49 47.2246
internal_count=31739 2391 2152 1646 1219 964 506 427 29348 28235 636 256 27599 805
is_linear=0
shrinkage=0.05


Tree=186
num_leaves=15
num_cat=0
split_feature=30 18 41 36 37 37 32 41 35 5 37 36 5 23
split_gain=4.01731 4.64595 6.0567 7.95492 6.51269 8.62986 6.16529 7.99368 7.63187 6.25284 5.54505 8.20186 7.23649 7.15869
threshold=3.4500000000000006 0.085313800535077214 -0.0023820480945616058 -0.008391882709984087 -0.0069667375976472093 -0.016393458791980283 0.92134420697412833 0.01683975561569612 0.020161174843815303 -0.070101107600393051 0.022326683784692384 0.01297477702949479 0.23705605124038223 -0.0071388266289905125
decision_type=2 2 2 2 2 2 2 2 2 2 2 2 2 2
left_child=-1 2 4 -4 5 -2 7 -5 -8 -10 11 13 -12 -3
right_child=1 10 3 6 -6 -7 8 -9 9 -11 12 -13 -14 -15
leaf_value=-0.020720990596075468 -0.0069507046634540454 0.0024162122240692623 -0.016790314253997386 0.012445937704285155 -0.0066154203530044966 0.022691334805516786 -0.013718667038757699 0.042158832788521783 -0.020984031833308259 0.029311792273625178 0.0073847719357806683 -0.018054387659339474 -0.023733920720860779 -0.0046730764866942205
leaf_weight=17.75442420411855 40.530173506587744 705.87722938414663 18.684574915096164 95.220149535685778 153.65084046404809 50.841615146026015 33.973309272900224 28.225215973332524 4.0942720463499453 22.302757669240236 281.77900412166491 70.560301049612463 15.155360447242854 709.03245238400996
leaf_count=238 637 9871 262 1164 2149 646 428 355 78 330 4093 1199 223 10234
internal_value=0.000182428 0.000394843 0.00491977 0.0112057 -0.000395516 0.00986444 0.0144208 0.0206163 0.00114419 0.0194113 -0.000751851 -0.00200158 0.00542976 -0.00114028
internal_weight=2247.68 2229.93 447.523 202.5 245.023 91.3718 183.816 123.445 60.3703 26.397 1782.4 1485.47 296.934 1414.91
internal_count=31907 31669 6049 2617 3432 1283 2355 1519 836 408 25620 21304 4316 20105
is_linear=0
shrinkage=0.05


Tree=187
num_leaves=15
num_cat=0
split_feature=0 28 41 33 37 34 39 38 39 39 34 35 41 39
split_gain=3.43216 5.85908 12.1206 13.1848 7.30648 8.40918 8.29624 6.43972 5.54325 9.43394 10.4321 9.15763 9.12283 8.42053
threshold=-0.011071370423779979 1.0000000180025095e-35 -0.0014339709978078428 0.023811023622047248 0.0035011832809404013 0.014162711053114509 0.0049004454408696921 -2.6025961158895181 0.0043325440964272375 0.0037861545186720215 0.062237725140349427 -0.022260876125977238 -0.038417598865471962 0.0032701610562627824
decision_type=2 2 2 2 2 2 2 2 2 2 2 2 2 2
left_child=1 2 3 -1 6 -6 7 -5 9 10 13 12 -11 -2
right_child=8 -3 -4 4 5 -7 -8 -9 -10 11 -12 -13 -14 -15
leaf_value=-0.025802441909725859 0.00036167914223903512 -0.0050695502841600609 -0.032366579504657614 0.011048327570397275 -0.027438412432068422 0.03217185601490604 -0.012694688919446022 0.050296827841720328 0.0057042570959461259 -0.022732230907393462 -0.026086625910839795 -0.01350429090483557 0.036315977445322938 0.012472975096229279
leaf_weight=12.42832191288471 697.68087091017514 476.76660474948585 11.128748994320629 19.64855846948921 10.755241356790064 4.5820771753787986 7.1851220149546853 30.934401398524649 561.06094351969659 5.7116886377334621 27.299188192002475 184.90064881369472 14.8745852522552 175.78678499907255
leaf_count=270 9118 7342 180 280 177 47 157 415 8095 92 453 2581 185 2284
internal_value=0.000532652 -0.0027887 0.00815713 0.014926 0.0230586 -0.00609842 0.0306689 0.0374164 0.00167987 -0.000377674 0.0018399 -0.00991135 0.0186922 0.00285622
internal_weight=2240.74 573.429 96.6625 85.5337 73.1054 15.3373 57.7681 50.583 1667.31 1106.25 900.767 205.487 20.5863 873.468
internal_count=31676 8868 1526 1346 1076 224 852 695 22808 14713 11855 2858 277 11402
is_linear=0
shrinkage=0.05


Tree=188
num_leaves=15
num_cat=0
split_feature=33 33 40 32 40 42 37 37 36 0 34 32 36 36
split_gain=3.68136 12.5047 7.72848 7.04179 8.14426 9.51206 16.3849 11.572 7.17751 9.73925 9.85369 9.29146 15.6903 22.5129
threshold=0.093988412780359104 0.089197312588401703 1.0000000180025095e-35 0.20837467172454044 1.0000000180025095e-35 0.64680527383367148 0.0024442116493876846 0.02303590102115061 -0.0037626273605646516 -0.010281932853796581 -0.012513113405746011 0.10726270373921382 -0.0086566403134443731 -0.0057476804157834951
decision_type=2 2 2 2 2 2 2 2 2 2 2 2 2 2
left_child=1 2 -1 8 -5 7 -7 -6 11 10 -10 -2 -13 -14
right_child=3 -3 -4 4 5 6 -8 -9 9 -11 -12 12 13 -15
leaf_value=0.00033152042840756341 0.011645911693056801 -0.033350008573935427 -0.024827636420591159 -0.0081466674408598536 -0.012130198280897618 0.020677275551939669 0.0013797251428205354 0.0066055167451128287 0.045986412075853363 0.0050227448027941298 0.00069769555929729936 -0.023025756160713211 0.043778156211461666 -0.016790209069477938
leaf_weight=459.47194113768637 122.44799698423594 27.579688267782331 27.687081752344966 258.04332113824785 216.87408741656691 128.38557488657534 632.22269954625517 127.0878437096253 35.045420782640576 80.780350126326084 17.378507075831294 66.30704949516803 23.898085553199053 28.565767714753747
leaf_count=7239 1545 483 446 3198 3447 1488 8727 1934 404 945 231 1063 316 381
internal_value=0.000338201 -0.00335571 -0.00133607 0.00143931 -0.000237313 0.00163881 0.00475079 -0.00521223 0.00746367 0.0165553 0.0323412 0.00220892 -0.00759767 0.0122082
internal_weight=2251.78 514.739 487.159 1737.04 1362.61 1104.57 760.608 343.962 374.423 133.204 52.4239 241.219 118.771 52.4639
internal_count=31847 8168 7685 23679 18794 15596 10215 5381 4885 1580 635 3305 1760 697
is_linear=0
shrinkage=0.05


Tree=189
num_leaves=15
num_cat=0
split_feature=37 16 36 35 39 28 39 35 4 39 35 5 12 39
split_gain=4.21783 3.69151 7.15673 6.89733 6.43713 10.5691 15.7942 10.8007 8.92498 10.9322 8.07738 9.5659 8.46185 7.60702
threshold=-0.068628324984787034 0.69296970843810879 -0.012875610501447974 -0.04935260507573843 0.0030475271591457148 2.5000000000000004 0.0039354115544055776 -0.031549262581472941 -0.0079365079365079621 0.0042975452724997414 -0.032807584037092268 -0.016766467065868203 70.978278988506517 0.0029595148600636404
decision_type=2 10 2 2 2 2 2 2 2 2 2 2 2 2
left_child=-1 4 3 -3 13 -6 10 -8 -9 -10 -7 -12 -13 -2
right_child=1 2 -4 -5 5 6 7 8 9 -11 11 12 -14 -15
leaf_value=0.027468101047705092 -0.0016122606132969609 0.012133809797122476 -0.00095115968350475359 -0.01859129033888194 -0.001667072396239401 -0.019833913959765682 0.027710519749980202 -0.011300782948304571 -0.018557337712937574 0.01408847200605603 0.037086695940218808 0.0027323106435170282 0.041451971691401975 -0.026594258080287588
leaf_weight=8.7580627948045713 463.93050470761955 18.286218797788024 725.46480430755764 105.39912163000554 439.84984975773841 7.4768304517492643 31.197734127752483 118.09964322671294 28.305800519883633 110.85026011522859 71.301955408416688 66.241848153993487 13.219167461618779 27.686898468062282
leaf_count=126 6368 274 9994 1842 6564 120 408 1741 416 1509 870 849 202 394
internal_value=-0.000131853 -0.00030166 -0.00288556 -0.0137538 0.00129508 0.00383226 0.00920585 0.00213329 -0.00143767 0.00703464 0.0216381 0.0242655 0.0112463 -0.00327279
internal_weight=2236.07 2227.31 849.15 123.685 1378.16 886.543 446.693 288.453 257.256 139.156 158.24 150.763 79.461 491.617
internal_count=31677 31551 12110 2116 19441 12679 6115 4074 3666 1925 2041 1921 1051 6762
is_linear=0
shrinkage=0.05


Tree=190
num_leaves=15
num_cat=0
split_feature=39 39 37 37 37 37 36 33 18 32 14 4 14 39
split_gain=3.03385 15.9683 11.7481 9.1307 15.2624 10.2031 11.7275 9.95349 9.31271 7.56162 7.68509 8.32065 7.51913 7.2602
threshold=0.0030475271591457148 0.0029595148600636404 -0.01946975325348543 -0.0087668589723875461 -0.011282119732447081 -0.0064100540186691748 -0.010929219439252289 0.047074838546283408 0.15416212498702378 0.087274954724619172 1.1263792337981935 -0.078452165595824727 1.4235047780242744 0.0037861545186720215
decision_type=2 2 2 2 2 2 2 2 2 2 2 2 2 2
left_child=1 2 -1 4 12 -5 -7 -8 -6 -9 11 -11 -4 -2
right_child=13 -3 3 5 8 6 7 9 -10 10 -12 -13 -14 -15
leaf_value=-0.029327160787433127 0.0072822772920515784 -0.030669754911897568 -0.007755478777582695 -0.022231963624404171 0.044627954344117114 0.04751807867639523 0.039391767720509799 -0.022734313568745192 -0.0075986154472497307 0.022670787994220055 0.011187175111159089 -0.005260897009468888 0.038708463559393641 -0.00068007360344811527
leaf_weight=29.002240048721433 388.5025581670925 41.841177932918072 62.535166060552001 50.040570130571723 36.09076808206737 7.8603446995839468 10.035428071394561 35.176678523421288 9.1166027020663005 23.696459107100964 110.55382551718503 386.25139150395989 5.0059947539120904 1048.1284081144258
leaf_count=532 5186 616 830 757 482 81 148 481 113 313 1413 5202 64 15595
internal_value=0.000114261 -0.00232999 -0.000591705 0.000730223 0.013504 -0.0016683 0.000302365 -0.000764233 0.034388 -0.00183426 -0.000218917 -0.00339262 -0.00188101 0.00149094
internal_weight=2243.84 807.207 765.365 736.363 112.749 623.615 573.574 565.714 45.2074 555.678 520.502 409.948 67.5412 1436.63
internal_count=31813 11032 10416 9884 1489 8395 7638 7557 595 7409 6928 5515 894 20781
is_linear=0
shrinkage=0.05


Tree=191
num_leaves=15
num_cat=0
split_feature=15 15 28 21 39 41 13 9 24 16 14 12 11 11
split_gain=3.15417 4.34422 5.76778 4.83901 8.36653 6.51067 5.98868 4.57246 4.4612 6.22499 5.42013 4.33859 4.25787 4.21984
threshold=0.80448792903616895 1.4586603704517762 1.0000000180025095e-35 0.20854622871046233 0.0028278030466420247 0.0014916700891678405 0.0077329243384039433 -0.24383032246939315 0.033118232396709926 0.68313181927879185 1.2935553204758874 58.576140168658846 0.53527353186711679 0.50924858266896489
decision_type=2 2 2 8 2 2 2 2 2 8 2 2 2 2
left_child=-1 2 12 4 6 -6 -3 -8 13 11 -11 -10 -2 -4
right_child=1 3 8 -5 5 -7 7 -9 9 10 -12 -13 -14 -15
leaf_value=0.013103728288936387 -0.028194040035304943 0.021414909214683295 0.0076907286020484094 -0.00045110898053440739 0.024193916128450968 0.0017498631363019495 0.00890031023521436 -0.012478503805805879 -0.033461529323870726 -0.0080901206711821144 0.026702690505722423 -0.0038478708779969128 0.0060437564707604826 -0.0073543281631185094
leaf_weight=39.46594325080514 36.328471062704921 17.82184974104166 112.90536768361926 1617.0868369648233 78.352762845344841 54.125463642179966 30.806635317392647 83.150112533941865 29.296110719442368 32.316846759989858 11.042319322004913 21.610919371247292 9.6459242105483991 72.259523485787213
leaf_count=513 524 198 1558 23400 1051 725 444 1109 396 393 124 219 147 997
internal_value=-8.13671e-05 -0.000346262 -0.00563439 0.000580907 0.0067873 0.0154213 -0.00213896 -0.00656786 -0.00275966 -0.0113183 0.00261533 -0.0223585 -0.0211224 0.00178049
internal_weight=2246.22 2206.75 325.405 1881.34 264.257 132.478 131.779 113.957 279.431 94.2662 43.3592 50.907 45.9744 185.165
internal_count=31798 31285 4358 26927 3527 1776 1751 1553 3687 1132 517 615 671 2555
is_linear=0
shrinkage=0.05


Tree=192
num_leaves=15
num_cat=0
split_feature=36 18 23 5 21 13 14 37 33 12 4 44 4 8
split_gain=3.33575 2.91216 5.24082 6.94983 8.38612 6.9904 9.98784 7.24043 6.66386 6.37206 5.71298 6.31235 5.55734 4.76926
threshold=0.030757561690817895 0.087785088027591593 0.013759446016891943 0.01164832086829959 0.43060624493106253 0.0098071507643151205 0.96356139768392779 -0.0047751718301601289 0.12748387945782344 35.129803896032257 0.023364485981308362 0.73162547061712246 0.028874114178377822 0.22477955701617944
decision_type=2 2 2 2 8 2 2 2 2 2 2 2 2 2
left_child=1 2 3 5 -5 7 9 -1 -8 -7 -6 -12 13 -10
right_child=-2 -3 -4 4 10 6 8 -9 12 -11 11 -13 -14 -15
leaf_value=0.0055662174939765698 -0.01855260486685982 -0.0012490178105054627 -0.016791082310393095 0.020412581859841107 -0.013731206965060756 0.0124413198095654 -0.0031175953323648452 -0.017437633299410279 -0.0012411992315987824 -0.014979489040241609 0.039978428137480732 -0.00094389301645711162 -0.0023150055780819571 0.042894878814812271
leaf_weight=52.709849517792463 20.217805426567793 1708.636683030054 26.424275973811746 108.26006369944662 38.319479093886912 28.532897692173719 22.49052099045366 83.212663736194372 6.9347795248031607 53.873447982594371 8.7276708520948869 29.348927866667509 11.128000991418956 33.937658190727234
leaf_count=686 533 24436 409 1309 512 444 349 1075 91 773 120 371 123 458
internal_value=-0.00046998 -0.000263284 0.0030586 0.00431973 0.0117765 -0.000501388 0.00659474 -0.00863591 0.0192773 -0.00531656 -0.00096368 0.0119877 0.0283871 0.0360873
internal_weight=2232.75 2212.54 503.9 477.476 184.656 292.82 156.897 135.923 74.491 82.4063 76.3961 38.0766 52.0004 40.8724
internal_count=31689 31156 6720 6311 2312 3999 2238 1761 1021 1217 1003 491 672 549
is_linear=0
shrinkage=0.05


Tree=193
num_leaves=15
num_cat=0
split_feature=33 41 34 38 41 27 41 32 35 34 33 27 34 39
split_gain=3.29583 7.28127 11.0457 10.9808 11.0267 14.8344 10.4016 9.41683 8.27899 17.7519 6.95006 6.87266 6.6398 8.34748
threshold=0.0739497887148894 -0.022775352741304985 -0.03182449684665669 -1.1556256339557709 -0.02675306005496236 10.500000000000002 -0.025814060101948724 0.34444137168141598 -0.033250175769976208 -0.027388659353165919 0.071685508735868458 17.500000000000004 -0.035364245612604199 0.0041169336424687454
decision_type=2 2 2 2 2 2 2 2 2 2 2 2 2 2
left_child=10 3 11 4 -2 -6 -5 -8 9 -4 12 -3 13 -1
right_child=1 2 8 6 5 -7 7 -9 -10 -11 -12 -13 -14 -15
leaf_value=0.006868900342875431 0.041060830880866712 -0.030700755414815813 0.057698471989173487 -0.011483645813534185 0.036867501965257586 -0.036683465762629305 -0.0017601380080199324 0.057221412662809827 0.00067338613286443407 -0.0067743764052942751 -0.029199247317121264 0.0099753915569770184 -0.020714333214818401 -0.0084170935627120025
leaf_weight=204.45143784023821 40.107850981876254 38.615921895951033 14.72964479960501 56.386046011932194 7.4992365799844292 10.252546560019253 13.943911469541492 7.6423535607755175 1603.8882516664453 21.258106779307127 19.778848263435066 10.949815455824135 36.770777531899512 150.71369509492069
leaf_count=2950 448 732 139 806 74 151 233 98 21937 318 313 163 615 2716
internal_value=0.000509289 0.00142195 0.000509876 0.0123452 0.0278949 -0.00433815 -0.00017917 0.0259559 0.00124258 0.0234335 -0.00350536 -0.0216241 -0.00185725 0.000355516
internal_weight=2236.99 1825.27 1689.44 135.832 57.8596 17.7518 77.9723 21.5863 1639.88 35.9878 411.715 49.5657 391.936 355.165
internal_count=31693 25099 23289 1810 673 225 1137 331 22394 457 6594 895 6281 5666
is_linear=0
shrinkage=0.05


Tree=194
num_leaves=15
num_cat=0
split_feature=18 44 13 38 18 2 11 32 27 7 18 39 32 37
split_gain=4.74501 6.45039 5.36945 5.42148 5.01666 4.88379 4.18054 4.3616 4.28198 4.03521 3.94484 3.93192 18.7079 11.7073
threshold=0.17957293715533282 0.818816263009435 0.017985999235216103 1.3678439522742425 0.19747036844587867 -0.053023806415440015 0.49898981678354765 0.22184936614466819 8.5000000000000018 1.609875215040304 0.20071824237315727 0.0052767383809636239 0.96862696850393715 -0.011874836926434594
decision_type=2 2 2 2 2 2 2 2 2 8 2 2 2 2
left_child=5 10 6 4 -4 -1 7 -3 -9 -6 -2 -7 13 -13
right_child=1 2 3 -5 9 11 -8 8 -10 -11 -12 12 -14 -15
leaf_value=0.010291515719164245 -0.0024735054533055792 -0.0097257606824280585 -0.0054914495949778194 -0.010725886898980358 -0.007037183634904483 0.0011582711857880132 -0.012877446414461752 -0.0070784613535573556 0.027155627218748441 0.031979285477970208 -0.018679856076480445 0.0054310916195291839 0.022660588477964365 -0.018749244707802187
leaf_weight=122.02950091101229 61.529393583536148 26.422604301944375 14.953060658648608 18.450974637642503 6.0073567386716595 1469.7167112240568 75.773491540923715 11.481010694056748 20.802793813869357 35.727417403832078 98.776410331949592 70.101684547029436 44.518550107255578 155.09318603621796
leaf_count=1960 897 381 165 191 70 20625 1002 149 255 378 1451 1126 727 2342
internal_value=-0.000204405 -0.00533695 0.00047589 0.0107797 0.0180814 0.000827141 -0.00546125 0.00437039 0.0156645 0.0262112 -0.0127224 0.000135574 -0.00535694 -0.0112676
internal_weight=2231.38 369.925 209.619 75.1388 56.6878 1861.46 134.48 58.7064 32.2838 41.7348 160.306 1739.43 269.713 225.195
internal_count=31719 4939 2591 804 613 26780 1787 785 404 448 2348 24820 4195 3468
is_linear=0
shrinkage=0.05


Tree=195
num_leaves=15
num_cat=0
split_feature=41 41 21 33 4 39 3 38 41 38 41 33 9 36
split_gain=2.91673 12.4956 9.88644 8.8235 8.80413 8.88202 7.6445 7.40694 13.8773 7.82879 11.4936 6.83479 5.95765 5.82282
threshold=-0.0023820480945616058 -0.0014339709978078428 0.76597222222222239 0.84654631083202525 0.046426894515306245 0.0042804379101259405 -0.060380274465858523 2.7503808208297316 0.020405604056476959 3.1441195097511021 0.011590129582085164 0.95872028627417583 0.024353361959335181 0.028359977477174007
decision_type=2 2 10 2 2 2 2 2 2 2 2 2 2 2
left_child=3 2 -2 4 -1 -6 -3 -8 9 11 -11 13 -7 -9
right_child=1 6 -4 -5 5 12 7 8 -10 10 -12 -13 -14 -15
leaf_value=-0.0016191882533552898 0.037499725965585283 0.032262295304301768 -0.01630337570527984 -0.018469334124724721 0.0019960447758677041 -0.0093636590252557939 -0.00052441389111808952 0.063271045036221357 -0.017282179641622594 -0.0096378740162508456 0.040692865959632542 -0.0039930300898971772 0.034679549019520861 0.0020919562869202765
leaf_weight=961.81755604967475 36.116891099140048 14.743005483411251 7.7100444585084906 62.983211389742792 89.753598127514124 7.0112076029181472 932.52605577372015 18.226693645119674 22.811093103140593 28.171710515394807 12.544666554778813 5.7359798923134795 40.859109568409622 5.0922798831015816
leaf_count=14109 473 204 104 1008 1185 89 12858 221 348 400 167 86 569 71
internal_value=0.000749567 0.00260994 0.0273344 -0.000988524 9.19715e-05 0.0116883 0.00144205 0.000844349 0.0139515 0.0246359 0.00862356 0.0425142 0.0279534 0.0526393
internal_weight=2246.1 1083.68 43.8269 1162.42 1099.44 137.624 1039.85 1025.11 92.5824 69.7713 40.7164 29.055 47.8703 23.319
internal_count=31892 14932 577 16960 15952 1843 14355 14151 1293 945 567 378 658 292
is_linear=0
shrinkage=0.05


Tree=196
num_leaves=15
num_cat=0
split_feature=8 8 5 36 1 36 28 20 1 30 41 39 42 41
split_gain=2.77988 6.32764 5.02394 3.64901 4.76543 3.63738 5.26835 3.55903 4.38467 4.03726 3.92833 3.41709 3.21162 3.07609
threshold=3.0852981903230243 2.6939897522511536 0.086155577898021987 -0.017896348368980127 0.018168423779040824 -0.02146407740643241 1.5000000000000002 1.1910819705168916 0.03938306081160637 7.9500000000000011 -0.01629409233529305 0.0022590704591998021 0.04029551851050011 0.011590129582085164
decision_type=2 2 2 2 2 2 2 2 2 2 2 2 2 2
left_child=1 -1 -3 5 11 6 -2 10 -9 -10 -6 -5 -13 -12
right_child=3 2 -4 4 7 -7 -8 8 9 -11 13 12 -14 -15
leaf_value=0.00030861928439540132 0.024693284384358586 0.02403835573916201 -0.0055817209676784288 0.0079358538821094962 0.019728503070585015 0.029930706356940329 -0.024729445478333709 0.013828635938399432 0.010155118089954571 -0.022831648368875315 -0.024369000629832698 0.0068017165798310124 -0.026998369453825496 -0.0024443191973923875
leaf_weight=1931.4337706742808 4.3267565444111851 44.984257432632148 17.782770561054349 8.1827779095619899 5.5021212231367818 9.3929257243871671 8.0356843331828696 48.80216577462852 12.409084369428458 16.497301819734275 29.408715122379363 6.10581375285983 45.870794118382037 32.225844016298652
leaf_count=27588 66 630 249 110 67 126 135 599 170 170 395 89 693 512
internal_value=0.000235911 0.000836331 0.0158539 -0.0049485 -0.00707412 0.0126604 -0.00530208 -0.00195084 0.00519877 -0.0092616 -0.010013 -0.0183131 -0.0227793 -0.0139492
internal_weight=2220.96 1994.2 62.767 226.76 205.005 21.7554 12.3624 144.845 77.7086 28.9064 67.1367 60.1594 51.9766 61.6346
internal_count=31599 28467 879 3132 2805 327 201 1913 939 340 974 892 782 907
is_linear=0
shrinkage=0.05


Tree=197
num_leaves=15
num_cat=0
split_feature=0 32 33 33 39 36 32 32 35 41 28 37 28 33
split_gain=3.78281 5.72431 8.42972 11.1604 11.6231 7.84211 7.75494 11.6257 12.6911 13.1396 9.70633 9.72005 9.06178 7.20148
threshold=-0.011753848600382031 0.13855013550135506 0.18797682556071821 0.19477306336025482 0.0041996887310685677 -0.0053638066813311283 0.066890380313199119 0.048865768377963505 -0.024739021134939167 -0.037213766437482053 3.5000000000000004 -0.021293744514056853 4.5000000000000009 0.048865768377963505
decision_type=2 2 2 2 2 2 2 2 2 2 2 2 2 2
left_child=1 2 6 -4 -5 -3 7 8 9 12 11 -9 -1 -10
right_child=-2 5 3 4 -6 -7 -8 10 13 -11 -12 -13 -14 -15
leaf_value=-0.012953386584072274 0.0015043105938283043 -0.024186720380219236 0.057888215170308593 -0.019568133399497676 0.026939554249189007 -0.0012922890571836071 -0.014274520405204411 -0.023204491938633436 -0.0027862002600772258 -0.032569739530775237 0.049137831911674111 0.022018393757917282 0.024284627639974452 0.028165369944534821
leaf_weight=37.773493966087699 1709.2977698729374 62.737482002936304 8.3119629360735399 21.068192457780242 22.939039051532745 84.867783147841692 101.04509214684367 13.869699795730407 38.33908496145159 49.288712836802006 15.304860409349201 27.683617101050917 21.450169255957007 30.395052617415786
leaf_count=579 23415 1031 70 283 289 1258 1705 298 637 954 188 371 293 444
internal_value=0.000355458 -0.00329451 -6.31817e-05 0.0176758 0.00494946 -0.0114969 -0.00305149 0.00198984 -0.00441015 -0.0147993 0.0206847 0.00605282 0.00137443 0.0118827
internal_weight=2244.37 535.074 387.469 52.3192 44.0072 147.605 335.15 234.105 177.247 108.512 56.8582 41.5533 59.2237 68.7341
internal_count=31815 8400 6111 642 572 2289 5469 3764 2907 1826 857 669 872 1081
is_linear=0
shrinkage=0.05


Tree=198
num_leaves=15
num_cat=0
split_feature=10 44 35 21 1 42 6 9 10 18 8 5 36 32
split_gain=3.18558 7.0855 8.03481 6.43179 5.94585 5.08391 5.34209 4.245 4.11577 4.61552 5.1935 4.79035 4.40908 3.64261
threshold=0.57909884667441613 0.92916869904536281 -0.0085873781396103559 0.46295731707317084 0.048782041125722715 0.79932885906040274 1.8038999477951583 5.2406362453105304 0.46313099351521764 0.10011165449663557 4.5552920420081033 0.19212519581235835 0.016858205500561833 0.72524796578963013
decision_type=2 2 2 10 2 2 2 2 2 2 2 2 2 2
left_child=4 5 3 -3 7 -2 -7 -1 -6 -10 11 12 -11 -9
right_child=1 2 -4 -5 8 6 -8 13 9 10 -12 -13 -14 -15
leaf_value=-0.00026119382143047193 -0.0047742818865592652 0.033250950465501285 -0.015336110436100798 -0.01062723551136501 -0.01358517846873133 -0.0077161592908725624 0.015077145457302236 0.025642691486441466 -0.011636250419204529 0.051074710400381543 -0.0066162573414241246 -0.0029384100420786138 0.0059731495545036033 -0.0030972723044256126
leaf_weight=1674.2056939867325 150.64791997615248 12.487739687785508 162.34568474814296 12.472703227773307 6.9373586885631076 32.201613681390882 86.224324545823038 24.565098233520985 6.7695813113823524 21.279846124351028 8.3320550136268121 6.8655786067247382 8.6627239687368256 16.021125201135874
leaf_count=24223 2298 142 1934 168 98 427 1161 331 89 247 101 83 152 225
internal_value=-0.000254729 -0.00395638 -0.0112874 0.0132107 0.000706196 0.00125967 0.00881783 0.000147938 0.0156882 0.0204502 0.0259427 0.0332227 0.0407481 0.0152024
internal_weight=2230.02 456.38 187.306 24.9604 1773.64 269.074 118.426 1714.79 58.8471 51.9098 45.1402 36.8081 29.9426 40.5862
internal_count=31679 6130 2244 310 25549 3886 1588 24779 770 672 583 482 399 556
is_linear=0
shrinkage=0.05


Tree=199
num_leaves=15
num_cat=0
split_feature=34 34 34 28 35 14 32 32 37 36 32 41 36 33
split_gain=3.12958 9.17599 7.70556 9.93508 8.83588 9.99816 8.45815 13.9907 12.1571 14.9012 9.99421 9.45974 8.27754 6.50843
threshold=-0.069653726723941004 -0.056905647748971382 -0.051265549774368584 5.5000000000000009 -0.031193886643421816 0.938140066042365 0.026088929219600727 0.048865768377963505 -0.011874836926434594 -0.012405405541877189 0.053394310150264308 -0.023607294279887666 -0.0052958483758900323 0.040899966543994651
decision_type=2 2 2 2 2 2 2 2 2 2 2 2 2 2
left_child=-1 -2 3 4 -3 -6 8 -8 9 -4 -9 -10 -7 -12
right_child=1 2 6 -5 5 12 7 10 11 -11 13 -13 -14 -15
leaf_value=0.0085984080871276455 -0.018321161525627211 -0.011135330351875829 0.031048046367167466 -0.023135335743958815 0.0030753405811919238 0.063576549354072323 -0.02059271118584435 0.033566912215958415 0.048496265025270886 -0.028776234198137046 0.030076796019040411 -0.013279497831021113 -0.0015165191850822423 -0.00054916286266502628
leaf_weight=101.46253525093198 62.543514843098819 11.133638627827166 12.919306155294178 9.0321194864809495 17.48660191334784 20.339837478473783 80.094133860431612 17.095776710659266 25.42397049069405 19.96414093580097 12.513275584205983 5.4726993404328814 5.7662143167108324 1831.6126818284392
leaf_count=1615 1148 139 163 170 264 244 1325 256 280 354 220 74 85 25369
internal_value=0.00023208 -0.000185381 0.000405732 0.0168642 0.0248499 0.0342407 -0.000158264 -0.000766827 0.0170742 -0.00427666 0.000139228 0.0372284 0.0512663 -0.000260586
internal_weight=2232.86 2131.4 2068.85 63.7584 54.7263 43.5927 2005.1 1941.32 63.7801 32.8834 1861.22 30.8967 26.1061 1844.13
internal_count=31706 30091 28943 902 732 593 28041 27170 871 517 25845 354 329 25589
is_linear=0
shrinkage=0.05


Tree=200
num_leaves=15
num_cat=0
split_feature=37 37 33 39 35 32 32 37 33 27 28 39 35 35
split_gain=3.25589 6.38689 4.73034 6.1081 3.87801 3.72772 3.44292 3.20883 4.91929 3.37081 17.3224 10.696 11.7843 14.726
threshold=0.055498251672459926 0.049001476752028934 0.98549505991170916 0.0057326640125993531 0.024607997380695249 0.99110953058321483 0.97424845269672866 -0.068628324984787034 0.025642898889538284 19.500000000000004 4.5000000000000009 0.0034155240279346724 -0.021662213991203102 0.010483263328351812
decision_type=2 2 2 2 2 2 2 2 2 2 2 2 2 2
left_child=1 7 3 -3 -2 6 -6 8 -1 -9 11 12 -11 -14
right_child=4 2 -4 -5 5 -7 -8 9 -10 10 -12 -13 13 -15
leaf_value=0.046285575840407295 -0.023829045326599355 -0.0035446454206901918 -0.0069698772004293452 0.048466700301281196 -0.0082175452463441635 -0.020713489870632297 0.037872401802769906 -0.00066335204117558679 -0.0086754785841230541 0.075098629948773518 -0.0099412607879251561 0.006172651542948205 -0.0042156215460416686 0.050342869401126901
leaf_weight=4.2016002014279348 23.899768414907157 7.2367828078568044 8.2828054707497341 13.279914193786679 4.3102026320993883 3.6825343519449225 5.0641964003443718 1861.9513955060393 4.9357679560780525 8.1959190573543292 114.55218233168125 129.18699941132218 29.39201363734901 15.518558220937846
leaf_count=34 390 118 134 176 119 59 88 26360 97 111 1759 1800 364 208
internal_value=0.000360114 0.000622253 0.02219 0.0330212 -0.0134389 0.00691162 0.0211938 0.000285339 0.0240288 0.00012955 0.00503159 0.0144547 0.0323367 0.0177914
internal_weight=2233.69 2196.73 28.7995 20.5167 36.9567 13.0569 9.3744 2167.93 9.13737 2158.8 296.846 182.293 53.1065 44.9106
internal_count=31817 31161 428 294 656 266 207 30733 131 30602 4242 2483 683 572
is_linear=0
shrinkage=0.05


Tree=201
num_leaves=15
num_cat=0
split_feature=28 39 41 37 27 33 39 38 22 33 4 32 17 36
split_gain=3.66635 9.26044 8.40157 8.0146 7.68124 7.61158 12.3077 13.2723 11.4958 11.3457 10.0158 9.48383 8.18595 10.8291
threshold=2.5000000000000004 0.0077036550450189289 0.021602899829638648 0.0065815055851162771 11.500000000000002 0.93962624392501748 0.0032701610562627824 1.7904613357414594 1.0000000180025095e-35 0.96135175504107562 -0.029511700396507076 0.99209473815773042 -2.1295294787050705 -0.017464181104227535
decision_type=2 2 2 2 2 2 2 2 2 2 2 2 2 2
left_child=2 5 -1 4 -4 8 9 11 12 -7 -10 -8 13 -2
right_child=1 -3 3 -5 -6 6 7 -9 10 -11 -12 -13 -14 -15
leaf_value=-0.00075815170600075784 0.024537954633643895 -0.02236695571961405 0.038195004502272298 -0.024955722295045002 -0.011545971556264542 0.016420498052562082 0.018940855027418924 0.04599373021057112 -0.014281566813194627 -0.024538278164009254 0.00037125421115132695 -0.022512577140543704 0.017929840279393948 -0.0037380321418397778
leaf_weight=869.00092669483274 37.601132529787719 33.600625632330775 7.1491211336106089 65.969098252244294 17.170778177678585 27.94009312056005 44.260647678747773 34.817937478423119 138.31742574088275 30.037405149079859 624.86112306639552 14.480532513931392 135.598399059847 160.6753885326907
leaf_count=12665 492 534 95 1143 244 415 613 474 2000 499 8289 230 1865 2273
internal_value=2.31246e-05 0.00176944 -0.00230808 -0.0164031 0.00709595 0.00250559 0.0128212 0.0235986 0.00102898 -0.00506316 -0.00236007 0.00775765 0.00869628 0.00209589
internal_weight=2241.48 1282.19 959.29 90.289 24.3199 1248.59 151.537 93.5591 1097.05 57.9775 763.179 58.7412 333.875 198.277
internal_count=31831 17684 14147 1482 339 17150 2231 1317 14919 914 10289 843 4630 2765
is_linear=0
shrinkage=0.05


Tree=202
num_leaves=15
num_cat=0
split_feature=33 34 32 17 39 38 38 37 36 37 36 39 39 39
split_gain=3.39628 9.45706 7.11629 8.32804 8.24998 8.09757 10.2674 8.68269 6.93267 9.12137 7.19047 6.9321 11.5995 6.72092
threshold=0.093988412780359104 -0.035364245612604199 0.1006952827000145 -2.6779221181081736 0.002648456274835188 -2.8301304463335089 -2.7692931296177146 -0.0028631526584040885 -0.011425778299695098 -0.02779570784516849 -0.010705360118177963 0.0037159571762567403 0.0039788946014328525 0.0027004803966359692
decision_type=2 2 2 2 2 2 2 2 2 2 2 2 2 2
left_child=1 13 3 4 -2 7 -7 -4 9 -8 -10 -3 -13 -1
right_child=2 11 5 -5 -6 6 8 -9 10 -11 -12 12 -14 -15
leaf_value=0.011371873787038647 -0.012409258723881092 -0.026538912164039436 -0.037174615157206166 0.002594964027301395 0.036996824618530107 0.043273072817474237 0.024488472389037334 0.015982801684569895 0.034792699145898845 -0.024769223427096067 0.00023514744195172424 0.039118133596207881 -0.016041830654363824 -0.0038487395490601688
leaf_weight=88.416674714535475 7.9526173640042535 64.063216522336006 23.036446358077232 97.179968055337667 36.946137178689241 8.7782667540013772 7.2438083086162797 7.3361298590898505 10.208082874305545 47.626107391901314 1481.1033180658706 8.6276067700237018 26.709813070483506 319.43590785097331
leaf_count=1240 118 988 395 1269 427 115 91 105 132 783 20180 93 475 5377
internal_value=-0.000318107 -0.00389418 0.000740213 0.0112613 0.0278793 -0.000235135 0.000302018 -0.0238908 -8.06431e-05 -0.0167643 0.000587166 -0.0173223 0.000604974 -0.000451364
internal_weight=2234.66 507.253 1727.41 142.079 44.8988 1585.33 1554.96 30.3726 1546.18 54.8699 1491.31 99.4006 35.3374 407.853
internal_count=31788 8173 23615 1814 545 21801 21301 500 21186 874 20312 1556 568 6617
is_linear=0
shrinkage=0.05


Tree=203
num_leaves=15
num_cat=0
split_feature=41 28 35 38 4 20 7 22 21 41 34 41 39 21
split_gain=3.72805 5.30022 4.99538 7.43219 5.22269 3.5261 5.9925 6.84642 6.75287 8.67391 10.906 6.48722 6.35409 5.99693
threshold=-0.067021430731697293 5.5000000000000009 -0.04935260507573843 -2.2289507973497176 -0.01095890410958905 1.1910819705168916 2.1309862758387172 1.5000000000000002 0.40595238095238101 -0.024396266488850401 -0.024202586927558414 0.018605441129927684 0.0023141592173619627 0.35902777777777783
decision_type=2 2 2 2 2 2 10 2 8 2 2 2 2 10
left_child=1 -1 3 4 -2 -4 8 -8 9 12 -11 -12 -7 -14
right_child=2 -3 5 -5 -6 6 7 -9 -10 10 11 -13 13 -15
leaf_value=-0.033112099361636914 0.03632898234488164 0.010259197102124253 -0.0046857689451836179 -0.024481813611117776 -0.01124131521758978 -0.0098868338954547063 -0.00081116329433712775 0.0084011854484571866 -0.0063296999955179019 -0.019245559685688779 0.004836441700569182 -0.012064845060669634 0.030666168172586012 -0.0087670008484857353
leaf_weight=14.263640855439007 23.236563324928284 8.1172247137874365 350.34937428403646 4.4498844090849152 4.7537677381187704 14.409420676529406 386.60707953665406 414.80114786140621 449.55376995448023 62.887265297584236 369.65458334889263 62.042509786784649 49.555588724091649 9.3901064814999682
leaf_count=235 309 154 4919 68 74 191 5550 5472 7010 1030 5011 920 684 129
internal_value=-4.48694e-05 -0.018381 0.000182749 0.0182908 0.0277706 -0.000129488 0.000758564 0.00397958 -0.00178546 0.00183538 -0.000607287 0.0022971 0.0172925 0.0241901
internal_weight=2224.07 22.3809 2201.69 32.4402 27.9903 2169.25 1818.9 801.408 1017.49 567.939 494.584 431.697 73.3551 58.9457
internal_count=31756 389 31367 451 383 30916 25997 11022 14975 7965 6961 5931 1004 813
is_linear=0
shrinkage=0.05


Tree=204
num_leaves=15
num_cat=0
split_feature=26 38 41 33 21 37 38 41 41 28 28 41 17 23
split_gain=2.83306 4.02218 5.85307 4.93314 4.4144 4.18758 4.11682 3.84693 4.21191 4.19483 5.40784 5.88411 4.02637 3.40531
threshold=2.5000000000000004 -2.1780081887169791 -0.017656818832957857 0.9650950292397662 0.28795803782505919 0.0063399603248407441 2.4993461209524495 -0.048389145313454777 -0.01467813479424651 3.5000000000000004 2.5000000000000004 -0.00058792083924780181 -1.5753560345679964 0.017519596391057827
decision_type=2 2 2 2 8 2 2 2 2 2 2 2 2 2
left_child=13 2 -2 4 5 -3 -5 -6 -9 10 11 12 -10 -1
right_child=1 3 -4 6 7 -7 -8 8 9 -11 -12 -13 -14 -15
leaf_value=6.6849666489652432e-05 0.029772125590438493 0.031812359075675783 -0.0067308464358148169 0.026839378987945441 0.015725358173670885 -0.0065722560818993929 -0.011668762361054505 -0.016574513529036539 -0.0098631331848002685 -0.010048771364000514 0.027370034846386049 -0.011925819930572937 0.029350736881828727 -0.0056989894753637794
leaf_weight=1621.0640424033627 27.260022040456533 13.691766750067474 14.265314236283301 25.51564520504326 19.464163048192859 9.1156759504228813 5.8675403986126176 53.793547953478992 6.7201199587434557 61.016622019931674 18.149314947426319 39.827207993716002 15.099452920258043 299.09354030061513
leaf_count=22536 419 175 235 409 242 119 110 832 105 858 245 587 218 4695
internal_value=-0.000124969 0.00427282 0.0178565 0.00188189 -0.000735753 0.0180476 0.0190256 -0.0031032 -0.00533314 -0.000617593 0.00676131 -0.000904238 0.0176862 -0.000843736
internal_weight=2229.94 309.786 41.5253 268.261 236.878 22.8074 31.3832 214.07 194.606 140.813 79.7961 61.6468 21.8196 1920.16
internal_count=31785 4554 654 3900 3381 294 519 3087 2845 2013 1155 910 323 27231
is_linear=0
shrinkage=0.05


Tree=205
num_leaves=15
num_cat=0
split_feature=16 0 36 38 38 28 38 38 33 38 18 39 28 39
split_gain=2.57452 2.71362 8.24213 15.3766 10.111 9.20404 8.93639 7.40153 7.91647 6.41024 7.65359 6.23056 6.07979 5.77335
threshold=1.9362925211522175 -0.011753848600382031 -0.0054817099004729189 -1.5536594716159409 -0.76646563976725346 4.5000000000000009 -0.73018007972896759 -1.2974268355724121 0.50495243699127201 -2.1729280120018202 0.11399758265623809 0.006768430438358476 2.5000000000000004 0.0057326640125993531
decision_type=10 2 2 2 2 2 2 2 2 2 2 2 2 2
left_child=1 2 6 5 -5 -4 7 9 12 10 13 -11 -9 -1
right_child=-2 -3 3 4 -6 -7 -8 8 -10 11 -12 -13 -14 -15
leaf_value=0.014395670379210721 -0.011687043477049644 0.0014580682893658365 0.043671687956354815 -0.020328264919254043 0.0072727170145210976 0.0032905918476458119 -0.033717605853686071 -0.0010972788636564438 -0.02463507142656857 -0.021561542328633415 -0.010160678544111127 0.021415769733627507 0.052348077445376853 -0.019787525798225195
leaf_weight=73.045992686413229 39.362232361920178 1667.6257259845734 29.213507039472461 50.356288179755211 78.42266664840281 25.510471723973751 24.511009557172656 7.9541399795562091 3.8378231571987262 81.776726768352091 112.57937903702259 5.3608228843659154 9.9331907220184785 10.175073590129612
leaf_count=1113 567 23082 370 782 1104 364 400 145 62 1509 1865 92 134 189
internal_value=0.000238447 0.000479992 -0.00268483 0.00570798 -0.00387645 0.0266988 -0.00737892 -0.00474969 0.020572 -0.00701746 -0.00184979 -0.0178988 0.0335343 0.00933164
internal_weight=2219.67 2180.3 512.677 183.503 128.779 54.724 329.174 304.663 21.7252 282.938 195.8 87.1375 17.8873 83.2211
internal_count=31778 31211 8129 2620 1886 734 5509 5109 341 4768 3167 1601 279 1302
is_linear=0
shrinkage=0.05


Tree=206
num_leaves=15
num_cat=0
split_feature=21 37 32 32 38 33 5 37 34 34 33 36 28 20
split_gain=2.85109 3.48002 7.13122 7.48482 6.5939 6.45553 11.9668 5.72505 8.41161 6.7815 7.82369 5.82195 5.6591 5.60758
threshold=1.0000000180025095e-35 -0.047661793222785014 0.0080322580645161307 0.013704416388980149 -2.8141999128758788 0.023811023622047248 -0.022092515221438676 -0.038722738042361642 -0.069653726723941004 -0.058195981034093507 0.033955955263461325 -0.0040934363574655066 4.5000000000000009 8.408614603457055
decision_type=10 2 2 2 2 2 2 2 2 2 2 2 2 2
left_child=-1 4 -3 12 -2 6 -5 -7 13 -10 11 -11 -4 -9
right_child=1 2 3 5 -6 7 -8 8 9 10 -12 -13 -14 -15
leaf_value=-0.02239573724279054 -0.022858943397567874 -0.023952639271390609 -0.0047042071899580746 -0.032134001037490222 0.024478328951475947 -0.025773538836364209 0.015833909648948704 -0.010627421582831545 -0.020077973317408071 0.0012474383828737941 0.00056347712804401089 0.047436863273020866 0.033537729823893934 0.037122996795403485
leaf_weight=8.5907871071249229 5.1547261113300911 24.873550370335579 12.730332803912459 33.728396635502577 29.055848468095064 15.264132129028438 15.866324522532521 5.6361875478178289 34.1314542228356 12.584578584879639 1959.566566824913 10.653753293678163 24.566043078899384 20.439249398186803
leaf_count=132 133 422 221 654 460 276 217 96 604 225 27353 151 331 278
internal_value=0.000437597 0.000577072 0.000309601 0.00064597 0.0153404 0.000227545 -0.0167434 0.000676049 0.000936105 0.000537014 0.000941485 0.0270732 0.0214716 0.0267525
internal_weight=2212.84 2204.25 2170.04 2145.17 34.2106 2107.87 49.5947 2058.28 2043.01 2016.94 1982.8 23.2383 37.2964 26.0754
internal_count=31553 31421 30828 30406 593 29854 871 28983 28707 28333 27729 376 552 374
is_linear=0
shrinkage=0.05


Tree=207
num_leaves=15
num_cat=0
split_feature=10 23 9 6 8 2 20 7 20 13 3 38 38 0
split_gain=3.27006 4.97103 3.48503 3.36364 3.93063 4.18424 3.35453 3.94602 3.30555 5.10605 4.23423 5.4864 5.59479 5.30377
threshold=0.45234245528233114 0.022114313423292623 -0.48204204528229455 1.5571496944694245 -0.22609564418443942 -0.034755245866892708 24.557753970008324 2.8182494824213706 11.778135550142403 0.01021571454587304 0.04579603873777683 -1.6628062424057655 1.5482191213570942 0.0050806561422506178
decision_type=2 2 2 2 2 2 2 10 2 2 2 2 2 2
left_child=1 3 -2 4 -1 -6 8 -8 -4 -10 11 13 -13 -11
right_child=2 -3 6 -5 5 -7 7 -9 9 10 -12 12 -14 -15
leaf_value=-0.0096263846393019326 -0.012636754689001521 -0.017675706735276166 0.0028280332765895882 -0.0021404676917056433 -0.0073270250447337653 0.038787357107520265 0.002040663557104153 0.036920586865930673 -0.016182068894728362 -0.010997014814319757 -0.015672379166858041 0.014269436175301417 -0.0088924563985064587 0.025309092437833792
leaf_weight=8.2618745351210254 36.878467921167612 45.407111123204231 1185.7696212818846 591.46141977235675 4.9919706769287613 11.812968878075479 19.272755632176999 9.835431916639207 54.179358951747417 79.098022622987628 31.45521483477205 103.8163663642481 30.523829010315239 6.6500086821615687
leaf_count=124 522 860 16449 8688 79 169 261 107 756 1296 413 1387 505 100
internal_value=0.000358321 -0.00257361 0.00160865 -0.0013281 0.0150084 0.0265499 0.00199442 0.0175109 0.00163411 -0.00296762 0.000138527 0.00269618 0.00887651 -0.00694204
internal_weight=2219.41 661.935 1557.48 616.528 25.0668 16.8049 1520.6 29.1082 1491.49 305.723 251.543 220.088 134.34 85.748
internal_count=31716 9920 21796 9060 372 248 21274 368 20906 4457 3701 3288 1892 1396
is_linear=0
shrinkage=0.05


Tree=208
num_leaves=15
num_cat=0
split_feature=10 30 18 27 41 28 37 33 39 31 20 36 39 41
split_gain=3.01712 2.6989 3.32117 6.85646 7.28583 7.43789 6.40961 7.24663 7.23818 8.04167 6.82018 6.77169 6.34123 6.179
threshold=0.69061662172968552 3.4500000000000006 0.086730590325170984 11.500000000000002 0.013589940871180818 4.5000000000000009 0.022326683784692384 0.86749699879951991 0.0038440495181889241 0.59092179397238642 1.2448748276132511 0.013307880894562809 0.0032908722955549224 0.0029387979591984918
decision_type=2 2 2 2 2 2 2 2 2 2 2 2 2 2
left_child=1 -1 3 -3 -5 -6 7 11 9 12 -8 -4 -9 -12
right_child=-2 2 6 4 5 -7 10 8 -10 -11 13 -13 -14 -15
leaf_value=-0.017399499387714911 -0.010348408419171826 -0.0028097345570291146 0.000275982988595506 0.0054838351754846765 0.039446909636801558 -0.0059258462636790623 -0.0040823342583544342 -0.0029656336878019396 -0.024661775195926369 -0.020856221134697733 0.0022442373561883259 -0.018990238689974671 0.02526713000916685 0.020637849603617114
leaf_weight=16.750875541940331 66.021543995477259 199.60818032640964 1133.4295464679599 212.90401272429153 28.967338996939361 10.694881424307821 102.84117792826146 104.85158624220639 57.97338239569217 48.628277820535004 89.712875348515809 42.515367480926216 19.330737102776766 90.960577638819814
leaf_count=236 882 2642 16160 2929 405 125 1590 1560 865 773 1247 733 248 1294
internal_value=-0.000208231 0.00012502 0.000302232 0.00408368 0.00948048 0.0279185 -0.000718444 -0.00210428 -0.0101047 -0.00466505 0.00607503 -0.000498026 0.00223706 0.0118109
internal_weight=2225.19 2159.17 2142.42 452.174 252.566 39.6622 1690.24 1406.73 230.784 172.811 283.515 1175.94 124.182 180.673
internal_count=31689 30807 30571 6101 3459 530 24470 20339 3446 2581 4131 16893 1808 2541
is_linear=0
shrinkage=0.05


Tree=209
num_leaves=15
num_cat=0
split_feature=41 38 41 4 37 33 41 41 38 41 35 35 28 41
split_gain=2.82216 4.89276 3.39634 4.881 3.54048 2.79965 9.60598 8.32535 13.4111 10.5361 9.64833 4.70256 8.71301 8.29273
threshold=-0.067021430731697293 -1.9906829855335773 -0.057088843239907809 -0.084723426632288198 -0.016393458791980283 0.0739497887148894 -0.02520679144032539 -0.025431240433135379 -1.1812784069480198 -0.027203192833249453 -0.030562576303378327 -0.031193886643421816 1.5000000000000002 -0.032641060473318377
decision_type=2 2 2 2 2 2 2 2 2 2 2 2 2 2
left_child=1 -1 3 4 -2 11 7 8 9 10 -7 12 13 -4
right_child=2 -3 5 -5 -6 6 -8 -9 -10 -11 -12 -13 -14 -15
leaf_value=0.010241877542362887 0.010788886404399943 -0.030711266646078629 0.022028065331771627 0.033299310039290535 -0.026159293060682126 -0.013981048000794983 -1.9858642514314368e-05 0.055153576897669421 -0.007320785316717259 -0.021690288385705619 0.046253811968615541 -0.00059555244211613033 -0.02638810868333737 -0.021486436081486229
leaf_weight=8.7545075695961732 14.129181319847701 13.674018733203409 22.003883393481374 13.807157272472976 4.8392778057605055 5.6240841411054125 1707.715056037996 6.9366227053105822 52.040588515810668 5.7453124094754449 34.165494296699762 267.04661134723574 49.638470566831529 13.571018530987201
leaf_count=164 177 239 313 177 64 62 23686 67 770 67 376 4264 949 305
internal_value=0.000166911 -0.015773 0.000365059 0.0152283 -0.00212805 0.000105415 0.000900659 0.015256 0.00986948 0.0282963 0.0371296 -0.00394112 -0.0138116 0.00482609
internal_weight=2219.69 22.4285 2197.26 32.7756 18.9685 2164.49 1812.23 104.512 97.5755 45.5349 39.7896 352.26 85.2134 35.5749
internal_count=31680 403 31277 418 241 30859 25028 1342 1275 505 438 5831 1567 618
is_linear=0
shrinkage=0.05


Tree=210
num_leaves=15
num_cat=0
split_feature=35 41 35 33 40 37 37 37 5 14 7 21 5 36
split_gain=3.99443 9.04379 6.11823 5.66132 5.5853 9.27853 7.49378 6.8247 6.68192 6.40805 6.1146 7.92076 5.63377 5.37499
threshold=0.0079247965093993695 0.021602899829638648 0.0058263200916812705 0.93656382740889799 1.0000000180025095e-35 0.002121048636178791 0.00062426597530029781 -0.011874836926434594 -0.0037594973857344445 1.1460360935163802 2.2312169634999197 0.30015243902439032 0.049040135163483163 -0.0011081890483005672
decision_type=2 2 2 2 2 2 2 2 2 2 8 10 2 2
left_child=1 2 -1 -3 7 6 -6 -2 -9 13 11 -11 -12 -7
right_child=4 3 -4 -5 5 9 -8 8 -10 10 12 -13 -14 -15
leaf_value=0.00028386760520545263 0.0078934342629534519 0.029252303687139602 0.014749675185574461 0.0015239390014342399 0.0056796373544261529 0.0247137567681751 0.041107856737818665 -0.033551748591300473 -0.0020124959149176304 -0.010262144132308075 0.0084483658013067078 0.023325885885663245 -0.011387038260322398 -0.0075119147519355708
leaf_weight=1282.7286715526134 24.391217261552811 43.099543524906039 72.525320312008262 30.75372495688498 60.107207398861647 8.5890009067952615 15.840785855427383 39.170478446409106 28.181641804054379 20.803236540406942 60.605196471326053 59.594718378968537 74.157736643217504 394.79266978939995
leaf_count=18223 344 550 904 439 772 116 196 458 356 266 884 861 1119 6131
internal_value=0.000498887 0.00207134 0.00110936 0.0185345 -0.00235433 -0.000780641 0.0151518 -0.013611 -0.0214061 -0.00284272 0.00406438 0.0145429 -0.0024836 -0.00653157
internal_weight=2215.34 1429.11 1355.25 73.8533 786.234 694.491 75.948 91.7433 67.3521 618.543 215.161 80.398 134.763 403.382
internal_count=31619 20116 19127 989 11503 10345 968 1158 814 9377 3130 1127 2003 6247
is_linear=0
shrinkage=0.05


Tree=211
num_leaves=15
num_cat=0
split_feature=43 4 32 17 35 10 44 1 37 42 3 0 18 35
split_gain=3.24157 3.88218 8.85266 6.02165 4.12574 3.21551 5.80506 5.3429 5.96819 4.97058 5.98373 4.84813 3.91578 4.42914
threshold=0.99664429530201348 0.14852627793507747 0.99110953058321483 2.3539833766176508 -0.00087977359722959936 0.57909884667441613 0.92916869904536281 0.048782041125722715 0.025113350094806978 0.87614833544037096 0.064293616462801864 0.0075010419560989092 0.24759459609580889 0.01005649011010107
decision_type=2 2 2 2 2 2 2 2 2 2 2 2 2 2
left_child=1 5 3 4 -3 7 9 12 -9 -7 -11 -8 -1 -14
right_child=-2 2 -4 -5 -6 6 11 8 -10 10 -12 -13 13 -15
leaf_value=0.0013409835676253411 -0.024816946556510219 -0.0010732387510692593 -0.020665135772832757 -0.0012280597014710081 0.036955672894604767 -0.003019132469729539 0.0043824316204070304 0.025052097997152925 -0.01244524383829815 0.018548273084857934 -0.014584721725669388 -0.014646611318003162 -0.019432698695442008 0.013022897302520271
leaf_weight=1605.7310424260795 7.3785735480487338 8.4900489440187794 13.129099258221684 23.356647970154881 32.039284293539822 181.01756327599287 41.340543525293469 39.507460559718311 10.551648278720675 59.994699265807867 13.241810336709021 135.92114922218025 39.419898333959281 9.9231136161833984
leaf_count=23370 89 113 225 296 464 2705 544 493 161 780 192 1580 537 115
internal_value=0.000704022 0.000844824 0.0115207 0.019155 0.0297464 0.000434017 -0.00339749 0.00141075 0.0167359 0.00145755 0.0120083 -0.0102102 0.000898217 -0.012308
internal_weight=2221.04 2213.66 77.0151 63.886 40.5293 2136.65 431.516 1705.13 50.0591 254.254 73.2365 177.262 1655.07 49.343
internal_count=31664 31575 1098 873 577 30477 5801 24676 654 3677 972 2124 24022 652
is_linear=0
shrinkage=0.05


Tree=212
num_leaves=15
num_cat=0
split_feature=21 18 37 35 32 27 35 33 27 32 44 37 21 39
split_gain=3.19316 3.08353 5.98689 6.63971 9.92828 10.2822 6.66711 7.59811 11.7876 6.65463 5.24652 5.11439 5.36508 4.80678
threshold=0.014583333333333335 0.085313800535077214 0.01987328164378022 0.0053166348678934114 0.95307256711409405 5.5000000000000009 0.013897541579281471 0.88932633420822405 19.500000000000004 0.25506779893165327 0.97993288590604044 -0.016393458791980283 0.59466747769667483 0.0026233670913927381
decision_type=8 2 2 2 2 2 2 2 2 2 2 2 10 2
left_child=-1 2 3 9 5 13 -7 8 -8 11 -11 -2 -13 -5
right_child=1 -3 -4 4 -6 6 7 -9 -10 10 -12 12 -14 -15
leaf_value=0.023458470232179948 -0.0058967947835124783 -0.00051215238969117612 -0.0076496000798144019 -0.023826574850813333 -0.017784030636612911 0.04088453210866938 -0.015718171860858134 0.040034898104166806 0.041756922503297045 -0.016571400509127903 0.015004718706626015 0.017359123985749323 -0.0089588177117312113 0.012817070936732532
leaf_weight=10.174518946558235 50.056869233027101 1763.6466510482132 84.485378243029118 13.101913800463082 15.839635967276989 45.294726701453328 28.353322173468769 12.209896862506865 7.1783908288925877 59.917789444327354 12.332815025001763 97.718830298632383 20.560346491634846 13.209399679675697
leaf_count=135 786 25543 1231 145 234 539 386 153 105 706 134 1248 299 165
internal_value=0.000598641 0.000441667 0.00406279 0.00676196 0.0154153 0.0203593 0.0278422 0.0127655 -0.000387872 0.00168476 -0.0105592 0.00709292 0.0126065 -0.00632089
internal_weight=2234.08 2223.91 460.259 375.774 135.187 119.348 93.0363 47.7416 35.5317 240.587 72.2506 168.336 118.279 26.3113
internal_count=31809 31674 6131 4900 1727 1493 1183 644 491 3173 840 2333 1547 310
is_linear=0
shrinkage=0.05


Tree=213
num_leaves=15
num_cat=0
split_feature=25 19 10 18 7 39 35 8 7 6 3 4 10 28
split_gain=3.97235 4.40708 4.72239 3.96238 6.56897 4.0544 3.61486 4.67399 3.52599 4.03842 3.71121 5.16105 6.04676 4.48432
threshold=2.2500000000000004 0.018653618246330671 0.5580309542318358 0.20240480961923848 1.9971588989009301 0.0026233670913927381 0.024607997380695249 0.12902524241963068 7.324851551597539 1.9793219243479563 0.053947060043920032 0.042997964623190839 0.60585776403918967 2.5000000000000004
decision_type=2 2 2 2 8 2 2 2 10 2 2 2 2 2
left_child=8 3 -3 -2 -5 -6 7 -7 9 10 11 -1 13 -13
right_child=1 2 -4 4 5 6 -8 -9 -10 -11 -12 12 -14 -15
leaf_value=0.0053867492987013273 -0.00070562092830232174 0.03020564032407598 -0.0093451525895424676 -0.02346466234362183 -0.019678783949734338 0.024902165128600162 0.026973928839066016 -0.0063407333518903279 0.021955467987011715 -0.00064411220402566883 -0.0069553458891360581 0.0079839623149355696 -0.011151230428177976 0.04315341711214446
leaf_weight=150.09721980243921 1451.2132235863246 17.085077811032537 8.5604526884853822 47.714348557405174 18.989827737212181 9.5540802516043168 8.8586573367938382 62.55659603048116 20.137949777767062 349.43087400868535 32.890598900616169 17.211141401901841 7.8173790089786044 23.777731373906136
leaf_count=1904 21639 187 99 739 228 130 134 823 243 4542 494 235 97 304
internal_value=0.000127089 -0.00115879 0.0176329 -0.00151423 -0.00917725 -0.0015644 0.00358142 -0.000855008 0.0035817 0.00276327 0.00780505 0.0103565 0.0237196 0.0308594
internal_weight=2225.9 1624.53 25.6455 1598.89 147.674 99.9592 80.9693 72.1107 601.363 581.225 231.794 198.903 48.8063 40.9889
internal_count=31798 23979 286 23693 2054 1315 1087 953 7819 7576 3034 2540 636 539
is_linear=0
shrinkage=0.05


Tree=214
num_leaves=15
num_cat=0
split_feature=4 3 41 32 18 32 20 42 28 15 35 19 17 42
split_gain=2.77198 7.07997 4.58081 4.18831 3.74697 5.38593 5.53339 4.78408 5.11269 5.22237 4.73623 3.87368 3.68377 4.81926
threshold=0.13938094904480627 0.034124629080118825 -0.0074959285239488962 0.99110953058321483 0.19426852559205485 0.013704416388980149 25.492672517315764 0.89805366591080882 3.5000000000000004 1.8258708400475703 -0.022260876125977238 0.013972261726648947 2.0246434334262822 0.047074838546283408
decision_type=2 2 2 2 2 2 2 2 2 2 2 2 2 2
left_child=4 2 -2 -3 -1 10 7 12 11 -10 -6 -9 13 -7
right_child=1 3 -4 -5 5 6 -8 8 9 -11 -12 -13 -14 -15
leaf_value=0.00096153854530036786 -0.0017720466916754719 0.0072699589002984122 0.047785936846375228 -0.018687707749361206 -0.0033831603933835741 0.0065857915764518538 0.018796113553818928 0.010469971086178628 0.034581875084003989 -0.004976133275444522 0.040831446164627305 -0.023968239820607029 0.0034097810838154374 -0.024181331795734715
leaf_weight=1922.2002031812444 6.0862284665927318 66.786359496414661 11.032664053142069 14.867792421951888 11.947350313887002 12.582600278779863 12.332276917994021 8.9866755641996878 11.801174480468037 14.413611704483626 5.9950699154287568 18.488801367580891 18.025540446862578 87.940710513852537
leaf_count=27722 83 922 131 255 177 180 153 101 118 165 66 185 246 1279
internal_value=0.00066516 0.00864474 0.033749 0.00173795 0.000274783 -0.0061098 -0.00875384 -0.011201 0.00115635 0.0155187 0.0170692 -0.0128265 -0.0166179 -0.0202006
internal_weight=2223.49 98.773 17.1189 81.6542 2124.71 202.514 184.571 172.239 53.6903 26.2148 17.9424 27.4755 118.549 100.523
internal_count=31783 1391 214 1177 30392 2670 2427 2274 569 283 243 286 1705 1459
is_linear=0
shrinkage=0.05


Tree=215
num_leaves=15
num_cat=0
split_feature=43 27 32 17 15 34 39 14 39 33 35 27 33 33
split_gain=3.87542 4.12596 5.80188 7.34202 5.44128 4.5166 3.90924 15.6349 14.6606 11.4461 9.2166 8.47776 7.58487 8.24347
threshold=0.95307256711409405 1.0000000180025095e-35 0.10726270373921382 -1.4588344840269689 2.4594639651205292 -0.054932566955264377 0.0027162130978013988 1.3480688199017328 0.0030475271591457148 0.96135175504107562 0.025132824131779422 9.5000000000000018 0.95017730496453912 0.86587559676191805
decision_type=2 2 2 2 2 2 2 2 2 2 2 2 2 2
left_child=1 2 5 -4 -5 -1 7 9 10 -3 -8 -12 13 -10
right_child=-2 6 3 4 -6 -7 8 -9 12 -11 11 -13 -14 -15
leaf_value=-0.0094228036561480686 -0.0080823221554295853 0.0030266257691531832 -0.028322104949691392 0.027633802625573991 -0.011083723394420729 0.037414995431940899 -0.019140127192506358 0.031387064638776781 0.0012260678892561168 -0.029601450596661062 -0.015523502141529 0.047535073492596211 0.010498346350979846 -0.0095904236286135647
leaf_weight=4.2598087359219816 128.99791073612869 496.96557106263936 10.611350439488886 17.799437768757347 11.492013989016412 20.807560652494431 141.95189768914133 42.109531633555889 935.25482563581318 23.408472541719675 6.6226676600053889 6.2480993289500475 165.41400860995054 211.79642635211349
leaf_count=95 1615 6679 152 223 156 276 2146 542 13836 476 102 79 2550 2938
internal_value=0.000162274 0.000688028 0.0126258 0.000113488 0.0130424 0.0292123 0.000275829 0.00380092 -0.00108383 0.00129114 -0.0153822 0.0198231 0.000654827 -0.00080409
internal_weight=2223.74 2094.74 64.9702 39.9028 29.2915 25.0674 2029.77 562.484 1467.29 520.374 154.823 12.8708 1312.47 1147.05
internal_count=31865 30250 902 531 379 371 29348 7697 21651 7155 2327 181 19324 16774
is_linear=0
shrinkage=0.05


Tree=216
num_leaves=15
num_cat=0
split_feature=9 13 32 33 12 34 28 38 5 36 28 28 27 27
split_gain=2.77731 6.76334 5.23557 5.22053 5.04921 4.44623 4.28983 9.78501 7.55048 6.63802 8.08358 7.94093 8.81711 8.46475
threshold=0.031988508007554185 0.0077329243384039433 0.0080322580645161307 0.0091326105087572995 24.01225960056308 -0.093884379758956762 5.5000000000000009 1.6973799288560627 -0.12065749755956205 0.0022585248369625392 4.5000000000000009 1.5000000000000002 15.500000000000002 18.500000000000004
decision_type=2 2 2 2 2 2 2 2 2 2 2 2 2 2
left_child=1 -1 5 4 -4 -2 9 8 -8 11 -11 12 -5 -13
right_child=2 -3 3 6 -6 -7 7 -9 -10 10 -12 13 -14 -15
leaf_value=0.021138231173192891 0.013202165438426526 -0.0042641489787129108 -0.0094484942560284779 0.0033648922673930022 0.033696755541181386 -0.028516138067286003 0.0092640183221649169 0.012631420005833324 -0.015079225071873323 5.6859769908218321e-05 -0.019753630587305452 0.005652992702215723 -0.017434046134084249 0.022335944268368768
leaf_weight=22.658677080646157 5.2219012957066324 519.44383837096393 7.0130300689488676 191.64460909646004 18.113665169104934 20.66279292665422 36.211002497933805 56.26384243927896 154.06753965653479 545.14329331414774 51.861765777692199 444.7963962033391 63.864336906000972 88.415461282245815
leaf_count=264 99 7491 112 2752 254 349 516 779 2304 7811 705 6089 1064 1192
internal_value=7.72232e-05 -0.00301891 0.00108032 0.00145618 0.0220851 -0.0193252 0.00107215 -0.00494146 -0.010328 0.00215598 -0.00181385 0.00515335 -0.00206863 0.00860111
internal_weight=2225.38 542.103 1683.28 1657.39 25.1267 25.8847 1632.27 246.542 190.279 1385.73 597.005 788.721 255.509 533.212
internal_count=31781 7755 24026 23578 366 448 23212 3599 2820 19613 8516 11097 3816 7281
is_linear=0
shrinkage=0.05


Tree=217
num_leaves=15
num_cat=0
split_feature=38 32 37 34 35 34 33 38 38 34 32 33 33 37
split_gain=3.11044 7.08772 10.0813 9.58394 4.06065 5.88462 5.41575 3.93182 14.6984 7.0693 9.06635 3.9136 8.38426 10.5186
threshold=-3.1466454278155216 0.10246315364425602 -0.0093048258668829691 -0.031318194172462614 -0.030562576303378327 -0.037944198187907861 0.025642898889538284 -2.8301304463335089 -2.7692931296177146 -0.015624999999999943 0.20837467172454044 0.0091326105087572995 0.023811023622047248 -0.068628324984787034
decision_type=2 2 2 2 2 2 2 2 2 2 2 2 2 2
left_child=1 2 3 4 6 -6 -1 9 -9 -2 -11 -10 13 -13
right_child=7 -3 -4 -5 5 -7 -8 8 11 10 -12 12 -14 -15
leaf_value=0.023441895051486635 -0.021163739425318663 -0.020875235171085374 -0.030338342093294193 0.049282703068853982 0.035767599073347471 -0.016086257307346849 -0.020956417086741456 0.038212049409260131 0.013977056803841072 0.036976204944822892 -0.023864605521688273 0.035920300961447563 -0.0003122848020215069 -0.025879716056825371
leaf_weight=5.5272857528179875 48.619503351859748 11.303677962161599 5.8438822999596587 17.585565589368343 13.249192491173746 4.4257800411433008 15.684942958876489 19.750093905255198 40.381489158608019 9.895358872599898 6.0087434593588105 3.4349395707249633 1981.6783272176981 51.323892994783819
leaf_count=59 785 234 87 189 188 111 311 249 646 96 95 24 27884 960
internal_value=-0.000126625 0.00964319 0.0163183 0.0232213 0.00716385 0.0220994 -0.00712274 -0.000480937 -9.27968e-05 -0.0121791 0.0137798 -0.000547968 -0.00086952 -0.019322
internal_weight=2234.71 73.6203 62.3166 56.4728 38.8872 17.675 21.2122 2161.09 2096.57 64.5236 15.9041 2076.82 2036.44 54.7588
internal_count=31918 1179 945 858 669 299 370 30739 29763 976 191 29514 28868 984
is_linear=0
shrinkage=0.05


Tree=218
num_leaves=15
num_cat=0
split_feature=43 42 19 4 7 27 19 20 41 41 9 42 14 23
split_gain=3.28679 4.62104 5.78378 4.68196 5.67653 6.05529 4.18765 4.46287 3.80299 3.732 3.46947 3.76753 6.1459 3.4611
threshold=0.99664429530201348 0.96669255089023254 0.0091568572068101029 0.046426894515306245 3.2988478075247918 8.5000000000000018 0.012867475019469858 3.9364697669509661 -0.0022400500112176309 -0.0029216204646246298 7.8253135033970169 0.96386603995299658 1.3480688199017328 0.010960735062520046
decision_type=2 2 2 2 10 2 2 2 2 2 2 2 2 2
left_child=1 10 8 6 5 -5 7 -4 -3 -6 11 13 -13 -1
right_child=-2 2 3 4 9 -7 -8 -9 -10 -11 -12 12 -14 -15
leaf_value=0.00044173590300418999 -0.025211089503787833 -0.023218060335495758 -0.0095547361346580879 0.003368851171218087 0.020535626987630173 0.044703439912690886 -0.007019807482197403 0.022693217700670301 0.0061106510037581612 -0.0044734291677099173 0.022172028492198799 -0.027853314423764486 0.018568437898834261 -0.0044857121859528523
leaf_weight=1490.2534814560786 8.0798915755003673 19.529467352665961 12.236698256805537 13.999736756086348 20.963301122188568 24.053023086860776 51.820645207539201 29.438029708340764 17.076539853587747 31.766238333657384 11.25771553814411 23.546056492254142 5.6355424392968407 463.08606659155339
leaf_count=21406 99 212 152 161 226 289 532 337 196 406 151 275 65 7302
internal_value=-0.000220537 -7.27772e-05 0.00670611 0.0102993 0.0180772 0.0316537 0.00221277 0.0132152 -0.0104462 0.0063867 -0.000838683 -0.0010248 -0.0174836 -0.000734904
internal_weight=2222.74 2214.66 220.884 184.278 90.7823 38.0528 93.4954 41.6747 36.606 52.7295 1993.78 1982.52 29.1816 1953.34
internal_count=31809 31710 2511 2103 1082 450 1021 489 408 632 29199 29048 340 28708
is_linear=0
shrinkage=0.05


Tree=219
num_leaves=15
num_cat=0
split_feature=23 1 36 5 11 24 24 24 40 33 37 35 27 27
split_gain=4.01735 5.08674 6.38741 6.16873 4.44324 4.36214 3.91568 4.20975 4.25326 12.0926 17.3528 9.29682 5.85174 11.0061
threshold=0.010960735062520046 0.01742877200798543 -0.0010008677271968745 -0.048555671870495969 0.56106276327507243 0.037903656590996496 0.015548344697628337 0.016729386822638689 1.0000000180025095e-35 0.11418983700862896 0.0019388322736476617 0.00051109156997219973 5.5000000000000009 2.5000000000000004
decision_type=2 2 2 2 2 2 2 2 2 2 2 2 2 2
left_child=6 3 5 -2 -4 -3 -1 -8 11 -10 -11 12 13 -9
right_child=1 2 4 -5 -6 -7 7 8 9 10 -12 -13 -14 -15
leaf_value=0.012729191698114204 0.009027396111874338 0.019088380882827872 -0.00022872359900593734 -0.014507790026259879 -0.015267316686382041 -0.013509003946778803 -0.014273103688218375 -0.0024196292764387395 -0.024320178039341007 0.025940095804529537 0.0024584338393245572 -0.012558990460472905 -0.00087508182598656972 0.025002902557369311
leaf_weight=68.082715576514602 30.488012610003352 53.442183122038841 255.70872446801513 147.26888425834477 55.840031844563782 8.7081862483173591 39.548271646723151 77.617715983651578 30.1031265379861 87.197912955656648 546.2684951229021 139.55626123957336 601.27830108162016 62.903753174468875
leaf_count=759 567 713 3784 2509 801 94 520 1130 472 1051 7716 1732 8905 863
internal_value=0.000177744 -0.00349863 -0.00015345 -0.0103346 -0.00312272 0.0138552 0.0014114 0.000886574 0.00131944 0.0043274 0.00586856 -0.000956881 0.00129532 0.0102932
internal_weight=2204.01 551.456 373.699 177.757 311.549 62.1504 1652.56 1584.47 1544.93 663.57 633.466 881.356 741.8 140.521
internal_count=31616 8468 5392 3076 4585 807 23148 22389 21869 9239 8767 12630 10898 1993
is_linear=0
shrinkage=0.05


Tree=220
num_leaves=15
num_cat=0
split_feature=18 44 14 42 28 41 1 41 39 14 5 39 28 35
split_gain=3.04896 6.72992 5.26761 4.45418 3.36022 11.4378 7.56065 17.4555 11.4387 9.52357 8.90385 8.66445 8.30376 7.09544
threshold=0.22389794657135392 0.818816263009435 0.98190709843055479 0.08059103702100022 1.5000000000000002 0.021602899829638648 0.01705220952504383 -0.031335347746104351 0.0064908497132076361 1.2690854534694771 -0.065545407943017484 0.003966913716812571 1.0000000180025095e-35 0.022544656965822089
decision_type=2 2 2 2 2 2 2 2 2 2 2 2 2 2
left_child=4 -2 3 -3 5 6 7 10 9 13 12 -12 -1 -8
right_child=1 2 -4 -5 -6 -7 8 -9 -10 -11 11 -13 -14 -15
leaf_value=0.0096632377910505201 -0.019573808658488154 0.016678446850736949 0.012136145790336993 -0.02023047510980705 0.0016262842254547228 -0.02513124300765724 0.0086769027778382402 -0.013548387409028809 -0.02635155374957935 0.027026260296845614 0.00020132392278609222 0.045442139251727964 -0.033564589631899719 -0.013774581970178014
leaf_weight=34.38012299593538 57.281843513250351 6.6985332239419213 48.761873782612383 27.984026242047548 1485.4412516830489 47.348351761698723 140.12584583088756 213.90844330564141 20.554428401403129 50.86158412322402 17.061782170087099 23.065673707984388 10.512108364142476 41.639409232884645
leaf_count=589 845 89 577 338 20732 880 1885 3435 434 622 231 309 140 687
internal_value=-0.000136075 -0.00712843 0.00203849 -0.0118987 0.00035182 -0.0027936 -0.000669587 -0.00600855 0.00562835 0.00894905 0.0126604 0.0283598 -0.00280841 0.00330257
internal_weight=2225.63 140.726 83.4444 34.6826 2084.9 599.458 552.109 298.928 253.181 232.627 85.0197 40.1275 44.8922 181.765
internal_count=31793 1849 1004 427 29944 9212 8332 4704 3628 3194 1269 540 729 2572
is_linear=0
shrinkage=0.05


Tree=221
num_leaves=15
num_cat=0
split_feature=36 35 39 36 35 33 40 37 39 37 36 35 35 7
split_gain=3.82184 12.4892 8.40031 6.47297 5.92523 7.25987 8.21926 10.2902 8.00868 7.65753 7.56813 8.94538 6.44882 6.04109
threshold=-0.0052034644451917069 -0.028583622949820194 0.0038769376230280489 -0.0050947092998248058 -0.023150700314426894 0.033955955263461325 1.0000000180025095e-35 0.0024442116493876846 0.0023729402593236095 -0.0082696705766192573 0.013307880894562809 0.022544656965822089 -0.012418798317051892 2.8182494824213706
decision_type=2 2 2 2 2 2 2 2 2 2 2 2 2 10
left_child=-1 2 -2 -3 -5 12 8 10 9 -7 11 -8 -6 -10
right_child=1 3 -4 4 5 6 7 -9 13 -11 -12 -13 -14 -15
leaf_value=-0.0029306883361535645 0.053931634219749836 0.036234018310125023 -0.010709075901307603 -0.022086236022160186 0.034353987936962767 0.03036704836490748 0.012278822037418815 0.00051799267511305953 -0.016271763719216813 -0.0011953837522778829 -0.020854439542238801 0.054828572148287825 -0.0065557844567198341 -0.00021758313615370729
leaf_weight=672.99279200937599 13.335633674636485 7.9365960583090773 4.9331007953733197 22.992978747934103 24.68175439722836 18.619584407657385 164.96644157171249 907.17331980634481 165.32599249482155 101.28069088421762 10.877668613567947 9.1212341058999282 12.189383643679319 89.53853720985353
leaf_count=10488 159 114 69 392 303 235 1933 13146 2201 1276 181 115 167 1053
internal_value=0.000203384 0.00156661 0.0379263 0.00101203 0.000711262 0.00113188 0.000544024 0.00273677 -0.00579797 0.00472546 0.0133188 0.0159767 0.0216616 -0.0107443
internal_weight=2225.97 1552.97 18.2687 1534.7 1526.77 1503.77 1466.9 1092.14 374.765 119.9 184.965 174.088 36.8711 254.865
internal_count=31832 21344 228 21116 21002 20610 20140 15375 4765 1511 2229 2048 470 3254
is_linear=0
shrinkage=0.05


Tree=222
num_leaves=15
num_cat=0
split_feature=8 5 5 32 32 37 5 27 14 24 5 32 27 13
split_gain=2.85386 4.91278 4.08864 5.19122 8.7913 6.19347 7.05124 5.11418 4.54591 6.70974 6.36694 7.37806 5.19015 4.512
threshold=1.0228168594049272 -0.23677294581624966 0.070694707635701973 0.026088929219600727 0.023715785526809152 -0.0064100540186691748 -0.013351542744880871 17.500000000000004 0.88440709745451374 0.022362985043170591 -0.048555671870495969 0.050933932895191984 18.500000000000004 0.012849464899445299
decision_type=2 2 2 2 2 2 2 2 2 2 2 2 2 2
left_child=2 -2 3 4 5 6 -1 -4 -5 -10 11 -11 -13 -9
right_child=1 -3 7 8 -6 -7 -8 13 9 10 -12 12 -14 -15
leaf_value=-0.014473788233500868 0.034158218897976891 0.0014028399478316685 0.0078046543326781327 -0.0073451823590710771 0.035071108761855818 0.025056111809597915 0.025657252587852866 0.0088956989354940924 0.010381869915087709 -0.017114001646011696 -0.010548540523409939 0.0022965523945495752 0.024020883549460248 -0.018677114840110962
leaf_weight=53.627107732929289 6.6166140697896472 862.19907863950357 190.38395141530782 531.19971080776304 17.780135178938508 13.828853810206054 8.6974348630756122 19.656422132626176 102.95554961264133 33.499685069546103 174.02597659174353 122.01264887116849 30.989323113113642 35.46062735747546
leaf_count=948 72 12237 2557 8014 206 189 121 261 1407 556 2475 1671 416 515
internal_value=-0.000377449 0.00184632 -0.00182712 -0.00314121 0.00781924 -0.000312247 -0.0073839 0.0039463 -0.0042102 -0.000577138 -0.0038059 0.00259686 0.00731755 -0.00892179
internal_weight=2202.93 868.816 1334.12 1088.62 93.9335 76.1534 62.3245 245.501 994.683 463.483 360.528 186.502 153.002 55.117
internal_count=31645 12309 19336 16003 1464 1258 1069 3333 14539 6525 5118 2643 2087 776
is_linear=0
shrinkage=0.05


Tree=223
num_leaves=15
num_cat=0
split_feature=37 37 7 41 21 34 37 37 38 28 33 14 33 28
split_gain=2.77465 5.21044 6.39773 4.85436 3.02153 2.84705 6.00952 3.60586 7.81199 7.10383 4.45904 4.60134 4.4305 6.22375
threshold=0.055498251672459926 0.049001476752028934 3.3652547984088002 0.012245824651604733 0.014583333333333335 0.08684685036551 0.038857049345527812 0.036925404136524016 2.7240510493499221 1.0000000180025095e-35 0.97156334231805941 0.91406347333878901 0.95872028627417583 2.5000000000000004
decision_type=2 2 10 2 8 2 2 2 2 2 2 2 2 2
left_child=1 4 3 -3 -1 7 -7 10 -9 -10 12 -12 -6 -14
right_child=-2 2 -4 -5 5 6 -8 8 9 -11 11 -13 13 -15
leaf_value=0.021353723767513856 -0.013406173856352606 0.047258103295218651 -0.0092399142466908848 -0.0027829285770802712 -0.00044273938193551657 -0.010863975858113179 0.037971940396786752 -0.020604400730284432 -0.025993808261393105 0.028254098559365049 -0.027238408082627164 0.00056147669813102206 -0.0099980581096777155 0.026761993841154248
leaf_weight=10.652195688337086 35.711197145283222 12.563428646884864 10.693638814613221 5.9599586371332398 1947.0512335109524 8.3730765394866484 8.8378994707018119 54.488989092409611 4.1660248311236527 15.094179317355154 26.126951021142304 28.146150046959519 14.173892696388064 28.994548123329878
leaf_count=138 646 160 169 102 27571 119 142 740 103 195 519 426 236 431
internal_value=-0.000473168 -0.000230596 0.0191281 0.033988 -0.000537993 -0.000696821 0.0171162 -0.00088152 -0.0113811 0.0135812 -0.000475936 -0.0139901 -7.327e-05 0.0149073
internal_weight=2211.03 2175.32 29.217 18.5234 2146.11 2135.45 17.211 2118.24 73.7492 19.2602 2044.49 54.2731 1990.22 43.1684
internal_count=31697 31051 431 262 30620 30482 261 30221 1038 298 29183 945 28238 667
is_linear=0
shrinkage=0.05


Tree=224
num_leaves=15
num_cat=0
split_feature=38 35 32 41 1 10 18 39 33 39 37 23 33 39
split_gain=3.10666 2.68426 5.80093 7.09007 2.8657 8.12714 4.20397 3.26857 10.5493 10.026 9.95911 9.72969 7.15871 8.976
threshold=3.6579253656295738 0.038916304646571871 0.95292516145371675 0.013589940871180818 0.048782041125722715 0.5754069317363173 0.21790344372053924 0.0027162130978013988 0.96135175504107562 0.0030475271591457148 -0.011874836926434594 -0.0019822233846599753 0.88932633420822405 0.0025797172387320181
decision_type=2 2 2 2 2 2 2 2 2 2 2 2 2 2
left_child=1 4 3 -3 7 6 -6 8 12 10 -9 -12 13 -1
right_child=-2 2 -4 -5 5 -7 -8 9 -10 -11 11 -13 -14 -15
leaf_value=-0.0010853362913559859 0.021566115237752995 -0.015269863363776937 -0.027976561246713567 0.041294318583509321 0.026297543748002812 -0.012994385961584184 -0.0090166551337417019 -0.037361070320771621 -0.027359171450617049 -0.00023340372528940926 0.0078197501806449004 -0.018987217605128413 0.01639550164471916 0.018474180393535863
leaf_weight=425.50649796333164 11.385178690776227 8.8427061252295953 19.968587065581232 4.583745169453322 41.018246974796057 23.442765412852168 7.7004057541489592 29.485450621694326 22.966746223159134 1336.0178618459031 59.281800772063434 67.838023667223752 93.489562864415348 62.95162168610841
leaf_count=5577 168 189 420 78 467 270 96 502 480 19466 784 1071 1307 829
internal_value=-0.000125583 -0.000286262 -0.0133912 0.0100062 -5.42306e-05 0.00940957 0.0203961 -0.000401415 0.0026852 -0.00165712 -0.01342 -0.00666307 0.00409388 0.00159711
internal_weight=2214.48 2203.09 33.395 13.4265 2169.7 72.1614 48.7187 2097.54 604.914 1492.62 156.605 127.12 581.948 488.458
internal_count=31704 31536 687 267 30849 833 563 30016 8193 21823 2357 1855 7713 6406
is_linear=0
shrinkage=0.05


Tree=225
num_leaves=15
num_cat=0
split_feature=34 39 39 33 35 33 35 35 39 14 39 36 41 41
split_gain=3.40355 10.0859 8.95708 9.60861 6.71315 13.9617 10.0562 9.67959 10.9516 10.3497 8.71173 8.14192 7.47456 6.87482
threshold=0.03754243166571803 0.0018082428568711455 0.0032454974387501495 0.95109995217599241 0.018916326234903084 0.92796396396396408 0.017401574911039556 0.021276595744680885 0.0038440495181889241 1.4452829693336247 0.0025478838711752894 0.011589679909167596 0.01683975561569612 0.0042795919019733572
decision_type=2 2 2 2 2 2 2 2 2 2 2 2 2 2
left_child=4 -2 -3 -4 6 7 12 8 10 -9 -6 -7 -1 -11
right_child=1 2 3 -5 5 11 -8 9 -10 13 -12 -13 -14 -15
leaf_value=-0.00077609987054508712 0.028363056382001609 -0.022234017198718599 -0.015079513393737904 0.0055786284704471695 -0.0049546625189602969 -0.0078196787145785578 -0.027080561502767938 -0.0077506996127191868 -0.0027359815812133806 0.050625172458340209 0.064491662544076081 0.052814956614316337 0.011176158771989261 -0.0115571443643797
leaf_weight=1546.7823234787211 16.532434068620205 69.282937524840236 85.119156024418771 145.33982421178371 5.1447135508060482 5.6050507016479996 29.387696627527475 121.46818114956841 19.034083748236299 8.7798428647220117 12.839659489691256 20.027035987004638 137.84871111065149 4.2438991479575625
leaf_count=21681 263 1164 1279 2258 74 92 437 1956 275 124 195 252 1751 69
internal_value=-9.68907e-05 -0.00485923 -0.00712692 -0.00220957 0.000701842 0.00931976 -0.000313595 0.00365444 0.0246199 -0.00279187 0.0478693 0.0404437 0.000232099 0.0327775
internal_weight=2227.44 316.274 299.742 230.459 1911.16 197.142 1714.02 171.51 37.0185 134.492 17.9844 25.6321 1684.63 13.0237
internal_count=31870 4964 4701 3537 26906 3037 23869 2693 544 2149 269 344 23432 193
is_linear=0
shrinkage=0.05


Tree=226
num_leaves=15
num_cat=0
split_feature=37 5 10 20 38 28 38 27 36 37 32 41 44 36
split_gain=3.32191 4.53745 3.18502 3.07725 4.62094 6.87137 6.78806 6.36083 6.82933 6.05146 7.11181 9.05277 6.91327 6.06982
threshold=-0.068628324984787034 -0.16669307976756473 0.69061662172968552 10.528430037740474 1.9642410337103478 5.5000000000000009 1.4744824332723911 21.500000000000004 0.013619028819564895 -0.0041499227829674959 0.35588265202359165 -0.013896630623957127 0.93962624392501748 -0.00018058561141565119
decision_type=2 2 2 2 2 2 2 2 2 2 2 2 2 2
left_child=1 -1 3 4 5 6 -2 -6 -9 -7 11 13 -13 -11
right_child=2 -3 -4 -5 7 9 -8 8 -10 10 -12 12 -14 -15
leaf_value=0.044304055346377089 0.0034768146476286464 -0.0088742521185517977 -0.010657902312491346 -0.0024997309919096264 0.0043541248352614789 -0.022827688106536553 -0.008157503821284549 -0.0055286037317104596 0.042039053299904178 -0.026730683328536599 -0.010048175171673229 0.053390676480855562 -0.0069418749515362671 0.023651805125536635
leaf_weight=4.6020970875397325 810.00310780573636 4.4989058859646303 64.894613765180111 706.7703426158987 277.33503564307466 50.001748192124069 143.31277226563543 9.5067777317017335 18.794875486753881 11.474352909252049 87.490374303422868 11.381665602326395 5.217119710519909 4.769660133868455
leaf_count=44 11086 83 881 10517 4126 931 2002 124 283 203 1205 147 63 58
internal_value=-1.72575e-07 0.0241909 -0.000154808 0.000188426 0.00152178 2.94441e-05 0.00169438 0.00691945 0.0276296 -0.00907133 -0.00267254 0.0157071 0.0372105 -0.00985222
internal_weight=2210.05 9.101 2200.95 2136.06 1429.29 1123.65 953.316 305.637 28.3017 170.335 120.333 32.8428 16.5988 16.244
internal_count=31753 127 31626 30745 20228 15695 13088 4533 407 2607 1676 471 210 261
is_linear=0
shrinkage=0.05


Tree=227
num_leaves=15
num_cat=0
split_feature=20 33 38 34 44 37 32 28 38 16 28 9 8 41
split_gain=3.35354 5.85981 7.64784 7.24409 5.85167 5.77116 5.08271 4.21966 4.20854 4.32005 4.1423 3.96328 3.75351 5.34598
threshold=0.75562622186882933 0.94324282865470177 1.7904613357414594 0.033001984421534521 0.84838035527690714 0.0042194310741279226 0.90614513422818799 2.5000000000000004 3.4253440177336052 0.40377311695394486 4.5000000000000009 5.8714565347241807 3.2219612262176729 0.013589940871180818
decision_type=2 2 2 2 2 2 2 2 2 8 2 2 2 2
left_child=1 3 5 4 8 -3 -5 -4 9 -1 -9 12 -2 -14
right_child=11 2 7 6 -6 -7 -8 10 -10 -11 -12 -13 13 -15
leaf_value=-0.0065672455127438511 0.0009089294710820005 0.0319207377665464 -0.00092530873946745505 0.0031337504530252213 -0.01040616978738087 -0.012806631539760758 -0.033008733196714324 0.047737949218255034 -0.020726568129198708 0.027672392670379499 0.0011120761264529755 0.015342119764465326 -0.013636653010154052 0.010833674035560015
leaf_weight=11.033698037266729 1784.9404580038972 3.5935613177716723 11.881818775087597 11.425806492567061 91.91973036993295 44.196876615285873 39.212513037025928 12.742713388055565 4.3552328106015912 24.4184296913445 6.8443132210522881 40.028575845994055 91.618356868624687 24.936704257503152
leaf_count=163 25796 44 188 180 1125 739 615 193 73 327 105 514 1288 321
internal_value=-3.99672e-05 -0.0052988 0.00580136 -0.0101492 -0.00361073 -0.0067386 -0.0253049 0.0231582 0.011491 0.0175215 0.0349848 0.000680463 0.000332392 -0.008171
internal_weight=2203.15 261.625 79.2593 182.365 131.727 47.7904 50.6383 31.4688 39.8074 35.4521 19.587 1941.52 1901.5 116.555
internal_count=31671 3752 1269 2483 1688 783 795 486 563 490 298 27919 27405 1609
is_linear=0
shrinkage=0.05


Tree=228
num_leaves=15
num_cat=0
split_feature=20 28 38 28 33 33 33 33 39 5 38 28 23 0
split_gain=4.19201 4.24756 6.06983 12.5836 11.3 9.97092 8.36373 13.2168 13.2985 7.82073 6.92809 6.75693 10.677 8.51762
threshold=0.75562622186882933 1.5000000000000002 0.27266902786743819 1.0000000180025095e-35 0.91726730619652586 0.025642898889538284 0.023811023622047248 0.14017543859649126 0.0049004454408696921 -0.034270239811897134 -2.6025961158895181 1.0000000180025095e-35 0.00020678369914317599 0.024450908521174045
decision_type=2 2 2 2 2 2 2 2 2 2 2 2 2 2
left_child=-1 2 3 6 11 9 -2 8 10 -5 -8 -4 13 -13
right_child=1 -3 4 5 -6 -7 7 -9 -10 -11 -12 12 -14 -15
leaf_value=-0.0060382878059073164 -0.024168631067993718 0.0021424600380424356 0.0014888052307376457 -0.017117441404682954 -0.012634855756645802 -0.022447828031304733 0.003959256287666052 -0.011046129933648598 -0.020934765313066237 0.048213685798916626 0.03872597326280864 0.042742052344799622 -0.0077365330597359179 -0.0057690047222783945
leaf_weight=259.11640672478825 21.256074123084545 1393.4838338037953 106.96156010124832 4.7370721716433764 78.686946767382324 128.15732666477561 21.982148123905063 57.984685746021569 13.165890964679418 5.2923888117074949 44.113255338743329 38.38961290102452 20.556331896223128 10.05045209545642
leaf_count=3763 439 19387 1644 71 1393 1980 307 849 269 72 618 490 283 135
internal_value=-0.000127045 0.000673999 -0.0030234 -0.00782712 0.0026164 -0.0185739 0.0018237 0.00655732 0.0193267 0.0219276 0.0282548 0.00959729 0.0212175 0.0330788
internal_weight=2203.93 1944.82 551.334 296.689 254.645 138.187 158.502 137.246 79.2613 10.0295 66.0954 175.958 68.9964 48.4401
internal_count=31700 27937 8550 4605 3945 2123 2482 2043 1194 143 925 2552 908 625
is_linear=0
shrinkage=0.05


Tree=229
num_leaves=15
num_cat=0
split_feature=31 40 35 36 17 34 41 36 17 27 34 32 38 34
split_gain=2.69431 3.53638 9.46749 9.43542 13.4627 8.72929 9.26102 5.12744 9.42535 10.0054 6.91967 7.66406 8.78279 6.8919
threshold=0.59092179397238642 1.0000000180025095e-35 -0.0097783613914085837 -0.0041913587084869688 -2.008323323466751 -0.029168619279224369 -0.007669323269454408 -0.0072875296585639395 -2.1176962796405081 12.500000000000002 -0.03182449684665669 0.10726270373921382 -2.8301304463335089 -0.035832009941750224
decision_type=2 2 2 2 2 2 2 2 2 2 2 2 2 2
left_child=1 2 3 7 5 -5 -7 10 -9 -10 13 -12 -13 -1
right_child=-2 -3 -4 4 -6 6 -8 8 9 -11 11 12 -14 -15
leaf_value=-0.00056098209476614731 -0.0026378178263788436 0.0034293541707443153 -0.0090623393376565806 0.046025645746163149 -0.0058383905868728252 -0.01632067049310653 0.035571750391110685 -0.024130860907689851 0.030517105354082821 -0.018253374824396363 0.021025290605358023 -0.035911806734192718 0.0067068347838895974 -0.029814562099703863
leaf_weight=159.73629969079047 625.77916895551607 844.94709902303293 252.49770085327327 32.638510715216398 39.921676304191351 15.445333637297155 10.046243498101829 50.295780858024955 17.750122742727399 15.046207576990126 72.737618657760322 10.206560337916015 54.236934905871749 18.071402453817427
leaf_count=2854 9403 11770 3139 427 525 198 142 726 224 225 894 203 785 349
internal_value=0.000129638 0.00122124 -0.00127719 0.00273581 0.016221 0.0306332 0.00660968 -0.000745762 -0.0114196 0.00868754 0.00220438 0.010449 -0.00214279 -0.0042683
internal_weight=2219.36 1593.58 748.63 496.133 98.0518 58.1301 25.4916 398.081 83.0921 32.7963 314.989 137.181 64.4435 177.808
internal_count=31864 22461 10691 7552 1292 767 340 6260 1175 449 5085 1882 988 3203
is_linear=0
shrinkage=0.05


Tree=230
num_leaves=15
num_cat=0
split_feature=31 18 32 17 30 2 41 21 44 32 10 32 31 23
split_gain=3.05238 4.60643 5.42401 5.2147 4.77979 4.20931 4.18367 10.2535 4.09654 5.08869 7.57722 4.57677 4.37497 4.30101
threshold=0.59092179397238642 0.13210193691225691 0.9826073805202663 -2.3009671699679131 7.3500000000000005 0.045460071171230861 -0.021869844253247752 0.61115313498066914 0.89966442953020154 0.0739497887148894 0.48666170814462489 0.82559571454959679 -0.34948500216800932 0.0025093974999350625
decision_type=2 2 2 2 2 2 2 10 2 2 2 2 2 2
left_child=1 2 4 -3 6 -5 7 -1 9 -6 13 -10 -12 -11
right_child=-2 3 -4 5 8 -7 -8 -9 11 10 12 -13 -14 -15
leaf_value=0.023352799975801957 -0.0027949897786963664 -0.011172909983226946 0.024981257640927318 0.0033420468476907869 -0.0034332350757439161 -0.0056507634400951448 -0.0033020994750420185 -0.011522190372460946 0.0053357866709805545 0.033271221062149074 -0.015557468332544773 -0.01158370744674329 0.0091805992492301307 0.0097180452968210086
leaf_weight=45.880367267876863 616.08796506933868 116.10342044848949 23.996804152615368 373.7852117922157 50.967644635587931 193.22873633541167 342.39184225723147 31.947326951660216 148.94449289515615 52.400649419985712 16.669976074248552 49.014453851617873 104.61539796646684 37.735788926482201
leaf_count=691 9308 1868 391 5148 853 2550 4912 570 1833 713 224 578 1447 567
internal_value=0.000178553 0.00133757 0.00366947 -0.0017545 0.00295092 0.000254844 -0.000904562 0.00920568 0.00644223 0.0104797 0.0138355 0.000964369 0.00529915 0.0244396
internal_weight=2203.77 1587.68 904.565 683.117 880.568 567.014 420.22 77.8277 460.348 262.389 211.422 197.959 121.285 90.1364
internal_count=31653 22345 12779 9566 12388 7698 6173 1261 6215 3804 2951 2411 1671 1280
is_linear=0
shrinkage=0.05


Tree=231
num_leaves=15
num_cat=0
split_feature=37 39 16 32 20 41 39 39 35 35 37 37 42 39
split_gain=2.51097 7.06697 10.87 10.5646 11.1017 12.4871 8.21077 7.982 7.64547 6.40807 5.47671 4.94148 6.87177 4.66342
threshold=0.018524307567225454 0.0037159571762567403 1.1689477035242912 0.96954236239950531 1.4358630831471773 -0.011192195798358782 0.0026063346928803096 0.0042804379101259405 0.015243170412946984 0.023361878513993021 0.013341446615137921 0.026182018630524165 0.85596610169491538 0.0033589988571782713
decision_type=2 2 8 2 2 2 2 2 2 2 2 2 2 2
left_child=9 2 3 4 13 -6 -7 8 11 -1 -11 -3 -13 -2
right_child=1 7 -4 -5 5 6 -8 -9 -10 10 -12 12 -14 -15
leaf_value=-8.2341608585761108e-05 -0.016489838815995004 -0.017093865761427404 -0.0092020722648326909 -0.009879923518257349 -0.00188586885503742 0.0016962655114987079 0.072405339582423248 0.0038582623607258237 -0.02995641214020699 -0.0044403447043903374 -0.030613073751353949 0.039754445150895705 -0.0076834999167905557 0.025664934542173348
leaf_weight=1673.7712724711746 11.439305000007154 16.204624474048615 30.600920328870416 14.947745358571408 9.4842402786016446 5.0729608628898886 23.782480286434293 276.88774048443884 33.787291738204658 60.595630091615021 26.485204184427857 9.1071772314608115 13.773790745064614 5.9189809523522845
leaf_count=23490 159 224 450 260 134 86 315 4112 567 1098 462 124 180 80
internal_value=6.52549e-05 0.0033728 0.0146663 0.02493 0.0343163 0.0478494 0.0620607 -5.70121e-05 -0.014226 -0.000789057 -0.0136307 0.00122728 0.0149412 0.000409398
internal_weight=2211.86 451.007 101.247 70.6457 55.698 38.3397 28.8554 349.761 72.8729 1760.85 87.0808 39.0856 22.881 17.3583
internal_count=31741 6691 1484 1034 774 535 401 5207 1095 25050 1560 528 304 239
is_linear=0
shrinkage=0.05


Tree=232
num_leaves=15
num_cat=0
split_feature=28 39 22 23 36 35 36 35 39 35 32 4 36 9
split_gain=2.45828 7.87268 6.16684 11.8607 7.05365 6.49046 11.7192 11.835 11.0578 8.92535 8.82333 9.03741 8.36351 7.20947
threshold=2.5000000000000004 0.0096453288455628974 1.0000000180025095e-35 -0.012054849494891271 0.020588314213036533 -0.015494830986493123 -0.016188370435476159 -0.026636390103255688 0.0043325440964272375 -0.012086252116463634 0.051949025487256377 -0.077293033829642407 -0.0071976304565039553 -0.36872832555310842
decision_type=2 2 2 2 2 2 2 2 2 2 2 2 2 2
left_child=1 -1 5 -4 -5 6 8 -8 -2 13 11 12 -9 -7
right_child=2 -3 3 4 -6 9 7 10 -10 -11 -12 -13 -14 -15
leaf_value=-0.0031034721589330628 0.044892259349468194 0.036095666911625898 -0.013618329818434256 0.00032094170539075833 0.0259561008005968 -0.0096367415868814209 -0.026332315225714272 0.017256636770611927 0.0022916284990526135 0.0040549080417442178 -0.01190200092071492 0.037027743247201338 -0.027001019503660403 0.03748598678512724
leaf_weight=929.98196313949302 19.939386207610369 8.0088753281161171 157.48007187899202 742.1776508204639 22.846087709069252 7.6049360781908026 45.904636128805578 20.639910457655787 40.62468068767339 81.480943497270346 49.495183755643666 22.560991149395704 13.300381777808068 43.609079141169786
leaf_count=13920 217 129 2275 10221 329 77 871 284 650 1041 700 329 177 527
internal_value=-0.000645485 -0.00257916 0.000789826 -0.00134784 0.00125006 0.00644081 0.000937863 -0.00650211 0.0186709 0.0148979 0.00288522 0.0157533 -0.00132691 0.0302538
internal_weight=2205.65 937.991 1267.66 922.504 765.024 345.16 212.465 151.901 60.5641 132.695 105.996 56.5013 33.9403 51.214
internal_count=31747 14049 17698 12825 10550 4873 3228 2361 867 1645 1490 790 461 604
is_linear=0
shrinkage=0.05


Tree=233
num_leaves=15
num_cat=0
split_feature=30 30 39 3 21 16 17 4 24 21 39 20 41 17
split_gain=3.20645 4.31104 3.85912 4.67473 3.67512 3.54194 5.18234 3.46802 4.21186 3.62583 3.71084 8.48484 4.17077 3.50199
threshold=8.8500000000000014 13.600000000000003 0.0021940520583577593 -0.020629326018308854 0.34176356589147289 0.31832638447534595 2.6557822936905979 0.066955960143564655 0.037200467797994331 0.78125000000000011 0.0030475271591457148 14.717454929938418 -0.03011101864931395 -2.5036217541910228
decision_type=2 2 2 2 10 8 2 2 2 8 2 2 2 2
left_child=-1 2 3 4 -2 -5 -7 8 9 10 11 -4 -12 -10
right_child=1 -3 7 5 -6 6 -8 -9 13 -11 12 -13 -14 -15
leaf_value=-0.00056591303526575204 -0.020692847178402925 -0.0024297001628554994 -0.015689670166647001 -0.0014843826572623674 0.013844761024483425 0.041567641388275296 0.0032027141260135756 -0.0062068998107728292 -0.0098465427547618431 -0.0095786073954438958 -0.012727200889866667 0.021062556023682396 0.013371773526455284 0.026643161025826881
leaf_weight=1587.7200708603486 9.4752879738807696 193.92440919205546 42.166359986178577 10.196015683934091 11.578373303636907 26.538524348288774 13.444740340113638 61.387089995667338 5.2570750489830962 37.352334174327552 13.231453250162302 18.647569822147489 134.15865036379546 32.692103333771229
leaf_count=23659 116 2522 541 126 155 328 149 809 77 571 194 243 1789 358
internal_value=0.000619739 0.00368504 0.00652967 0.0167577 -0.0026872 0.0244204 0.030457 0.00420792 0.00653152 0.00391584 0.00650464 -0.00367622 0.0106881 0.0210304
internal_weight=2197.77 610.05 416.126 71.2329 21.0537 50.1793 39.9833 344.893 283.506 245.556 208.204 60.8139 147.39 37.9492
internal_count=31637 7978 5456 874 271 603 477 4582 3773 3338 2767 784 1983 435
is_linear=0
shrinkage=0.05


Tree=234
num_leaves=15
num_cat=0
split_feature=43 7 35 15 24 38 38 37 4 37 19 37 38 20
split_gain=3.77127 2.69334 6.79188 7.50701 4.80796 3.26586 11.3655 8.91012 5.41641 4.69243 4.58549 3.68085 3.35913 3.31572
threshold=0.99664429530201348 7.324851551597539 -0.00399840127897677 2.3758624726172148 0.025939381138287348 -2.7266757897863756 -2.8301304463335089 -0.0037531978987943577 -0.034463615420262043 -0.0028631526584040885 0.0085409862045923088 -0.042416239857843312 -2.6833971599531767 14.475258927001887
decision_type=2 10 2 2 2 2 2 2 2 2 2 2 2 2
left_child=1 5 -3 4 -4 6 8 -8 11 10 -10 -1 -7 -13
right_child=-2 2 3 -5 -6 12 7 -9 9 -11 -12 13 -14 -15
leaf_value=-0.021069694398885799 -0.027831771100518626 -0.0087112209026457051 -0.0024281733098374049 0.0014425095092970911 0.039079273292621765 -0.027246428206566684 0.045532170603346099 -0.016270371439969147 0.0040651014911918092 0.018888010668644178 -0.028352791467607441 0.0020534379523750091 -0.00078067885571043213 0.023829486229665731
leaf_weight=5.084360488690435 7.1917303372174493 42.410017879679799 8.1351689454168064 48.93127191439271 28.006375871598721 7.0715556405484667 21.461562534794215 4.7113302461802951 14.432936940342186 6.0903506372123948 28.822676060721278 41.050139335915446 1907.2020088359714 26.867600543424487
leaf_count=126 93 605 90 609 287 130 300 50 197 87 589 627 27523 337
internal_value=-0.000100091 5.41483e-05 0.00696519 0.0148299 0.0305767 -0.000388771 0.00662988 0.0335819 -0.000227883 -0.0123375 -0.0182356 0.00822382 -0.000949173 0.0117111
internal_weight=2197.47 2190.28 127.483 85.0728 36.1415 2062.79 148.521 26.1729 122.348 49.346 43.2556 73.0021 1914.27 67.9177
internal_count=31650 31557 1591 986 377 29966 2313 350 1963 873 786 1090 27653 964
is_linear=0
shrinkage=0.05


Tree=235
num_leaves=15
num_cat=0
split_feature=10 13 12 7 30 18 3 35 2 21 37 39 39 42
split_gain=3.65974 6.42188 3.61199 3.76769 3.0902 3.83206 4.45746 7.67226 5.20622 5.15192 3.90851 3.99662 6.9558 3.96489
threshold=0.63105497477621597 0.013171537442717427 66.213195287637902 4.2308504411338399 8.8500000000000014 0.059369058333154152 -0.02425636418089255 -0.0023716688349294797 -0.015975482592703257 0.82107497387669814 -0.0099004114091116296 0.0039354115544055776 0.0035384611922961826 0.027059182428309948
decision_type=2 2 2 10 2 2 2 2 2 10 2 2 2 2
left_child=4 2 -2 -4 -1 -6 10 8 -8 -10 -7 12 13 -12
right_child=1 -3 3 -5 5 6 7 -9 9 -11 11 -13 -14 -15
leaf_value=-0.00018735548373629437 -0.0062606901553573764 -0.016349013698095879 0.017067270700656795 -0.011970216314752147 -0.01874752973333128 0.0053248867616060708 0.0051709886005358082 0.0034015926164728131 0.034277792336566915 -0.0073385591018662877 0.019747363215163873 -0.024649032371520673 0.030775030740423259 -0.014074249363258601
leaf_weight=1478.8446493353695 63.911644498817623 81.758733781985939 42.336311300285161 10.707287563011048 12.774394309148191 100.26210586354136 40.215121169574559 240.40045267622918 49.674738550558686 6.785224311053752 5.8387346230447283 22.78961630910635 8.5185033455491048 47.82028161175549
leaf_count=22091 888 1042 594 134 129 1578 584 3073 502 91 89 307 96 640
internal_value=0.000350455 -0.00603774 0.00154522 0.0106796 0.00099417 0.00423116 0.0049656 0.00834962 0.0198815 0.0290863 -0.00125015 -0.00887351 -0.00168713 -0.00902452
internal_weight=2212.64 198.714 116.955 53.0436 2013.92 535.079 522.305 337.076 96.6751 56.46 185.229 84.9671 62.1775 53.659
internal_count=31838 2658 1616 728 29180 7089 6960 4250 1177 593 2710 1132 825 729
is_linear=0
shrinkage=0.05


Tree=236
num_leaves=15
num_cat=0
split_feature=8 41 14 38 20 7 4 0 33 41 41 33 2 1
split_gain=3.28256 4.34235 4.16709 4.2282 3.65103 3.41495 3.20693 3.02903 2.8411 10.5942 8.98317 7.39243 7.53304 7.16777
threshold=2.9566436895612749 0.010665510805752511 1.773359147716258 -3.5410475873644534 5.4159624637048838 9.7191442038768603 -0.10157642741215427 0.024450908521174045 0.54018177469504913 0.013589940871180818 0.0077697239014575268 0.46216655823031888 -0.022947269811636358 0.038255092634085781
decision_type=2 2 2 2 2 10 2 2 2 2 2 2 2 2
left_child=5 2 3 -2 7 8 -5 -3 9 10 11 13 -13 -1
right_child=1 4 -4 6 -6 -7 -8 -9 -10 -11 -12 12 -14 -15
leaf_value=0.00082204104292802358 0.017799008059888387 0.0064307999647456749 0.012019352407073771 0.0088739527589917783 0.023896200103536186 0.020685981896476129 -0.016249762228554739 -0.015335484129203832 -0.00097129416289222178 0.034834924175545644 -0.024658334892123598 -0.0087490943519212046 0.029401438229605184 0.023730894349031847
leaf_weight=888.17680207081139 7.0096557158976784 42.074126307852566 16.365714083425701 10.890835762023924 14.151025706902145 17.380039897747338 130.08104666415602 19.225056683644652 925.1615240694955 20.263549566268921 25.631431452929974 15.147708854638038 42.489280115813017 30.531224861741066
leaf_count=13304 125 649 223 159 166 195 1766 264 13251 258 354 228 530 353
internal_value=0.000582473 -0.00487995 -0.00935036 -0.0120293 0.00483352 0.00125985 -0.0140713 -0.0010374 0.00103394 0.00284464 0.00202793 0.00285057 0.019477 0.0017077
internal_weight=2204.58 239.797 164.347 147.982 75.4502 1964.78 140.972 61.2992 1947.4 1022.24 1001.98 976.345 57.637 918.708
internal_count=31825 3352 2273 2050 1079 28473 1925 913 28278 15027 14769 14415 758 13657
is_linear=0
shrinkage=0.05


Tree=237
num_leaves=15
num_cat=0
split_feature=36 23 34 32 32 28 32 31 28 27 38 34 28 32
split_gain=2.72407 10.4426 8.31281 8.78742 9.76217 9.60711 9.44209 6.88185 6.38603 9.42777 8.74642 11.8773 8.7457 6.56299
threshold=-0.0041913587084869688 -0.013658635584740118 -0.025184237553829866 0.028647613838370032 0.053768714506969552 5.5000000000000009 0.064368156259248313 -0.26143937264016875 5.5000000000000009 19.500000000000004 -1.8077516796914905 -0.009894429985293161 1.5000000000000002 0.13855013550135506
decision_type=2 2 2 2 2 2 2 2 2 2 2 2 2 2
left_child=1 2 3 5 -5 -1 -6 -4 9 13 12 -12 -11 -3
right_child=-2 8 7 4 6 -7 -8 -9 -10 10 11 -13 -14 -15
leaf_value=-0.0010650671318526354 0.0012137631646920504 -0.0015838124457019523 -0.0099431760512181909 -0.021730218063513065 0.034920281557809484 0.031402668779231986 -0.0069443895118101676 0.024699897501044937 -0.020531274572953825 -0.014902495227299976 -0.034041660332478477 0.031237318527445102 0.047800665411431596 -0.016076324297174913
leaf_weight=62.331461721099913 1467.2416745251976 192.98985280003399 15.094189008697866 65.064542747102678 14.329526287503539 30.628579994663596 40.467213587835431 64.835229203104973 71.925505925435573 4.7189872656017569 11.678630651906134 7.1478841099888077 18.149296900257468 127.67751390766352
leaf_count=1088 20356 3052 175 1179 178 417 666 799 1356 88 144 101 232 1836
internal_value=-2.57276e-05 -0.00251836 0.00473206 -0.000533223 -0.00931648 0.0106893 0.00600786 0.0179575 -0.00740406 -0.00455445 0.0165632 -0.007903 0.0345093 -0.00751241
internal_weight=2194.28 727.038 292.751 212.821 119.861 92.96 54.7967 79.9294 434.288 362.362 41.6948 18.8265 22.8683 320.667
internal_count=31667 11311 4502 3528 2023 1505 844 974 6809 5453 565 245 320 4888
is_linear=0
shrinkage=0.05


Tree=238
num_leaves=15
num_cat=0
split_feature=0 36 26 32 39 39 27 39 39 32 39 35 32 32
split_gain=2.71724 5.66123 5.411 5.51151 6.08047 9.09792 8.05662 12.6739 12.4616 10.486 9.89649 8.54623 9.15572 10.8898
threshold=-0.005640884279815849 0.00019239243433732958 2.5000000000000004 0.35588265202359165 0.0050366116930271945 0.0036736841119307186 5.5000000000000009 0.002648456274835188 0.0027248845711360112 0.048865768377963505 0.0020821680119241215 -0.027882131225878123 0.16130614352090863 0.23553323768531806
decision_type=2 2 2 2 2 2 2 2 2 2 2 2 2 2
left_child=2 -2 3 4 5 6 7 10 11 -9 -1 -8 -13 -14
right_child=1 -3 -4 -5 -6 -7 8 9 -10 -11 -12 12 13 -15
leaf_value=0.020205845080894274 0.0064884317095928075 -0.00036552440563226572 0.0080426385493000459 -0.014965459508442542 -0.012529460970262616 0.0088111734620940421 0.030890522418373579 -0.019400528944278687 -0.022524104403468789 0.042992393593357554 -0.02540021475350239 -0.013281798181967567 0.036095979178777139 -0.017374650078791246
leaf_weight=14.492189027369021 432.02832231391221 968.35451730014756 112.54962559696287 87.061137937940657 103.13061433006078 195.36762928310782 15.202891618944703 5.4735998697578934 97.668027807027102 25.701661974191666 26.677613884210587 79.027047510258853 19.93380370549858 11.569777464494107
leaf_count=200 5443 13733 1766 1322 1881 3101 230 82 1636 307 383 1188 291 169
internal_value=0.000441886 0.00176453 -0.00188774 -0.00357485 -0.0017951 0.000562602 -0.00494223 0.0091277 -0.00959863 0.0308704 -0.00889677 0.000919149 -0.00436174 0.0167687
internal_weight=2194.24 1400.38 793.856 681.306 594.245 491.114 295.747 72.3451 223.402 31.1753 41.1698 125.734 110.531 31.5036
internal_count=31732 19176 12556 10790 9468 7587 4486 972 3514 389 583 1878 1648 460
is_linear=0
shrinkage=0.05


Tree=239
num_leaves=15
num_cat=0
split_feature=23 4 17 28 39 27 36 37 36 36 33 39 41 27
split_gain=2.58683 10.0467 5.75958 5.14591 5.18617 5.07341 4.82894 6.73871 6.291 6.86574 7.95541 6.68155 5.41151 7.01712
threshold=-0.0055375154060738332 -0.0058029296343785055 -2.477020673844113 5.5000000000000009 0.0057326640125993531 5.5000000000000009 0.01297477702949479 0.022824334973246877 0.0093852890536684237 0.0049735369431395124 0.73212111372676369 0.0025797172387320181 -0.0023820480945616058 17.500000000000004
decision_type=2 2 2 2 2 2 2 2 2 2 2 2 2 2
left_child=6 2 3 4 -2 -4 8 -8 9 -1 -11 -10 -13 -14
right_child=1 -3 5 -5 -6 -7 7 -9 11 10 -12 12 13 -15
leaf_value=0.0040315541053658659 0.011814708972993207 0.0011367229448188407 -9.6869721669312197e-05 -0.019592756365963873 -0.022279911035495183 -0.021140869956648871 -0.020187123010292424 0.0061432596912347984 -0.018341125257958845 0.0055424169857658957 -0.025239606788792248 0.0017052597318921473 0.05746301997493633 -0.00087030860779666356
leaf_weight=745.19796097278595 61.798097905702889 1012.6365941739641 37.984907855279744 20.37587355542928 8.6308374898508173 112.00498691573739 48.271533865481615 41.32664442807436 5.3061561025679103 36.227890381589532 40.453532226383686 12.350921045988796 14.849431049078705 6.7650836426764718
leaf_count=10604 850 14406 507 345 162 1714 923 623 62 479 609 169 203 110
internal_value=0.000431475 -0.00105898 -0.0101281 -0.000121884 0.0064366 -0.0159865 0.0023917 -0.00835959 0.00355211 0.00254661 -0.0112477 0.0219312 0.0297689 0.0424719
internal_weight=2204.18 1253.43 240.795 90.8048 70.4289 149.99 950.749 89.5982 861.151 821.879 76.6814 39.2716 33.9654 21.6145
internal_count=31766 17984 3578 1357 1012 2221 13782 1546 12236 11692 1088 544 482 313
is_linear=0
shrinkage=0.05


Tree=240
num_leaves=15
num_cat=0
split_feature=4 32 36 17 24 12 19 18 0 34 5 38 39 36
split_gain=2.9642 6.74591 4.94863 4.96656 5.03886 3.72284 2.76358 2.46473 3.29958 5.09483 3.48644 2.45087 14.8495 10.6293
threshold=0.14852627793507747 0.99110953058321483 0.0048422470992396391 2.4487380106358247 0.037200467797994331 74.075396292505147 0.013924340940752945 0.2534564993538822 0.0039937329152004439 0.012774845120106406 -0.22745739816588947 2.4221463455276075 0.005866772813910166 0.025674880820579341
decision_type=2 2 2 2 2 2 2 2 2 2 2 2 2 2
left_child=7 2 5 4 -4 6 -2 11 10 -10 -9 -1 -13 -14
right_child=1 -3 3 -5 -6 -7 -8 8 9 -11 -12 12 13 -15
leaf_value=0.00028631149120752819 -0.007709941684582923 -0.019360684465030167 0.05764304727716868 -0.0019632673727130994 -0.00012324271483988918 -0.012165198565565357 0.024247563091417901 0.0098604733045593185 0.021360419086099341 -0.016165848619395875 -0.028077341975321565 -0.011161694541505993 0.045868829367254227 -0.0025240191650215517
leaf_weight=1833.2485639909282 6.9131930591538575 12.645040969364343 11.138560087420052 7.5083822216838589 4.8999245185405007 16.694773579016328 17.132327520288527 4.9605392049998072 12.509066123515369 13.776515454053877 23.649203444831073 185.47602810431272 16.855669936165214 22.578629343770444
leaf_count=26344 104 225 175 100 56 252 186 67 118 160 356 2875 203 420
internal_value=-0.000254576 0.00907777 0.015665 0.0316847 0.0441598 0.00395458 0.0153141 -0.000614977 -0.0106138 0.00225224 -0.0210111 -0.000323212 -0.00518963 0.0209947
internal_weight=2189.99 76.9322 64.2872 23.5469 16.0385 40.7403 24.0455 2113.05 54.8953 26.2856 28.6097 2058.16 224.91 39.4343
internal_count=31641 1098 873 331 231 542 290 30543 701 278 423 29842 3498 623
is_linear=0
shrinkage=0.05


Tree=241
num_leaves=15
num_cat=0
split_feature=37 39 39 38 41 37 38 33 41 38 5 41 36 39
split_gain=3.5228 8.02396 7.48973 17.387 9.84244 9.53548 8.02839 9.93379 7.94117 6.91664 7.86883 6.6338 6.36649 7.11964
threshold=-0.012318625911437007 0.0036957040200277257 0.0052767383809636239 2.2943448664795976 -0.011867815586514617 -0.010642585183566365 -1.6202905074103706 0.0739497887148894 -0.0073540535048065006 2.4221463455276075 0.0093154553725918205 -0.040823845695574422 0.025674880820579341 0.0059647742080916862
decision_type=2 2 2 2 2 2 2 2 2 2 2 2 2 2
left_child=1 11 5 -4 -5 6 7 -2 -9 -7 -11 -1 13 -6
right_child=2 -3 3 4 12 9 -8 8 -10 10 -12 -13 -14 -15
leaf_value=0.0092777894439809595 -0.015564396633938986 0.00081698299377840696 -0.014280508801816012 -0.025931088067605763 0.00031543245188253729 0.002713351442455205 -0.001635865814358745 0.054631047578144201 -0.0063537676013806985 -0.018747111960776882 0.001942918091778621 -0.016385374756948255 0.0057666895064186399 0.05573207050033633
leaf_weight=26.710921941325068 5.8292253641411653 319.70556841045618 193.12197453156114 7.9334813253954044 8.1320342812687176 1203.5539569919929 24.277986750006676 25.22295518592 5.3061289042234447 80.912893248721957 96.993132629431784 149.38141774013638 29.005919532850385 15.681171175092457
leaf_count=339 104 5301 2917 176 124 16124 331 294 72 1378 1428 2378 474 172
internal_value=-0.00024853 -0.00393394 0.000837256 -0.00699881 0.0154742 0.00223618 0.0208602 0.0342635 0.044629 0.00134643 -0.0077223 -0.0123439 0.0233979 0.0401464
internal_weight=2191.77 495.798 1695.97 253.875 60.7526 1442.1 60.6363 36.3583 30.5291 1381.46 177.906 176.092 52.8191 23.8132
internal_count=31612 8018 23594 3863 946 19731 801 470 366 18930 2806 2717 770 296
is_linear=0
shrinkage=0.05


Tree=242
num_leaves=15
num_cat=0
split_feature=24 9 16 16 24 44 31 24 21 7 8 14 44 7
split_gain=2.77308 4.14776 4.96822 3.28623 3.15611 3.09911 2.39573 3.40058 6.05494 4.37133 5.54333 4.48072 4.43295 5.28178
threshold=0.015548344697628337 0.12088993162413593 0.45141342848965793 0.70390735891228295 0.016729386822638689 0.52741589119541887 0.59092179397238642 0.022362985043170591 0.72430555555555565 2.735494561063136 3.0852981903230243 1.5319954878946889 0.99326591692363519 4.9580339359919838
decision_type=2 2 10 10 2 2 2 2 8 8 2 2 2 10
left_child=1 -1 -3 -4 5 -2 7 8 -6 -9 11 12 -11 -14
right_child=4 2 3 -5 6 -7 -8 9 -10 10 -12 -13 13 -15
leaf_value=0.023708073390161382 0.015582581105448488 -0.022366894749391499 0.029413941324153689 2.2727368324296458e-05 0.008639703245370705 -0.017056726987536335 -0.0030478205956248321 -0.0026153332232805252 -0.012769596468845457 0.0022971206553337119 -0.005784885822977359 0.020709128322816184 0.043511527110277053 0.00026673078087983683
leaf_weight=24.726285210810602 4.5627825316041699 12.453130153939126 8.7645271550863963 30.797608198598027 237.04079383611679 42.675256114453077 559.66167792584747 781.00135984830558 33.725706013850868 273.23386601451784 115.36084751039743 44.348204988054931 9.994869274087252 13.46174228005111
leaf_count=292 75 138 97 352 3322 566 8626 11495 523 3719 1581 585 115 150
internal_value=-0.000228471 0.00880902 0.000268529 0.00910375 -0.000576383 -0.0127143 -0.0002691 0.000768711 0.00578986 -0.000348889 0.00351581 0.00670003 0.00429749 0.0231009
internal_weight=2191.81 76.7416 52.0153 39.5621 2115.07 47.238 2067.83 1508.17 270.766 1237.4 456.4 341.039 296.69 23.4566
internal_count=31636 879 587 449 30757 641 30116 21490 3845 17645 6150 4569 3984 265
is_linear=0
shrinkage=0.05


Tree=243
num_leaves=15
num_cat=0
split_feature=5 39 39 27 41 39 39 37 27 38 16 28 34 20
split_gain=2.46228 8.56872 8.34035 6.80117 8.13769 8.33477 6.75939 6.46524 5.6802 5.03943 5.00687 4.90985 9.51079 4.56547
threshold=-0.13569276141745631 0.0065367221567237234 0.0039788946014328525 17.500000000000004 -0.008221089149886061 0.0034048941301260071 0.0075528172214769738 -0.015052757372577273 14.500000000000002 -1.521783173290356 0.32761647343585149 3.5000000000000004 -0.023734142157258217 21.201874052423488
decision_type=2 2 2 2 2 2 2 2 2 2 10 2 2 2
left_child=1 2 3 4 5 7 -3 -1 -4 -9 -8 12 -10 -6
right_child=-2 6 8 -5 13 -7 10 9 11 -11 -12 -13 -14 -15
leaf_value=-0.028319286473612922 0.00089107469043206281 0.0358904057273354 -0.0283019717856294 -0.017717771256759173 -0.021997282525939549 0.035504908271882192 0.023330336295551826 0.027462911571076783 -0.037595467697271456 -0.0077534201954699419 -0.021908649204450736 0.013816006328806153 0.011299946151127907 0.010348964200660015
leaf_weight=8.5199026800692064 1919.6239217198454 17.3232381939888 54.285198246128857 32.918377576395869 24.963456633500755 27.660810440778732 5.1123493341729036 17.264604783616956 16.467650811187927 15.489796362817289 10.836916026659308 17.967155219987035 15.189246240071951 13.422678603790699
leaf_count=162 27640 180 913 511 357 348 79 205 343 213 186 243 208 174
internal_value=0.00025188 -0.00410851 -0.00742721 0.000613068 0.00677406 0.0166271 0.0180325 0.00150647 -0.0178086 0.0119876 -0.00530047 -0.00478973 -0.0157937 -0.0107974
internal_weight=2197.05 277.421 244.149 140.24 107.321 68.9351 33.2725 41.2743 103.909 32.7544 15.9493 49.6241 31.6569 38.3861
internal_count=31762 4122 3677 1970 1459 928 445 580 1707 418 265 794 551 531
is_linear=0
shrinkage=0.05


Tree=244
num_leaves=15
num_cat=0
split_feature=43 7 18 14 33 7 19 5 10 2 41 41 44 32
split_gain=3.01986 2.76124 4.23288 2.99361 5.31897 5.1765 5.25916 4.53443 3.99963 5.11569 4.75303 4.63836 4.20268 5.16159
threshold=0.99664429530201348 0.75510085707798524 0.12643349377942606 0.9884807915341528 0.010256679991584264 2.0220161031757997 0.0070231998771784722 0.13351101284283876 0.47631681325226399 0.021626298589309648 -0.0091846110918060702 -0.018354747802397816 0.96172161172161186 0.9358899082568809
decision_type=2 8 2 2 2 10 2 2 2 2 2 2 2 2
left_child=1 2 -1 4 -3 6 -6 -8 -7 10 11 -10 13 -11
right_child=-2 3 -4 -5 5 8 7 -9 9 12 -12 -13 -14 -15
leaf_value=0.015537900197779118 -0.023947886104847667 0.019962801436518001 -0.0040964226304195982 0.0021609576924310221 0.0081377961188624417 -0.0044580818486173084 -0.00811679123855495 0.0096008307019210329 0.012512628015411115 0.014331853125652355 0.022946917755374194 -0.015346285931694577 -0.0092061769175299495 -0.0075334397985467013
leaf_weight=67.627301320433617 7.5435503199696532 22.836196933872998 41.348258751444519 1024.8360015135258 61.341701924800873 156.72125629568473 492.69019088800997 34.804141941480339 35.679431583732367 65.844429146498442 57.055327690206468 18.702798091806471 69.667348220944405 39.599030203185976
leaf_count=984 96 406 625 14581 785 2326 7650 475 538 844 745 280 772 622
internal_value=0.000518757 0.000657472 0.00823522 0.000241617 -0.00162435 -0.00219592 -0.00524997 -0.00686861 0.00187435 0.0053548 0.0134771 0.00244613 -4.47112e-05 0.00615109
internal_weight=2196.3 2188.75 108.976 2079.78 1054.94 1032.11 588.836 527.494 443.27 286.548 111.438 54.3822 175.111 105.443
internal_count=31729 31633 1609 30024 15443 15037 8910 8125 6127 3801 1563 818 2238 1466
is_linear=0
shrinkage=0.05


Tree=245
num_leaves=15
num_cat=0
split_feature=30 33 39 37 28 41 39 34 41 14 44 41 36 28
split_gain=3.20378 2.71313 11.62 11.2352 8.29402 10.3492 9.34645 7.80804 7.49396 5.89192 5.13624 4.62207 6.82222 8.03771
threshold=4.5500000000000016 0.95130420054200548 0.0032908722955549224 0.0035011832809404013 2.5000000000000004 0.019943076988887812 0.006384085797807742 0.054910650095796328 0.032522342791751375 1.3279368494724093 0.864635822262941 0.017079516985028968 8.5913663681158617e-05 5.5000000000000009
decision_type=2 2 2 2 2 2 2 2 2 2 2 2 2 2
left_child=-1 7 3 -3 5 10 9 11 -7 -6 -4 -2 13 -13
right_child=1 2 4 -5 6 8 -8 -9 -10 -11 -12 12 -14 -15
leaf_value=-0.010172068711473907 -0.00079495678741616145 0.031733903282303966 0.027508245700905477 -0.020943624201257026 0.039171340314886512 -0.033650035804032551 -0.015960115800834836 -0.024325616221917375 0.010873249907831808 0.0042502567607943589 -0.0070848650536436998 0.024462056607066067 0.00048451053012234826 -0.022507088894667151
leaf_weight=71.09323803614825 1677.5517883035354 7.667735442519187 27.899779267609119 52.311066593974829 47.569229312241077 21.249229026958346 9.4185858275741321 28.300868906080723 11.714829722419379 17.399254240095615 13.369256136938928 64.85103677213192 144.07689859718084 6.5015691835433236
leaf_count=1027 24024 98 447 1002 649 345 144 449 209 278 197 784 2026 93
internal_value=-9.07862e-05 0.000268752 0.00561478 -0.0122856 0.0130036 0.000925479 0.0242393 -0.000324749 -0.0184791 0.0307911 0.0167471 9.7212e-05 0.00690499 0.0189887
internal_weight=2200.97 2129.88 208.599 59.9788 148.62 74.2331 74.3871 1921.28 32.9641 64.9685 41.269 1892.98 215.43 71.3526
internal_count=31772 30745 3369 1100 2269 1198 1071 27376 554 927 644 26927 2903 877
is_linear=0
shrinkage=0.05


Tree=246
num_leaves=15
num_cat=0
split_feature=20 8 18 38 32 32 31 39 22 7 18 24 39 37
split_gain=2.61168 4.41112 2.87775 4.30591 5.2454 4.32887 4.57041 2.84216 3.0046 2.78306 3.03675 3.75517 3.62875 2.84978
threshold=24.557753970008324 -0.182943985509888 0.20817024321958441 -1.2568920146843421 0.013704416388980149 0.053768714506969552 -0.07133375178436574 0.0051635353006247555 1.5000000000000002 0.73730493593109114 0.083816210882488515 0.036032218743665793 0.0020640963622603824 0.049001476752028934
decision_type=2 2 2 2 2 2 2 2 2 8 2 2 2 2
left_child=2 -2 9 4 -4 -5 7 8 -7 10 -1 12 -12 -11
right_child=1 -3 3 5 -6 6 -8 -9 -10 13 11 -13 -14 -15
leaf_value=0.023305476185126101 -0.0047639338678337508 0.021398548193627742 0.0097631907204252036 0.028292161788085357 -0.025938080477577147 -0.0060761064877500144 -0.0097122030278212479 -0.0086845324579306223 0.027551444852685372 -0.0001769390370710067 0.016461729430874934 0.028987861869791118 -0.0085369084703249363 0.011100789035959634
leaf_weight=21.639982956461608 25.657786016352475 32.357514664530754 10.620543221011756 6.6049906853586426 37.746973396278918 7.1451606247574118 86.202995403669775 10.443596594966946 18.03801354765892 1814.7998718768358 15.188484281301497 6.8169594928622237 46.929142948240042 52.79565635509789
leaf_count=286 340 409 159 80 576 87 1131 150 228 26292 200 86 759 889
internal_value=0.000335968 0.010368 3.97705e-05 -0.0059785 -0.0179185 -0.000979032 -0.00361877 0.0105058 0.0185844 0.000597 0.00891899 0.00313211 -0.00165347 0.000170664
internal_weight=2192.99 58.0153 2134.97 176.802 48.3675 128.435 121.83 35.6268 25.1832 1958.17 90.5746 68.9346 62.1176 1867.6
internal_count=31672 749 30923 2411 735 1676 1596 465 315 28512 1331 1045 959 27181
is_linear=0
shrinkage=0.05


Tree=247
num_leaves=15
num_cat=0
split_feature=37 37 39 27 4 17 3 27 16 41 14 0 34 34
split_gain=2.9746 6.27124 4.26913 3.86321 2.80243 5.88251 3.81555 3.2167 2.89657 3.39982 3.00893 2.81498 2.50051 11.247
threshold=0.055498251672459926 0.049001476752028934 0.0064326024525285632 5.5000000000000009 0.13938094904480627 2.4369468802524588 0.037736732469120356 5.5000000000000009 0.099422938994708901 0.0050620833679339847 1.2637645910322821 0.027901006186267122 0.00077474572044156098 -0.00809388926100779
decision_type=2 2 2 2 2 2 2 2 10 2 2 2 2 2
left_child=1 4 -3 -2 12 6 -6 -7 -8 -10 -11 -9 13 -1
right_child=3 2 -4 -5 5 7 8 11 9 10 -12 -13 -14 -15
leaf_value=-0.0011023316920412707 0.012487600473523097 0.0047884465383167332 0.04185329797314221 -0.02157623690303212 0.036184999639754328 -0.02875222388211526 -0.01944860001577323 -0.0096423955549362183 0.033692948966758722 -0.014005585454488753 0.014738773171778852 0.021895459836266857 -0.0022802191078702475 0.012351235223110532
leaf_weight=901.73070184094831 7.5427765883505336 19.525085357949141 9.8092341981828195 27.172892605885863 14.625134802423416 7.6108965035527971 3.8561094701290122 13.662699592299761 8.0613624937832338 11.536886127665641 15.376877429895101 6.4839518778026095 966.92541903024539 182.52172416821122
leaf_count=13669 111 304 126 523 183 91 62 179 113 177 251 79 13610 2236
internal_value=2.53068e-05 0.000273801 0.0214728 -0.0135347 -6.73719e-05 0.0087642 0.0179056 -0.00888644 0.0076785 0.0127278 0.00215335 0.00284305 -0.000437509 0.00120873
internal_weight=2196.44 2161.73 29.3343 34.7157 2132.39 81.2139 53.4564 27.7575 38.8312 34.9751 26.9138 20.1467 2051.18 1084.25
internal_count=31714 31080 430 634 30650 1135 786 349 603 541 428 258 29515 15905
is_linear=0
shrinkage=0.05


Tree=248
num_leaves=15
num_cat=0
split_feature=30 41 41 41 21 21 39 38 26 38 38 34 15 35
split_gain=3.3032 3.97589 7.91891 7.42498 7.37614 6.05654 5.75864 4.7277 6.04028 4.87807 4.69593 5.76436 4.52434 4.25244
threshold=7.2500000000000009 -0.022282291837151299 -0.0025720853268943462 -0.0014339709978078428 0.52788888888888896 0.57795138888888897 0.0075528172214769738 -1.9542955865826201 2.5000000000000004 -0.81647280887477214 -2.2071098490091989 -0.03182449684665669 2.3214111969443665 -0.023150700314426894
decision_type=2 2 2 2 8 8 2 2 2 2 2 2 2 2
left_child=1 5 10 4 -4 13 7 8 -7 -9 11 -3 -12 -1
right_child=-2 2 3 -5 -6 6 -8 9 -10 -11 12 -13 -14 -15
leaf_value=0.001324280670503159 0.0022686401278636157 -0.015031676079557816 0.041400143963041418 -0.00094862354013918306 -0.0069536378142637974 -0.0057602023405825473 0.028338555609203415 -0.02332440970223975 0.027095086019088357 0.0064564581221287333 -0.016551747028231808 0.012979820776274862 -0.00092849267482523774 0.021357557858596426
leaf_weight=47.346525013446808 1112.1095589334145 25.291664022952318 15.965184743516149 503.11879666522145 10.627222085371612 45.629735973663628 8.3123091962188465 45.143521897494793 14.437113567255436 16.420614048838615 181.36649106536061 41.823641517199576 62.497890308499336 57.224961770698428
leaf_count=792 15216 551 212 7408 148 788 133 788 247 244 2714 587 1043 824
internal_value=0.000363068 -0.00160929 -0.00321353 0.000518564 0.0240341 0.00408865 -0.00310503 -0.00628799 0.00361187 -0.0154928 -0.00947825 0.00211367 -0.0126469 0.0127615
internal_weight=2187.32 1075.21 840.691 529.711 26.5924 234.515 129.943 121.631 60.0668 61.5641 310.98 67.1153 243.864 104.571
internal_count=31695 16479 12663 7768 360 3816 2200 2067 1035 1032 4895 1138 3757 1616
is_linear=0
shrinkage=0.05


Tree=249
num_leaves=15
num_cat=0
split_feature=41 4 2 30 27 12 11 41 41 4 36 36 23 17
split_gain=3.03134 3.86653 2.74328 2.77614 2.76335 3.51499 4.42969 2.76149 5.08204 4.39725 3.52598 3.58076 5.09082 3.44917
threshold=0.072703264347917865 0.05613788089932837 0.098311662683360015 4.5500000000000016 1.0000000180025095e-35 69.361435191611577 0.43072766142066399 0.041643517083795663 0.039618598762843467 0.14852627793507747 0.013307880894562809 0.0076583121276280206 0.0081214530611952735 2.4369468802524588
decision_type=2 2 2 2 2 2 2 2 2 2 2 2 2 2
left_child=2 -2 3 -1 5 6 -5 8 9 -6 11 12 -9 -11
right_child=1 -3 -4 4 7 -7 -8 10 -10 13 -12 -13 -14 -15
leaf_value=-0.0093331361972090691 -0.011846931824770174 0.035120159040081221 -0.015251718569572493 -0.0095235686527211753 -0.00010029563532462092 -0.010624261484416836 0.023030363837935768 0.015340481961249409 0.032352853334609126 0.021642874130324972 0.018963139146204021 -0.034495563377873732 -0.016289570445916318 -0.0041118769888186402
leaf_weight=69.16619484545663 3.5973838306963435 8.0306877791881544 24.214953502640128 10.544637696817516 1893.4189037955366 12.155684366822241 40.070020385086536 14.584820926189421 7.4592189434915772 36.462814083322883 5.151177240535616 10.695030691102145 32.665217656642199 16.895326424390078
leaf_count=1008 56 141 360 156 27393 175 542 190 100 503 98 208 551 218
internal_value=0.000129532 0.0213968 -3.30955e-05 0.000173367 0.000511094 0.0104422 0.0160019 0.000177029 0.000520627 0.000316092 -0.00972183 -0.0135756 -0.00599252 0.0138343
internal_weight=2185.11 11.6281 2173.48 2149.27 2080.1 62.7703 50.6147 2017.33 1954.24 1946.78 63.0962 57.9451 47.25 53.3581
internal_count=31699 197 31502 31142 30134 873 698 29261 28214 28114 1047 949 741 721
is_linear=0
shrinkage=0.05


Tree=250
num_leaves=15
num_cat=0
split_feature=18 41 13 32 35 32 41 9 36 38 27 27 21 34
split_gain=2.87026 4.9966 6.44439 5.10177 6.28729 6.66811 6.14605 5.34015 3.9036 4.69936 3.83443 6.32432 3.87632 3.75107
threshold=0.086730590325170984 -0.0023820480945616058 0.012302745731696494 0.94352909912304017 0.0028499837197960014 0.25506779893165327 0.0024226355837310702 -0.28358162661360847 0.003735417485551507 2.0409875022044282 10.500000000000002 1.0000000180025095e-35 0.37152777777777785 0.032008137619186534
decision_type=2 2 2 2 2 2 2 2 2 2 2 2 10 2
left_child=1 2 10 4 5 -3 -5 -6 -9 -10 11 -1 -13 -11
right_child=-2 3 -4 6 7 -7 -8 8 9 13 -12 12 -14 -15
leaf_value=0.016554985181618239 -0.00076541882096990547 0.019283596591105335 0.013747080982106117 0.031861347085423278 -0.012166865331827195 -0.012892411648950511 -0.011708403559042223 0.034221001502629383 -0.0014858320577209982 0.032788794621891895 0.00064083783195174524 -0.028792399441950646 -0.005525457836343923 -0.004451127055970251
leaf_weight=11.481842363253234 1716.4928230801597 21.318308801390231 52.3664540220052 4.7830453328788272 9.0000486653298122 36.485691515728831 43.852129213511944 41.981673460453749 29.600246004760265 25.158214651048183 120.46169480821118 37.056133324280381 36.275192321278155 7.3053555916994801
leaf_count=152 25341 286 752 55 108 460 644 478 396 298 1752 500 532 99
internal_value=0.000189995 0.00359945 -0.00113113 0.00905395 0.0130382 -0.000435306 -0.00485278 0.0196542 0.0228384 0.0131616 -0.00516326 -0.0129837 -0.0183702 0.024933
internal_weight=2193.62 477.126 257.641 219.485 170.85 57.804 48.6352 113.046 104.045 62.0638 205.275 84.8132 73.3313 32.4636
internal_count=31853 6512 3688 2824 2125 746 699 1379 1271 793 2936 1184 1032 397
is_linear=0
shrinkage=0.05


Tree=251
num_leaves=15
num_cat=0
split_feature=33 40 32 32 39 36 0 36 32 38 4 35 23 33
split_gain=2.44343 8.58559 6.76962 5.92426 11.6064 8.23645 6.53378 6.29747 17.7001 8.99729 16.4926 11.0009 8.92547 8.33594
threshold=0.12100874516981901 1.0000000180025095e-35 0.20837467172454044 0.20154833392205349 0.0024888508368777298 -0.0006492166975248791 -0.0023967379834292642 -0.0087974700615043294 0.10726270373921382 -1.1295645632393467 -0.073933905054695423 -0.011891784875478593 -0.019609670555916166 0.17462696292435007
decision_type=2 2 2 2 2 2 2 2 2 2 2 2 2 2
left_child=1 -1 3 4 5 -2 -7 8 13 10 -9 -12 -11 -6
right_child=2 -3 -4 -5 7 6 -8 9 -10 12 11 -13 -14 -15
leaf_value=-0.0011744788968307553 -0.020271100623880135 -0.023218217873254066 -0.00076833996365033058 0.036078538307787927 -0.0044161413586752823 0.044353199263484966 -0.012481865124943906 -0.0099067320782598514 -0.017585865054163343 0.02700318746462024 0.069509354885050237 0.005987215281654865 -0.0085679494624150317 0.035623691920104443
leaf_weight=519.61989839188755 53.611650565639138 43.346246367320418 1327.6299540940672 12.390407551079987 18.328244935721159 5.8176013603806496 6.2973326463252288 12.88704222999513 51.439584135077894 25.122591093182564 21.762133199721571 10.503581039607527 38.43776555173099 32.616492945700884
leaf_count=8527 713 710 18624 146 261 69 74 152 857 288 221 134 499 366
internal_value=-0.000239356 -0.00306122 0.000749591 0.00761225 0.00572064 -0.0120088 0.0197946 0.0113909 0.00227667 0.0194971 0.0354086 0.0524085 0.00643569 0.0221114
internal_weight=2179.81 562.966 1616.84 289.214 276.824 65.7266 12.1149 211.097 102.384 108.713 45.1528 32.2657 63.5604 50.9447
internal_count=31641 9237 22404 3780 3634 856 143 2778 1484 1294 507 355 787 627
is_linear=0
shrinkage=0.05


Tree=252
num_leaves=15
num_cat=0
split_feature=34 33 32 5 36 34 33 32 32 14 36 38 35 38
split_gain=2.21512 5.8781 5.74871 5.91523 5.25688 5.77344 5.59285 9.12138 5.11634 5.25504 8.13566 6.64411 4.98038 10.1476
threshold=0.054910650095796328 0.95130420054200548 0.99209473815773042 -0.0025813140581001921 0.023289357849408224 0.052026319521911842 0.70472994566954317 0.83277404921700238 0.99193495934959353 0.97908736371437877 0.0089803224937696786 1.8968598668807397 0.018916326234903084 2.7503808208297316
decision_type=2 2 2 2 2 2 2 2 2 2 2 2 2 2
left_child=2 -2 4 -4 5 12 7 -6 9 11 -11 -3 -1 -14
right_child=1 8 3 -5 6 -7 -8 -9 -10 10 -12 -13 13 -15
leaf_value=-0.001083120489314115 -0.024974648233306113 0.0086730206973970134 -0.0071654160329918228 0.0420078820762044 -0.019707271807862463 0.024682602823111945 -0.022435322519532078 0.049954204534271525 -0.018968351900951398 -0.0064362757028383778 0.028571839075201912 -0.032039216827872051 0.0014342480987404366 0.029496793146172609
leaf_weight=1769.4518116330728 28.184089695103467 18.210378034971658 7.8549492247402695 10.987523790448902 6.1991877779364568 18.500144055113196 43.744455547071993 3.5550468442961574 25.223393477499485 27.528244826942682 31.688229963183403 13.604033028706906 155.31312591023743 35.835500027984381
leaf_count=24949 456 267 157 149 120 293 808 99 405 446 514 270 2327 538
internal_value=-0.000532887 -0.00641009 -0.000104504 0.024305 -0.000389869 4.66431e-05 -0.0151617 0.0140065 -0.00106514 0.00462492 0.0130635 -0.0107228 -0.000248016 0.00731305
internal_weight=2195.88 144.438 2051.44 18.8425 2032.6 1979.1 53.4987 9.75423 116.254 91.0309 59.2165 31.8144 1960.6 191.149
internal_count=31798 2358 29440 306 29134 28107 1027 219 1902 1497 960 537 27814 2865
is_linear=0
shrinkage=0.05


Tree=253
num_leaves=15
num_cat=0
split_feature=17 36 3 20 39 23 1 41 32 28 32 36 2 24
split_gain=2.99162 5.12364 2.89272 2.48143 2.67243 2.19335 6.40735 6.55358 6.54791 5.12503 4.69026 4.08535 4.99615 4.08042
threshold=3.2658506516070678 0.00057569038295490771 0.039944167971179952 1.3716993622370681 0.0030351883734221828 0.019733805428679311 0.015499248001491829 -0.0015878920383399773 0.9755097960815674 1.0000000180025095e-35 0.99042864993588575 0.0022585248369625392 0.023824644944207666 0.038022117753664521
decision_type=2 2 2 2 2 2 2 2 2 2 2 2 2 2
left_child=5 2 -2 4 -3 -1 9 13 11 -7 -10 12 -9 -8
right_child=1 3 -4 -5 -6 6 7 8 10 -11 -12 -13 -14 -15
leaf_value=0.0008427663248217203 0.024580138203363147 -0.016952363385141399 -0.009173007406571133 -0.021166132235584313 0.017344868449383075 0.014424410028858487 0.021356875883246113 0.025157372066439122 0.020781897577463879 -0.024943415250447298 -0.0050865564455394897 -0.017793294746465731 -0.0072705778101218761 -0.012200129727485892
leaf_weight=1810.4010695847683 10.48564036563039 5.3774175457656366 7.2735112942755213 46.853951237164438 7.6410874370485544 6.5254605179652563 40.619377239607275 9.8940530475229007 31.737305977381766 44.30258308025077 30.468738751485944 75.155143526382744 53.714839024469256 7.8235890585929146
leaf_count=25934 111 67 61 549 98 102 562 138 557 968 505 1181 753 81
internal_value=-0.000181122 -0.009514 0.0117779 -0.0162505 0.0024051 0.000183825 -0.0037382 -0.000304719 -0.00434705 -0.01905 0.00867567 -0.0102837 -0.00076077 0.015303
internal_weight=2188.27 77.6316 17.7592 59.8725 13.0185 2110.64 300.241 249.413 200.97 50.828 62.206 138.764 63.6089 48.443
internal_count=31667 886 172 714 165 30781 4847 3777 3134 1070 1062 2072 891 643
is_linear=0
shrinkage=0.05


Tree=254
num_leaves=15
num_cat=0
split_feature=28 41 35 27 36 5 34 32 23 32 41 24 1 38
split_gain=3.7887 5.4314 10.6571 14.208 9.25386 9.3106 10.4609 8.09359 6.29414 7.46397 6.17065 5.9369 5.8996 6.15568
threshold=2.5000000000000004 0.021602899829638648 0.011504969789075116 9.5000000000000018 0.025674880820579341 0.055913446446717925 0.0086627079550724035 0.9794866400168315 0.0099554491512375849 0.83277404921700238 -0.007669323269454408 0.017605735551303289 -0.038149406970521986 -1.6628062424057655
decision_type=2 2 2 2 2 2 2 2 2 2 2 2 2 2
left_child=1 2 12 7 5 6 -5 -4 9 -8 -7 -3 13 -1
right_child=-2 11 3 4 -6 10 8 -9 -10 -11 -12 -13 -14 -15
leaf_value=-0.0023314753347938315 0.0019445277329700472 0.02412902806096584 -0.013226848151073429 0.0018658494019759585 -0.011411688615669883 0.034991881005412478 0.014351092385245144 0.025621161184154747 0.0038977633107434555 0.058500159702703759 -0.010431568945348468 -0.017736923524418868 -0.006071012521242607 0.029715470471889407
leaf_weight=36.728924042545259 1252.8156649456359 5.075744670815765 79.339225887320936 24.43571182526648 20.591451506596059 4.6350770164281121 17.649557108059525 11.181853691115974 11.178887397050856 37.104474065825343 28.380049192346632 79.063280958682299 554.66809938196093 19.569283682852983
leaf_count=676 17675 79 1200 329 496 66 243 168 179 462 404 1370 8084 238
internal_value=0.000153196 -0.00225845 -0.00101456 0.00794211 0.017473 0.0225503 0.0304728 -0.00733811 0.0401961 0.0466607 -0.000290853 -0.0139995 -0.00448881 0.0103233
internal_weight=2182.42 929.602 845.463 234.496 143.975 123.384 90.3686 90.5211 65.9329 54.754 33.0151 84.139 610.966 56.2982
internal_count=31669 13994 12545 3547 2179 1683 1213 1368 884 705 470 1449 8998 914
is_linear=0
shrinkage=0.05


Tree=255
num_leaves=15
num_cat=0
split_feature=17 35 21 39 7 41 43 23 21 41 39 35 36 0
split_gain=3.04754 6.49681 4.42165 7.24752 4.84314 3.98566 3.94123 4.02548 4.71708 4.68725 4.75806 4.54681 6.43508 5.19973
threshold=2.7958801985827599 -0.0090090090090090818 0.50281746031746044 0.0038167423847617079 8.2627554013039184 0.0055865585412341332 0.33054349348648276 -0.0051540898930415571 0.096527777777777796 0.0038280797820308692 0.0059916418237712593 -0.025388280882427613 -0.0052034644451917069 0.019956135077028207
decision_type=2 2 10 2 10 2 2 2 8 2 2 2 2 2
left_child=6 -2 4 5 -3 -4 7 9 -9 -1 -11 12 -10 -13
right_child=1 2 3 -5 -6 -7 -8 8 11 10 -12 13 -14 -15
leaf_value=-0.0018309774550426792 0.027037914682937793 -0.012104682362896238 -0.024132721417884122 0.02187343893949668 0.017463112604068392 0.0066426716824633707 0.0023986348195222228 0.012608911961381775 -0.0055362600886232974 0.0044586490646572044 0.036501663035444575 -0.015092569812218954 0.042082966267989075 0.019670529577743609
leaf_weight=278.87296210601926 10.414820360019801 184.73687744885683 17.276233997195959 27.907301916740835 10.604864459484814 16.716944057494402 1361.3991139801219 21.373646542429924 23.451386149972681 45.101632979698479 11.465535223484038 165.66300137154758 4.6438030414283267 7.2728045014664522
leaf_count=4156 90 2365 177 372 105 206 20028 307 450 670 160 2495 50 96
internal_value=0.000249887 -0.004698 -0.00647389 0.00487991 -0.0101037 -0.0100871 0.000950332 -0.00257411 -0.00771076 0.000894842 0.0133903 -0.0101247 0.00750337 -0.0131189
internal_weight=2186.9 267.657 257.242 61.9005 195.342 33.9932 1919.24 557.845 222.405 335.44 56.5672 201.031 28.0952 172.936
internal_count=31727 3315 3225 755 2470 383 28412 8384 3398 4986 830 3091 500 2591
is_linear=0
shrinkage=0.05


Tree=256
num_leaves=15
num_cat=0
split_feature=42 11 13 39 33 28 32 32 2 32 37 37 7 36
split_gain=3.35425 3.20457 2.47882 4.22757 4.46719 3.1518 7.73043 3.90734 5.26627 3.83738 7.12171 10.9837 4.3409 4.31321
threshold=0.99664429530201348 0.55468819944086289 0.015201439557747573 0.0069559287838043514 0.99024367028364757 5.5000000000000009 0.032922368242785542 0.71642374490422756 0.032114658934165326 0.027059182428309948 -0.044479677119035825 -0.0078257317422280575 2.3547479624352938 -0.015336465959161215
decision_type=2 2 2 2 2 2 2 2 2 2 2 2 8 2
left_child=2 -2 3 -1 -5 9 -7 -8 -9 10 13 -12 -11 -4
right_child=1 -3 5 4 -6 6 7 8 -10 12 11 -13 -14 -15
leaf_value=-0.00047308589751268184 -0.001853877381279721 -0.0329080657735712 -0.0066803621432297471 -0.024771647266012539 0.016784423770988328 0.018419705699618191 -0.020298967986357174 0.031629030233900235 -0.009665534682695702 0.00084856725086897972 -0.027719440026267018 0.022818317059852242 0.0096821958387454179 0.039483702404541993
leaf_weight=1395.810114340391 20.23417262732983 9.8997535780072194 6.8777384888380766 27.586473250761632 4.338478870689868 21.696884240955114 50.567901340313256 5.7297333516180542 22.681431382894516 274.36493705492467 38.612269485369325 10.097406126558779 279.24161160551012 6.4049553349614126
leaf_count=20721 235 104 147 581 67 305 793 71 356 3749 673 106 3613 73
internal_value=3.71713e-05 -0.0152873 0.000287623 -0.000916557 -0.0176163 0.0026776 -0.00534092 -0.0125764 0.00214944 0.00402143 -0.00736573 -0.0160941 0.00535107 0.0202904
internal_weight=2174.14 30.1339 2144.01 1427.74 31.925 716.275 100.676 78.9791 28.4112 615.599 61.9924 48.7097 553.607 13.2827
internal_count=31594 339 31255 21369 648 9886 1525 1220 427 8361 999 779 7362 220
is_linear=0
shrinkage=0.05


Tree=257
num_leaves=15
num_cat=0
split_feature=8 7 5 35 24 34 30 32 44 23 26 28 34 39
split_gain=3.0967 6.62067 4.63464 3.56344 5.15218 4.79015 3.53977 3.80402 6.95606 3.9408 3.98088 5.33589 5.08384 5.48857
threshold=3.2219612262176729 4.8696415785178013 0.097058543585876525 -0.034244403714352771 0.030624165396846637 0.035857466592616578 4.5500000000000016 0.010256679991584264 0.64310689310689317 -0.043672779771377505 3.5000000000000004 1.0000000180025095e-35 -0.055487256980164205 0.0041169336424687454
decision_type=2 10 2 2 2 2 2 2 2 2 2 2 2 2
left_child=1 6 3 -3 -5 -6 -1 8 -8 -9 12 -12 13 -11
right_child=-2 2 -4 4 5 -7 7 9 -10 10 11 -13 -14 -15
leaf_value=-0.011975047727853204 -0.0052826037915077919 -0.0077623300157313368 -0.0029900512214800275 0.007359273072041506 0.036337785975978219 -0.0067438969266697393 -0.0067653311962881241 -0.015124146388133673 0.028080893346936045 0.00084437439024087841 0.028151259120695826 0.0035562028646487741 0.0006104681843487488 -0.024136139037190297
leaf_weight=52.017233017832041 202.96228214912117 11.168054088950155 41.281768247485161 52.234214086085558 39.915425041690469 5.8842579722404471 22.259720556437969 35.628924494609237 28.425718633458018 42.940130929462612 23.457186087965965 106.68747934419662 1485.5306316544302 39.374691680073738
leaf_count=782 2852 197 520 680 470 73 401 518 415 618 365 1689 21421 812
internal_value=0.00052491 0.00112995 0.0110368 0.0162381 0.0192163 0.0306838 0.000290333 0.000680366 0.013544 0.000266406 0.000632802 0.00886671 -7.66972e-05 -0.0118027
internal_weight=2189.77 1986.81 150.484 109.202 98.0339 45.7997 1836.32 1784.3 50.6854 1733.62 1697.99 130.145 1567.85 82.3148
internal_count=31813 28961 1940 1420 1223 543 27021 26239 816 25423 24905 2054 22851 1430
is_linear=0
shrinkage=0.05


Tree=258
num_leaves=15
num_cat=0
split_feature=21 15 36 27 39 2 18 13 38 24 1 43 9 42
split_gain=2.19216 2.22271 5.44842 5.10788 5.1991 4.60145 3.78019 5.47721 5.58356 5.08347 5.15629 4.19429 4.07806 3.74304
threshold=0.014583333333333335 1.5047645162095142 0.011091004569744546 19.500000000000004 0.0054774236102395268 -0.030871082686674652 0.16668241668241671 0.017985999235216103 1.2285083024280856 0.022362985043170591 0.019928598127665346 0.6637549588037841 0.1380118070217804 0.18552544063851018
decision_type=8 2 2 2 2 2 2 2 2 2 2 2 2 2
left_child=-1 2 5 4 -4 -2 9 8 -8 10 -7 12 -11 -14
right_child=1 -3 3 -5 -6 6 7 -9 -10 11 -12 -13 13 -15
leaf_value=0.019252190271661827 -0.018646421615559679 0.00111116798471551 -0.031024971093120891 0.018934550188761654 0.0044772984741514059 0.021010807838809278 -0.0068105505994248755 0.030407277491303578 0.025843073067211522 -0.0088027209014938674 -0.020561611991741724 -0.013469118451645379 -0.01137632965936706 0.014600815498226442
leaf_weight=10.453949479386209 27.194036595523357 1777.88309983816 35.519519564695656 4.8453959086909881 12.293305698782204 33.099212654866278 44.884609709493816 19.27713970374316 12.778744381852446 55.443104076199234 5.0463933609426013 82.344125103205442 14.097271194681523 53.563832613639534
leaf_count=137 405 26163 567 70 175 458 565 196 186 759 71 1046 196 744
internal_value=0.000486015 0.000352069 -0.00299078 -0.0172269 -0.0223372 -0.0006213 0.00117085 0.01047 0.00191046 -0.00191784 0.0137656 -0.00508766 0.000825571 0.00877805
internal_weight=2188.72 2178.27 400.387 52.6582 47.8128 347.728 320.534 76.9405 57.6634 243.594 38.1456 205.448 123.104 67.6611
internal_count=31738 31601 5438 812 742 4626 4221 947 751 3274 529 2745 1699 940
is_linear=0
shrinkage=0.05


Tree=259
num_leaves=15
num_cat=0
split_feature=9 2 6 7 4 7 9 20 12 14 3 24 34 42
split_gain=2.4021 2.77587 2.49205 4.16 5.47699 3.90084 4.50382 4.17628 4.73331 4.14235 3.78509 3.35981 4.25116 3.70469
threshold=9.0919931254680932 0.039749221363725835 2.4468412270934849 4.7067724920317007 0.13938094904480627 3.8519250898873003 -0.0082278549490289021 6.5976466430580318 67.555547843790478 0.71426098692827955 0.049037284773312047 0.020975832488598179 -0.002397669038834704 0.49609351156686815
decision_type=2 2 2 8 2 10 2 2 2 2 2 2 2 2
left_child=2 -2 3 5 -5 6 7 9 10 -1 11 12 13 -9
right_child=1 -3 -4 4 -6 -7 -8 8 -10 -11 -12 -13 -14 -15
leaf_value=0.02236093937315203 0.03524608496438883 -0.0058034308667306534 -0.0019756619373173293 0.028105115103443948 -0.013951944986713519 -0.016125759787292509 0.0039140212944873756 0.026710790848742033 -0.026905099804953876 -0.00063391544879199627 0.020698800781972677 -0.0083140658485362645 -0.011585201166341659 -0.0063552047002796326
leaf_weight=22.636280115693808 5.0099106375128013 4.9334362670779228 1139.7448209482245 24.304144073277715 7.0676067825406781 27.978543731383979 624.41527642682195 20.375502005219463 20.107250090688467 66.327697456814349 9.8658082503825408 192.57383592240512 17.744971671141684 10.274714149534701
leaf_count=325 61 63 16304 315 100 417 9261 266 328 965 134 2845 252 144
internal_value=-0.000227428 0.0197521 -0.000363336 0.00139843 0.0180148 0.000797472 0.00135757 -0.00307058 -0.00613618 0.0060955 -0.00397802 -0.00538857 0.005941 0.0162895
internal_weight=2193.36 9.94335 2183.42 1043.67 31.3718 1012.3 984.321 359.906 270.942 88.964 250.835 240.969 48.3952 30.6502
internal_count=31780 124 31656 15352 415 14937 14520 5259 3969 1290 3641 3507 662 410
is_linear=0
shrinkage=0.05


Tree=260
num_leaves=15
num_cat=0
split_feature=28 41 39 27 21 37 5 35 39 39 39 39 37 38
split_gain=3.56865 8.43618 8.44612 8.2856 10.5574 7.70847 6.53583 7.98302 6.66602 6.52065 7.38396 9.12861 16.2363 7.82003
threshold=2.5000000000000004 0.021602899829638648 0.0023904752451379394 19.500000000000004 0.52788888888888896 0.049001476752028934 -0.12859886568557907 -0.038393475267780024 0.0049193005963097123 0.0077036550450189289 0.005866772813910166 0.0049336053215082703 0.038857049345527812 1.9906270806838011
decision_type=2 2 2 2 8 2 2 2 2 2 2 2 2 2
left_child=1 3 -3 5 -5 6 -1 8 -8 10 11 12 -2 -12
right_child=9 2 -4 4 -6 -7 7 -9 -10 -11 13 -13 -14 -15
leaf_value=-0.015198225900456575 0.0015993570788537565 0.023214746535373112 -0.022300276384437788 0.026016991725163554 -0.0038107413364305148 0.022266228282008863 0.02769291440602898 -0.0033991414353712942 -0.020490202467380963 -0.019142721619143589 0.0085979582084079968 -0.012869164195007419 0.047791157969072871 0.048119760427746051
leaf_weight=104.13870159070939 1016.1714590233751 7.5340138180181375 76.585662159137428 55.169260190799832 56.322132018394768 24.298730922862887 31.409220274537802 568.75932600814849 5.0822404334321609 31.972381166182458 80.928770165890455 102.00738936755806 14.399701490998266 10.655386354774235
leaf_count=1753 14113 163 1315 700 898 417 418 8309 110 530 1097 1624 226 133
internal_value=-0.000175289 -0.00251698 -0.0171501 -0.000968267 0.0114321 -0.00291725 -0.00392967 -0.00188218 0.0193218 0.00156022 0.00217661 0.00104015 0.00247241 0.0154492
internal_weight=2185.43 929.299 84.1197 845.18 111.491 733.688 709.389 605.251 36.4915 1256.14 1224.16 1132.58 1030.57 91.5842
internal_count=31806 14083 1478 12605 1598 11007 10590 8837 528 17723 17193 15963 14339 1230
is_linear=0
shrinkage=0.05


Tree=261
num_leaves=15
num_cat=0
split_feature=39 27 37 27 39 28 5 37 35 36 9 23 19 9
split_gain=2.4938 4.46628 7.02982 4.74804 3.81114 4.98164 5.32951 3.35079 3.76031 3.74571 5.12239 2.69964 2.62379 2.56101
threshold=0.001356391560087678 14.500000000000002 -0.0033496445155487549 8.5000000000000018 0.0016558931583486218 4.5000000000000009 -0.117713910411382 0.0024442116493876846 0.0074051600143832949 0.0014831621027966426 0.1380118070217804 -0.00039790610945578114 0.01132284979747388 0.3648708416573378
decision_type=2 2 2 2 2 2 2 2 2 2 2 2 2 2
left_child=1 2 -1 -4 5 -2 -7 9 12 10 -8 -5 -9 -6
right_child=4 -3 3 11 13 6 7 8 -10 -11 -12 -13 -14 -15
leaf_value=0.03715613089503806 0.038561165446390454 -0.022297981018469613 -0.019675468797681228 -0.0088077712141141559 -0.0021154191057692743 0.036078816254571447 0.017609456757482801 0.018593556687625808 -0.027856180227078975 0.027283464302302579 -0.018578026180977331 0.024163154704026669 -0.015942001482979175 0.0015313088856364742
leaf_weight=6.0241928920149794 8.7551013976335508 28.672938026487827 24.784719947725534 7.2512963116169002 777.72929351264611 6.911596067249774 13.272719070315363 8.6185268927365559 13.01123292930424 11.73481131531298 16.102533243596554 9.7109547685831767 4.5182478725910178 1245.8055418753065
leaf_count=66 119 368 273 84 11537 77 159 107 180 137 207 109 58 18237
internal_value=0.000240463 -0.00834553 0.00134817 -0.00724051 0.000571076 0.0107619 0.00525229 -0.000192841 -0.0128498 0.00837806 -0.00204423 0.0112719 0.00559509 0.000127959
internal_weight=2182.9 76.4441 47.7712 41.747 2106.46 82.9248 74.1697 67.2581 26.148 41.1101 29.3753 16.9623 13.1368 2023.53
internal_count=31718 900 532 466 30818 1044 925 848 345 503 366 193 165 29774
is_linear=0
shrinkage=0.05


Tree=262
num_leaves=15
num_cat=0
split_feature=0 34 34 35 39 10 32 14 23 37 34 41 14 37
split_gain=2.47285 8.90424 6.70989 5.67805 5.47736 5.25171 4.51 4.38843 4.37747 4.77944 4.0027 8.62276 6.33987 11.6718
threshold=-0.0054249547920433563 -0.035832009941750224 -0.054932566955264377 -0.0020259024204255234 0.0069559287838043514 0.46511854245272793 0.98048734056729503 0.72810196128505 0.024411033830592403 0.030085610979655012 -0.03182449684665669 -0.020031737602005103 0.93175473709129852 -0.010828857134490664
decision_type=2 2 2 2 2 2 2 2 2 2 2 2 2 2
left_child=8 2 -2 5 -3 -4 7 -6 10 -10 11 -1 -12 -14
right_child=1 4 3 -5 6 -7 -8 -9 9 -11 12 -13 13 -15
leaf_value=-0.00093306040404754823 2.369561771809971e-05 0.0011801998387346386 0.0052145849540960335 -0.0071190014021849726 0.01378965781220288 0.04198950527737691 0.010621716923344227 -0.027969538060160188 -0.026078940606883913 0.015604019208999526 -0.0031195102350992415 -0.020384128422094173 0.025642908251575822 -0.00033689017755049038
leaf_weight=274.86945220921189 41.290791994892061 1238.5072010764852 15.033336697146295 9.1239298619329912 4.3536375616677097 33.868839528411627 10.343316618353127 34.658739528153092 27.892168642021716 5.1203431375324717 235.8618614114821 67.05320523865521 63.186855543404818 117.7796704955399
leaf_count=4520 641 16812 207 118 63 407 166 666 660 67 3417 1513 838 1675
internal_value=0.000372458 0.00164304 0.0156935 0.0259575 0.000502997 0.0322167 -0.0150358 -0.0222722 -0.00184996 -0.0184117 -0.00101355 -0.00498635 0.00226579 0.00917986
internal_weight=2178.94 1387.18 99.3169 58.0261 1287.86 48.9022 49.3557 39.0124 791.764 33.0125 758.751 341.923 416.828 180.967
internal_count=31770 19080 1373 732 17707 614 895 729 12690 727 11963 6033 5930 2513
is_linear=0
shrinkage=0.05


Tree=263
num_leaves=15
num_cat=0
split_feature=8 6 39 11 34 1 28 32 36 10 36 12 4 9
split_gain=2.25033 3.94942 4.48088 4.17308 4.04388 6.84041 5.26183 5.22637 5.37217 4.56681 3.49668 6.89746 5.07603 4.39967
threshold=0.42697351917282061 2.2122819339968252 0.0023461645425991427 0.52095371465327844 0.012774845120106406 0.017307888100496552 1.5000000000000002 0.53739576977832015 0.0086098338602321762 0.37805811375263926 0.00019239243433732958 63.37306054617035 0.07144238346946509 1.5961657236185456
decision_type=2 2 2 2 2 2 2 2 2 2 2 2 2 2
left_child=-1 2 3 -2 5 6 9 -7 -9 -4 11 -3 -13 -14
right_child=1 10 4 -5 -6 7 -8 8 -10 -11 -12 12 13 -15
leaf_value=-0.0020138628500359895 0.032686672757121414 -0.00059981044847444084 0.020069770818692313 -0.00075758133088321949 -0.0025131459585080399 0.0020374401005450668 0.0096318523361617909 0.055184276457571228 0.0061152137696347036 -0.021490561020763802 -0.0030768587507292791 0.02020618524997278 0.017615583259994683 -0.011566134977958664
leaf_weight=848.10197292314842 22.789112567901611 386.14914252515882 4.1724938787519958 13.705026250332592 130.69146948587149 15.492489492520688 70.407252781093121 13.252669345587494 10.031342248432336 26.227946932427585 522.74244524724782 77.220090864226222 15.740184053778647 29.253902271389961
leaf_count=12556 316 6024 83 194 1978 184 1035 156 149 448 7222 880 202 374
internal_value=-5.72201e-06 0.00127003 0.0062013 0.0215491 0.00377518 0.00954619 0.00226161 0.0260627 0.0388622 -0.0137573 -0.000219944 0.00271914 0.0128171 -0.000616769
internal_weight=2185.98 1337.88 306.77 36.4941 270.276 139.584 100.808 38.7765 23.284 30.4004 1031.11 508.363 122.214 44.9941
internal_count=31801 19245 4543 510 4033 2055 1566 489 305 531 14702 7480 1456 576
is_linear=0
shrinkage=0.05


Tree=264
num_leaves=15
num_cat=0
split_feature=8 8 17 41 37 28 21 18 30 14 33 44 6 19
split_gain=3.98975 4.05639 3.85331 3.68923 2.89901 5.01718 3.59351 2.84895 2.84143 3.68049 4.63882 4.69497 4.18187 3.65166
threshold=2.9566436895612749 2.5987324697268361 2.8790486968150755 0.060412646879645544 -0.010828857134490664 1.5000000000000002 0.69513888888888897 0.087785088027591593 6.2500000000000009 0.86589070568956394 0.86240703177822864 0.66995145631067976 2.5638406052533305 0.010350908465488889
decision_type=2 2 2 2 2 2 10 2 2 2 2 2 2 2
left_child=1 8 7 4 5 -2 -7 -3 9 -1 11 13 -13 -11
right_child=3 2 -4 -5 -6 6 -8 -9 -10 10 -12 12 -14 -15
leaf_value=-0.0086296539997424964 0.021835843553129383 0.024211376387083317 0.035644093226930122 0.023605462992273285 -0.010226235550178948 0.0072400912370373235 -0.019934277527694399 -0.00076486910892787437 0.0015840463049889061 0.0064736848943085807 -0.009000477943206308 0.017144947861338872 -0.00010337594094234884 -0.01549782688471316
leaf_weight=170.73817067686468 17.148039826191962 10.56897399574518 9.8859442034736258 5.4110171720385543 173.96394867170602 19.618640911765397 20.343885119073093 41.740128650330007 1408.4727629469708 30.182170797139406 84.792712435591966 76.781212698668242 61.514010053128004 37.516927141696215
leaf_count=2751 256 142 114 95 2392 279 336 615 20194 482 1247 1121 923 662
internal_value=0.000148338 0.000903451 0.0129741 -0.00591224 -0.00708877 0.00252212 -0.00727207 0.00595361 0.000468463 -0.00291654 0.000527135 0.0045693 0.00973695 -0.00593077
internal_weight=2168.68 1932.19 62.195 236.486 231.075 57.1106 39.9625 52.3091 1870 461.525 290.787 205.994 138.295 67.6991
internal_count=31609 28251 871 3358 3263 871 615 757 27380 7186 4435 3188 2044 1144
is_linear=0
shrinkage=0.05


Tree=265
num_leaves=15
num_cat=0
split_feature=20 4 3 19 33 34 34 36 4 32 42 32 39 33
split_gain=3.11293 4.46409 5.1474 5.07638 4.80716 3.75415 12.3763 10.1103 5.00562 5.63723 5.02624 5.69637 15.8943 8.18989
threshold=0.97395493101362063 0.12170053884407396 0.074282665040402499 0.013307448011743817 0.35319472616632869 0.02572440558005307 0.021495011052123817 0.0035074426372059269 0.074976441292054399 0.79932885906040274 0.94229740174802312 0.92882472137791294 0.0037861545186720215 0.93090185676392589
decision_type=2 2 2 2 2 2 2 2 2 2 2 2 2 2
left_child=-1 5 3 -3 -5 6 -2 -8 9 -7 11 12 13 -11
right_child=1 2 -4 4 -6 8 7 -9 -10 10 -12 -13 -14 -15
leaf_value=-0.004287859774456935 0.00070916404513574288 0.00022839837858832027 -0.0073538306079723829 -0.0012022109410587906 0.049688209672006385 -0.011208519506045754 0.0054587004425073428 -0.031276361397400587 -0.0093020372626293063 0.053506519329589414 -0.0080275113224914704 0.0055524806449525465 0.0033473331686278821 0.0008628230987881725
leaf_weight=306.05012195091695 1429.6357699139044 13.678495130501686 15.286360982805489 5.7509498959407237 14.878883209079502 30.086709951981902 26.169584045186639 50.996613611932844 44.938895205035806 32.714103125035763 29.349427817389369 126.83502417290583 55.910988921299577 9.3939433600753528
leaf_count=4381 20918 207 229 72 167 384 317 781 709 381 353 2035 754 139
internal_value=0.000348281 0.00111011 0.0152012 0.0249079 0.0380346 0.00068923 -0.000372954 -0.0192442 0.00548344 0.00794102 0.01038 0.012905 0.0216878 0.0431003
internal_weight=2191.68 1885.63 49.5947 34.3083 20.6298 1836.03 1506.8 77.1662 329.229 284.29 254.203 224.854 98.019 42.108
internal_count=31827 27446 675 446 239 26771 22016 1098 4755 4046 3662 3309 1274 520
is_linear=0
shrinkage=0.05


Tree=266
num_leaves=15
num_cat=0
split_feature=2 0 19 12 23 39 36 39 32 39 15 41 44 41
split_gain=2.65027 5.07031 4.63384 4.08747 3.60881 3.57646 3.42107 3.03309 3.29866 4.09907 2.92297 2.72335 2.60646 2.52684
threshold=-0.052260244029158347 -0.0027605258144408613 0.015013885122562345 25.6653248448652 -0.0093369389451735656 0.0027004803966359692 -0.014900730736592148 0.0033858920703690874 0.01709526592635886 0.0041294735289663107 2.2988728586641272 -0.021547012765073727 0.93725393700787418 -0.062687678561342094
decision_type=2 2 2 2 2 2 2 2 2 2 2 2 2 2
left_child=1 2 5 -4 -5 -1 -3 -7 13 11 -11 -10 -12 -9
right_child=-2 6 3 4 -6 7 -8 8 9 10 12 -13 -14 -15
leaf_value=0.013882239976717559 -0.00080112287629222924 -0.0043387598200292843 -0.012546246191800104 0.036957847633555023 0.0019068226744439138 -0.025686135846809593 0.030259672872818062 -0.013896610193537731 -0.0076710692439492748 0.0062684464620055202 -0.030837560693141936 0.022065229244814771 0.0040326136650074024 0.019273022726094088
leaf_weight=18.848879935219884 2003.4485669061542 7.9997683521360186 6.6281215939670792 15.173281172290446 12.445535084232686 14.180420805700122 23.653873406350613 3.7214591521769789 12.462718946859242 7.4239351265132418 23.984521412290636 9.517582790926097 5.2668739324435583 17.466800179332495
leaf_count=319 28757 139 116 182 193 291 315 59 210 135 445 140 94 300
internal_value=-0.00027586 0.0054722 0.00128183 0.016127 0.0238766 -0.00371539 0.0221166 -0.00776598 -0.00325716 -0.00923963 -0.0185849 0.00690786 -0.0248869 0.0119063
internal_weight=2182.22 178.774 147.12 34.2469 27.6188 112.873 31.6536 94.0243 79.8439 58.6556 36.6753 21.9803 29.2514 21.1883
internal_count=31695 2938 2484 491 375 1993 454 1674 1383 1024 674 350 539 359
is_linear=0
shrinkage=0.05


Tree=267
num_leaves=15
num_cat=0
split_feature=41 34 28 36 41 31 11 39 4 41 39 35 36 41
split_gain=2.68779 9.32559 10.2839 8.2903 9.13373 7.10829 6.24266 6.05333 5.98699 6.1715 6.9537 5.51746 5.3516 5.0301
threshold=0.017079516985028968 0.012012810173558599 2.5000000000000004 0.007164997078505487 0.031661574111348852 0.19010562085580304 0.43392597789265047 0.0031048948287349582 0.065825484123351666 0.035791221239001698 0.0024301695347584691 -0.023436339642833783 0.0086098338602321762 0.060412646879645544
decision_type=2 2 2 2 2 2 2 2 2 2 2 2 2 2
left_child=-1 11 8 5 7 6 -4 -5 9 10 -3 -2 -6 -14
right_child=1 2 3 4 12 -7 -8 -9 -10 -11 -12 -13 13 -15
leaf_value=-0.00077994133592564259 -0.0059610721598008232 0.021279471475165294 -0.025620510291137114 0.0050859265113438728 0.034356168923822122 -0.0072842833471860368 0.015291814759693531 0.052092349912507732 -0.025549731768392439 0.024559138462402912 -0.016396438659505835 0.040445089652679692 -0.021224673963640247 0.018960061364366395
leaf_weight=1788.1112545910291 7.0120107401162413 10.992546102963386 5.8592787124216548 10.9007168058306 4.3795679043978479 100.78684110380709 85.734261300414801 20.963532267138362 38.348527723923326 12.476420523598788 52.219130005687475 20.376382738351822 18.550198110751811 7.1031800359487525
leaf_count=25860 79 181 69 169 65 1437 1128 310 691 238 812 254 292 141
internal_value=4.74908e-05 0.00374959 0.00146719 0.0070347 0.022202 0.00171592 0.0114839 0.0388824 -0.0107212 -0.00209041 -0.00876502 0.029478 0.00148083 -0.00882018
internal_weight=2183.81 395.703 368.314 254.278 61.8972 192.38 91.5935 31.8642 114.037 75.6881 63.2117 27.3884 30.0329 25.6534
internal_count=31726 5866 5533 3611 977 2634 1197 479 1922 1231 993 333 498 433
is_linear=0
shrinkage=0.05


Tree=268
num_leaves=15
num_cat=0
split_feature=30 18 35 32 6 6 13 5 38 32 5 4 32 39
split_gain=3.0598 2.59632 3.99646 7.32294 4.86986 3.82662 4.55339 6.91628 6.01527 3.81188 4.16402 3.89242 3.22786 13.054
threshold=4.5500000000000016 0.1765635170440425 -0.020542863206408021 0.03478523895946764 1.7616994657248941 2.2858227689422845 0.017985999235216103 0.18676619393604313 1.3979515415513408 0.99209473815773042 0.082581889456894278 0.043797303072827705 0.95292516145371675 0.0032454974387501495
decision_type=2 2 2 2 2 2 2 2 2 2 2 2 2 2
left_child=-1 9 -3 -4 -5 6 -6 8 -8 12 11 -11 -2 -14
right_child=1 2 3 4 5 -7 7 -9 -10 10 -12 -13 13 -15
leaf_value=-0.0098991524252958676 0.0017902393141680619 -0.013058729601770791 0.028455500351966086 -0.014651414310280565 0.00050002494640170772 -0.0037429024618063447 0.050985154837407315 -0.015660927809987901 -0.0034712556074759705 0.021721231941903424 0.037877099763295091 -0.015268734573330573 -0.024141851494310581 0.0043865068612249473
leaf_weight=67.164569771848619 1526.8936624010094 75.603834970854223 15.401417206972836 59.475777773186564 50.445635194890201 147.60773039236665 13.72733148373664 5.2319488134235135 6.1243611630052319 8.0639197248965555 9.8466073833405954 10.661722351796923 55.737790512852371 114.51252935500816
leaf_count=1017 21999 1270 188 806 739 1874 156 65 74 140 147 185 945 1956
internal_value=0.000225079 0.000571737 -0.00318058 -0.000500445 -0.00254569 0.000931401 0.00973165 0.0251286 0.0368667 0.00139096 0.0180797 0.00188108 0.00105771 -0.00537563
internal_weight=2166.5 2099.33 373.618 298.014 282.613 223.137 75.5293 25.0836 19.8517 1725.72 28.5722 18.7256 1697.14 170.25
internal_count=31561 30544 5172 3902 3714 2908 1034 295 230 25372 472 325 24900 2901
is_linear=0
shrinkage=0.05


Tree=269
num_leaves=15
num_cat=0
split_feature=20 4 24 19 38 5 14 34 38 39 15 39 35 35
split_gain=2.99335 4.09623 5.81495 3.33599 4.66921 8.90447 10.0117 7.69608 7.04194 8.00809 6.73373 5.77932 5.38612 6.18765
threshold=24.557753970008324 -0.099620459193961938 0.029726587119224185 0.014695498045202447 1.9642410337103478 0.0014319525933911283 0.82576430688856151 0.02572440558005307 2.2062777724047375 0.0048624557227649242 1.7281012950176662 0.0045931966221864637 0.021276595744680885 0.018712593448889873
decision_type=2 2 2 2 2 2 2 2 2 2 2 2 2 2
left_child=3 -2 -3 4 12 6 -6 -8 9 -7 11 -10 13 -1
right_child=1 2 -4 -5 5 8 7 -9 10 -11 -12 -13 -14 -15
leaf_value=-0.0021554249673130807 0.026881672995686664 0.014240922528309977 -0.021604678509030584 0.0040785624948789451 -0.021693942258393065 0.037858804748745964 -0.012394541556173871 0.016325113842943145 -0.020767020599893174 -0.0094861172116038339 0.011921081381906423 0.020881782758088257 -0.015945117492177946 0.019641612655515336
leaf_weight=1325.0743667976931 19.491070857271552 24.530373800545931 13.343777509406207 374.7088308557868 51.123992264270782 34.409005025401711 34.077246060594916 53.810839721001685 30.38172802887857 9.3118490921333414 102.90337723214179 6.5153545956127337 64.16807341016829 28.40515744779259
leaf_count=19461 233 335 165 4857 996 438 600 727 423 151 1578 112 1107 469
internal_value=0.000148831 0.010945 0.000565104 -0.000169134 -0.00109284 0.00429399 -0.00515097 0.00512175 0.0113951 0.0278364 0.00546969 -0.0117982 -0.0023292 -0.00162737
internal_weight=2172.26 57.3652 37.8742 2114.89 1740.18 322.533 139.012 87.8881 183.521 43.7209 139.8 36.8971 1417.65 1353.48
internal_count=31652 733 500 30919 26062 5025 2323 1327 2702 589 2113 535 21037 19930
is_linear=0
shrinkage=0.05


Tree=270
num_leaves=15
num_cat=0
split_feature=32 28 41 22 34 39 41 36 32 39 32 35 15 41
split_gain=2.24169 16.2506 8.77866 8.0809 7.66575 8.95106 6.65394 5.88319 5.00631 9.03165 8.85021 6.06409 5.3451 4.29301
threshold=0.026088929219600727 4.5000000000000009 -0.017656818832957857 1.0000000180025095e-35 -0.048896929398537063 0.0034452615849274062 -0.043321649877502609 -0.014202789231759603 0.032922368242785542 0.0039244857059892889 0.03478523895946764 -0.022994371587846171 2.7856353084113574 -0.062687678561342094
decision_type=2 2 2 2 2 2 2 2 2 2 2 2 2 2
left_child=1 3 4 -1 5 6 -3 -7 9 -2 12 -11 -10 -5
right_child=8 2 -4 13 -6 7 -8 -9 10 11 -12 -13 -14 -15
leaf_value=-0.023112004544111248 -0.038067787624843287 0.018799715000911967 -0.016966674780918817 -0.020833366883823576 0.046565777393628202 0.041004595223680058 -0.035186559968209248 -0.0017512217306127462 0.044552952311922217 -0.01632242654641998 -0.00082243550275509173 0.02884876976300918 -0.0073742423715722682 0.019430248827470929
leaf_weight=46.249708600342274 19.289112101309001 5.3126064278185359 10.210257053375242 4.4169539716094759 24.808098273351789 18.077176498249173 9.7419089684262854 11.745574062690141 12.147587485611441 10.908082203008236 1967.6182213509455 9.2001164089888317 5.1989139299839726 20.637437654659152
leaf_count=969 320 104 166 68 290 214 193 188 161 190 28301 132 101 288
internal_value=-0.000398373 0.00537481 0.0202846 -0.0115659 0.0265131 0.0118712 -0.016198 0.0263318 -0.000841752 -0.0174478 -0.000469146 0.00597404 0.0308221 0.0100469
internal_weight=2175.56 151.2 79.8956 71.3041 69.6854 44.8773 15.0545 29.8228 2024.36 39.3973 1984.96 20.1082 17.3465 25.0544
internal_count=31685 2480 1155 1325 989 699 297 402 29205 642 28563 322 262 356
is_linear=0
shrinkage=0.05


Tree=271
num_leaves=15
num_cat=0
split_feature=43 5 43 16 8 20 37 39 39 37 43 34 37 36
split_gain=2.73637 3.53177 3.0473 3.76523 2.82423 2.59134 4.13808 5.60409 7.30891 5.87614 5.60418 5.08346 4.54566 4.11333
threshold=0.02702826096881706 -0.14391153889170324 0.053768714506969552 0.91509148740872914 0.65917663345971833 0.75562622186882933 0.022326683784692384 0.0035265217238660104 0.0042582416708699684 0.032134717561583488 0.6637549588037841 0.010386598189957299 0.028900596424032091 0.017341672856556859
decision_type=2 2 2 10 2 2 2 2 2 2 2 2 2 2
left_child=1 -1 3 4 -2 -4 13 12 9 11 -10 -9 -8 -7
right_child=2 -3 5 -5 -6 6 7 8 10 -11 -12 -13 -14 -15
leaf_value=0.011847424617481511 0.0061508763984455981 -0.021551908427303566 -0.0043053824188823888 -0.010973498324877467 0.034292845311302229 0.00045423397286192498 0.033548892146115922 0.013169805156209588 0.015564130004515841 0.0089239422772030719 -0.0026133305533754527 -0.03264790944488527 -0.0022624614830147761 -0.015210564811648742
leaf_weight=7.2407628130167749 22.440456722863019 23.975078301504254 259.0107694119215 9.6875892179086787 13.61273157596588 1534.4141802052036 25.839248195290565 4.6341226324439075 101.08090354083106 17.090164763852954 68.532689631916583 25.756412810645998 11.590600902214645 38.079492114018649
leaf_count=116 334 347 3790 147 202 22171 393 57 1479 263 994 400 168 839
internal_value=0.000391897 -0.0132386 0.000622001 0.0127293 0.019659 0.00032672 0.000993357 0.00684274 0.00350648 -0.0129595 0.00835497 -0.0247878 0.0234997 2.78865e-05
internal_weight=2162.99 31.2158 2131.77 45.7408 36.0532 2086.03 1827.02 254.524 217.094 47.4807 169.614 30.3905 37.4298 1572.49
internal_count=31700 463 31237 683 536 30554 26764 3754 3193 720 2473 457 561 23010
is_linear=0
shrinkage=0.05


Tree=272
num_leaves=15
num_cat=0
split_feature=16 16 39 28 39 39 28 36 41 2 35 41 41 39
split_gain=2.56032 5.12176 4.80189 3.63751 7.98196 8.64967 7.08818 9.89688 9.13735 7.55419 7.24997 6.83349 7.04495 6.53821
threshold=0.70390735891228295 0.77034063330819846 0.0019626479736593963 2.5000000000000004 0.0030475271591457148 0.004724542383615981 5.5000000000000009 -0.0050947092998248058 -0.03011101864931395 0.052865913787208292 -0.011891784875478593 0.0016613907055718637 0.039618598762843467 0.0028480519788812307
decision_type=10 10 2 2 2 2 2 2 2 2 2 2 2 2
left_child=3 2 -2 -1 13 6 7 8 -6 -9 -10 -7 -13 -5
right_child=1 -3 -4 4 5 11 -8 9 10 -11 -12 12 -14 -15
leaf_value=-0.0018173227657732136 0.013621827388043867 -0.00090589029396259896 -0.017376311233447628 -1.8546986069615983e-05 -0.008758880055235117 -0.0096954002624893426 -0.0048339992096400287 0.0037105391319444988 0.044649993665212419 0.031273015809359671 0.0012470770265901967 0.017341197822143963 -0.019127973448448791 -0.022268079385168362
leaf_weight=583.70464611146599 10.822345809079705 713.60005854908377 80.610231806058437 307.01201167237014 10.68552748672664 97.23385270126164 44.959097173064947 137.06177137605846 53.226108046248555 25.877430552616715 11.876565305516122 58.309803802520037 12.327981231734155 31.998618047684431
leaf_count=9011 145 10564 1233 4196 155 1491 751 1766 650 365 144 777 176 495
internal_value=-0.000143133 -0.00237402 -0.0131912 0.00116756 0.00336898 0.0076878 0.0129369 0.0163142 0.0307403 0.00888867 0.0373858 -0.00130027 0.0101327 -0.00241177
internal_weight=2179.31 805.033 91.4326 1374.27 790.569 451.558 283.686 238.727 75.7882 162.939 65.1027 167.872 70.6378 339.011
internal_count=31919 11942 1378 19977 10966 6275 3831 3080 949 2131 794 2444 953 4691
is_linear=0
shrinkage=0.05


Tree=273
num_leaves=15
num_cat=0
split_feature=18 13 28 6 44 30 15 21 41 41 39 39 34 35
split_gain=3.11879 3.3556 4.8434 3.70108 4.52211 3.49885 3.27634 6.94061 6.95241 10.0963 6.31718 8.22919 8.68535 6.0958
threshold=0.1765635170440425 0.017156754281111644 5.5000000000000009 1.5232339123818408 0.5069933489827857 6.4500000000000011 2.7510081055012976 0.41041666666666671 -0.0221468930708229 -0.012269335206818109 0.0034961995750499154 0.0031328152026495093 0.011280846686532954 -0.016448035592688145
decision_type=2 2 2 2 2 2 2 8 2 2 2 2 2 2
left_child=1 3 -3 4 -1 -4 7 8 -5 -10 11 -9 -13 -11
right_child=-2 2 5 6 -6 -7 -8 10 9 13 -12 12 -14 -15
leaf_value=-0.010926350520835229 -0.0034564019955421531 0.0097595083070692659 0.016670243958903808 0.015327748757992627 0.030583336785367718 -0.02121456424204652 0.0052634599947668191 -0.0036270125217591829 -0.013614191146143062 0.017197119545199525 -0.0093629963361661333 0.0011943408747272493 0.040875132994639546 0.0013323717902372981
leaf_weight=6.4840935543179539 383.90241723926738 197.18767408840358 4.0728323208168176 87.85089192725718 16.062824718654156 18.824714954011142 272.43083305563778 192.97909974399954 98.700983928516507 65.012761243619025 322.9977348302491 33.259154408238828 18.942302841693163 456.11095131468028
leaf_count=109 5348 2482 67 1293 239 265 4399 2859 1534 988 5343 477 253 6143
internal_value=0.000605008 0.00148281 0.00719313 0.000662471 0.0188294 -0.0126959 0.000338155 -0.000729979 0.00256748 0.000650717 -0.00482359 0.00122418 0.0179076 0.0034562
internal_weight=2174.82 1790.92 220.085 1570.83 22.5469 22.8975 1548.28 1275.85 707.676 619.825 568.178 245.181 52.2015 521.124
internal_count=31799 26451 2814 23637 348 332 23289 18890 9958 8665 8932 3589 730 7131
is_linear=0
shrinkage=0.05


Tree=274
num_leaves=15
num_cat=0
split_feature=43 30 27 41 39 41 2 14 41 34 37 28 39 37
split_gain=2.62677 4.83514 2.35511 6.65636 7.859 16.6609 7.44434 6.40854 6.28579 6.23738 11.0223 14.2788 7.07306 10.7282
threshold=0.97993288590604044 6.0500000000000007 15.500000000000002 -0.022282291837151299 0.0059094768390249653 -0.010054040123466 0.061315184982854272 0.5425681046631895 0.019446431268331014 -0.024202586927558414 -0.0059590295513755045 1.5000000000000002 0.0040979153261787348 -0.011874836926434594
decision_type=2 2 2 2 2 2 2 2 2 2 2 2 2 2
left_child=2 -2 3 -1 7 -6 8 -5 -7 -4 11 -11 13 -13
right_child=1 -3 9 4 5 6 -8 -9 -10 10 -12 12 -14 -15
leaf_value=0.0085527476213835413 0.021064899987020675 -0.018848201798832263 -0.0086052476583183598 0.015436583444522568 -0.024040528215851464 0.03234407452779272 -0.0047964731494868204 -0.002339145572286528 -0.0054194443523119321 -0.015541367985319413 -0.0018953779798400903 -0.020315138768256604 0.047244734691606595 0.031713698995579763
leaf_weight=282.79354200605303 5.0610872190445653 33.590544793754816 222.31426834501326 48.521427040919662 22.097820495255291 68.411645939573646 21.884900027886033 969.89735647244379 11.425208151340483 20.079944973811507 417.68148772092536 12.436164798215033 26.242661299183965 19.072636384516954
leaf_count=4025 78 405 4042 656 403 954 322 13649 156 302 6120 167 291 223
internal_value=0.000336166 -0.0118077 0.000582187 0.00175675 4.42617e-05 0.0116831 0.0202064 -0.00142096 0.026939 -0.00174557 0.00138727 0.0180546 0.0300434 0.0112086
internal_weight=2181.51 38.6516 2142.86 1425.03 1142.24 123.82 101.722 1018.42 79.8369 717.827 495.513 77.8314 57.7515 31.5088
internal_count=31793 483 31310 20165 16140 1835 1432 14305 1110 11145 7103 983 681 390
is_linear=0
shrinkage=0.05


Tree=275
num_leaves=15
num_cat=0
split_feature=15 2 21 37 39 42 18 21 21 41 42 5 18 27
split_gain=4.30892 4.08574 3.09115 3.12638 7.29751 2.88961 2.98951 2.67117 4.31094 5.24177 4.4774 4.97913 6.84775 4.02359
threshold=1.4586603704517762 -0.027999999999999966 0.043550616276962127 -0.018773830638325991 0.0039244857059892889 0.80546234153616714 0.12693227850981995 0.049040537887711039 0.16260593220338984 0.018281569266754175 0.94604989604989609 0.0014319525933911283 0.068909961162450059 16.500000000000004
decision_type=2 2 8 2 2 2 2 10 10 2 2 2 2 2
left_child=1 -1 5 4 -4 6 -3 -2 9 10 11 12 -9 -14
right_child=7 2 3 -5 -6 -7 -8 8 -10 -11 -12 -13 13 -15
leaf_value=-0.020935642359078424 -0.012637753044960674 0.012339886845187982 -0.021831428250223328 -0.0067623458280834008 0.024938355675178069 0.026742274141872382 -0.019557711736680673 -0.019654586417982359 0.00012641421971493446 -0.01190055004182664 -0.0070866091338577745 0.030851600524267383 0.021776120240639112 -0.0074483106107062621
leaf_weight=32.896177320741117 32.278923251666129 12.148218584246939 8.1592937605455536 268.12875765096396 19.250466051511467 10.554630802944301 7.8824798371642819 13.231798388063906 1625.2002761778422 21.806508601643145 21.076447460800409 35.720565483905375 46.025150462985039 12.566252339631317
leaf_count=505 439 178 128 3596 268 126 115 171 24256 317 226 502 664 169
internal_value=-0.000385773 -0.00534935 -0.00348477 -0.00508923 0.00979583 0.0105555 -0.00161181 0.000611946 0.000887621 0.00884302 0.0126736 0.016689 0.00809589 0.0154155
internal_weight=2166.93 359.02 326.124 295.539 27.4098 30.5853 20.0307 1807.91 1775.63 150.427 128.62 107.544 71.8232 58.5914
internal_count=31660 4916 4411 3992 396 419 293 26744 26305 2049 1732 1506 1004 833
is_linear=0
shrinkage=0.05


Tree=276
num_leaves=15
num_cat=0
split_feature=34 33 39 32 38 28 34 28 38 38 32 12 4 38
split_gain=2.79621 4.97238 6.26729 8.10083 6.22243 7.28544 4.92802 9.90394 11.4615 4.24384 3.54749 3.37403 4.9288 4.44237
threshold=0.053987460888296208 0.96682803388711636 0.0034310606989322004 0.99042864993588575 2.2683693872708326 2.5000000000000004 0.049218152463001326 1.5000000000000002 1.4152582355796539 0.11549094207670536 0.98104222821203957 77.39275374388599 0.14852627793507747 0.39440056655988326
decision_type=2 2 2 2 2 2 2 2 2 2 2 2 2 2
left_child=6 9 -3 4 5 -4 11 -8 -9 -2 -7 12 -1 -14
right_child=1 2 3 -5 -6 10 7 8 -10 -11 -12 -13 13 -15
leaf_value=0.00011130244531315123 0.018022486598739642 -0.022992492887137322 -0.015640208115100387 -0.012641980062459514 0.043489755885887688 0.036314607323772452 -0.021289932470009577 -0.0065529537329924396 0.050935536480901482 -0.021833141056407449 -0.0035329649900925544 -0.01229967754863245 -0.0056231300787051046 0.026490845587131343
leaf_weight=1898.5877654338256 3.7961468473076811 17.218382955528796 16.932353185489774 29.122261537238955 12.345516541972755 12.498869504779579 8.9214123710989934 12.328075367957355 17.82062909938395 50.708344231359661 6.9991053175181142 47.825453254394233 13.697396718896924 28.221463784575462
leaf_count=27425 47 344 273 473 218 185 174 158 277 852 97 719 168 351
internal_value=4.30421e-05 -0.00643891 0.000620966 0.0069124 0.0186775 0.00603533 0.00053607 0.0170738 0.0298398 -0.0177761 0.024209 0.000169096 0.00050722 0.0165163
internal_weight=2177.02 149.621 95.1165 77.8981 48.7758 36.4303 2027.4 39.0701 30.1487 54.5045 19.498 1988.33 1940.51 41.9189
internal_count=31761 2489 1590 1246 773 555 29272 609 435 899 282 28663 27944 519
is_linear=0
shrinkage=0.05


Tree=277
num_leaves=15
num_cat=0
split_feature=37 37 35 20 35 35 21 27 41 23 35 8 33 7
split_gain=2.41765 3.50659 3.67242 2.81709 2.67581 8.71179 9.85209 8.00893 7.99074 7.45393 6.62388 5.04835 4.99515 4.56118
threshold=0.055498251672459926 0.049001476752028934 0.022598265626705697 9.9843309694128504 0.018916326234903084 0.021276595744680885 0.54930555555555571 21.500000000000004 0.0066536500960927012 0.015574950556309865 0.017401574911039556 1.2203693497597901 0.95986577181208055 2.5774369983922751
decision_type=2 2 2 2 2 2 8 2 2 2 2 2 2 8
left_child=1 4 -3 -2 10 6 9 11 -9 -6 -1 -7 -8 -13
right_child=3 2 -4 -5 5 7 12 8 -10 -11 -12 13 -14 -15
leaf_value=5.0584608871180121e-05 -0.017055825030421117 0.026814206356838434 -0.0077350913928399788 0.015172457204306267 0.042587463552588814 -0.0098767413031622016 -0.016364709053129149 0.050803005948899388 -0.0032051167658182556 -0.010652282737704716 -0.020040956098916929 0.018870012174313656 0.022422317981451771 -0.0034107806967966755
leaf_weight=1779.1737042050809 31.166958451271057 19.498433360829953 8.5149518186226469 4.264275634661316 33.611956985667348 118.60886941384524 19.056228989735249 9.5262541742995399 11.907334228977559 5.8209194168448439 36.990519504062831 33.220235931687057 7.7509129652753463 54.480025845114142
leaf_count=25331 599 277 147 65 495 2082 281 140 171 102 591 510 155 853
internal_value=0.000333895 0.000561654 0.0167316 -0.0117804 0.000307945 0.00469133 0.0199516 -8.04426e-05 0.0258681 0.0344141 -0.000412526 -0.00332456 -0.00338818 0.0055916
internal_weight=2173.59 2138.16 28.0134 35.4312 2110.15 293.983 66.24 227.743 21.4336 39.4329 1816.16 206.309 26.8071 87.7003
internal_count=31799 31135 424 664 30711 4789 1033 3756 311 597 25922 3445 436 1363
is_linear=0
shrinkage=0.05


Tree=278
num_leaves=15
num_cat=0
split_feature=43 21 43 14 37 0 32 33 33 20 32 34 34 32
split_gain=2.72675 3.00391 2.26142 2.17489 2.14293 5.75188 4.18383 4.93171 7.73116 7.64799 6.08299 3.71654 6.69284 6.0356
threshold=0.02702826096881706 0.84236111111111123 0.99664429530201348 0.72477891470006217 -0.047661793222785014 -0.019539209081072314 0.0080322580645161307 0.010256679991584264 0.029268989149057685 8.5501410078316713 0.013704416388980149 -0.069653726723941004 -0.062583596986519455 0.026088929219600727
decision_type=2 8 2 2 2 2 2 2 2 2 2 2 2 2
left_child=1 3 4 -1 5 -2 -6 -8 9 -9 -11 -10 -13 -14
right_child=2 -3 -4 -5 6 -7 7 8 11 10 -12 12 13 -15
leaf_value=0.0021685977768000054 -0.013747868785427178 0.0095175145969564959 -0.020791747249165965 -0.028728664900435796 -0.01864446371063842 0.024010975766589625 0.018419280574027683 0.01155697212532069 0.019220557252065618 0.0075324364329859136 -0.036448091538564029 -0.027438752844995348 0.018433524473529354 0.00051839939526763677
leaf_weight=6.7965312376618447 11.275913104414938 7.8163135088980189 7.322768570855259 16.93266792409122 23.252042258158326 24.872620505280793 33.662874286994338 13.895039502065627 22.36510478425771 8.0665720123797637 31.902139374054968 15.968845538794993 43.216404909268022 1902.5080474186689
leaf_count=108 248 125 93 243 427 407 576 269 331 123 668 323 647 27157
internal_value=0.000340347 -0.0132037 0.000570492 -0.0210418 0.000692398 0.0119934 0.000469294 0.000728208 0.000391617 -0.0174678 -0.0277213 0.00091916 0.000662173 0.000962539
internal_weight=2169.85 31.5455 2138.31 23.7292 2130.99 36.1485 2094.84 2071.59 2037.92 53.8638 39.9687 1984.06 1961.69 1945.72
internal_count=31745 476 31269 351 31176 655 30521 30094 29518 1060 791 28458 28127 27804
is_linear=0
shrinkage=0.05


Tree=279
num_leaves=15
num_cat=0
split_feature=37 33 33 33 39 38 38 35 32 34 41 41 41 37
split_gain=2.25215 2.97092 2.50981 7.08813 8.25347 5.21947 5.82557 5.19723 4.25275 6.51712 9.24655 5.36283 6.62788 4.93695
threshold=-0.068628324984787034 0.025642898889538284 0.023811023622047248 0.020168124194969838 0.002648456274835188 -3.3684214873842868 -1.0401311596865048 -0.04935260507573843 0.026088929219600727 -0.050306860036552319 -0.017656818832957857 -0.022775352741304985 -0.044654303972069757 -0.022695813572268349
decision_type=2 2 2 2 2 2 2 2 2 2 2 2 2 2
left_child=1 -1 3 4 -2 -6 7 -7 9 11 -11 12 -4 -12
right_child=2 -3 8 -5 5 6 -8 -9 -10 10 13 -13 -14 -15
leaf_value=0.037058743536103965 0.032364971130328692 -0.0067345805894547918 0.011721231125317942 -0.034650296089333787 0.028496891796865223 0.010746210960922202 0.017418424349312425 -0.023287448132878072 -2.4485154712823498e-06 0.039795320050129444 0.022280274182792426 0.024724840256805675 -0.036779203921250163 -0.025393428855162548
leaf_weight=4.2356987595558149 10.420812815427778 4.4325742712244391 8.9010568428784644 14.549414950422941 4.4110389836132518 10.817688680253914 10.67287671193481 52.201322739012539 1999.8980805221945 25.384933890774846 4.2628455590456715 5.6856395155191413 11.766508856788278 8.7815755261108261
leaf_count=36 153 87 122 325 42 156 144 1076 28822 329 58 89 227 159
internal_value=0.000160765 0.0203931 3.31177e-05 -0.00739508 -0.00130252 -0.00747158 -0.0112984 -0.0170848 0.000420918 0.0125544 0.0245363 -0.0060447 -0.0176768 -0.00795718
internal_weight=2176.42 8.66827 2167.75 103.073 88.5237 78.1029 73.6919 63.019 2064.68 64.7826 38.4294 26.3532 20.6676 13.0444
internal_count=31825 123 31702 1896 1571 1418 1376 1232 29806 984 546 438 349 217
is_linear=0
shrinkage=0.05


Tree=280
num_leaves=15
num_cat=0
split_feature=1 10 10 42 12 20 7 37 30 24 27 21 41 32
split_gain=2.83141 5.32895 3.47819 2.8262 2.99605 3.11218 2.73219 5.01252 3.60351 3.57585 3.68684 3.07265 3.77085 6.3768
threshold=0.048782041125722715 0.5754069317363173 0.46414255105348928 0.95159022430532325 74.955863361224303 5.8020638723673912 7.324851551597539 0.0071760192589150904 6.7500000000000009 0.028742098284994678 1.5000000000000002 0.17536610878661088 -0.024396266488850401 0.0739497887148894
decision_type=2 2 2 2 2 2 10 2 2 2 2 8 2 2
left_child=6 2 -2 -4 5 -5 11 9 -9 -8 -11 12 -1 -14
right_child=1 -3 3 4 -6 -7 7 8 -10 10 -12 -13 13 -15
leaf_value=0.01927033476585429 -0.010590561867415327 -0.0090857770971882103 0.0034296100874603233 0.049275248347810836 0.003881207425014039 0.0075458819041123379 -0.014492091744264239 0.0013123381908440558 0.031161663495761834 0.032811201422082166 0.00010620610252129201 -0.0018617581910232274 -0.019912063045012075 0.0039128488668165864
leaf_weight=28.610357997007668 7.0920980265364042 25.791475382633507 17.469364545308053 13.834445137530567 10.341998742893336 8.5974856251850706 25.96686568018049 16.618059596046805 22.772303866222501 5.9114437680691472 41.139025886543095 1639.9903151425533 26.180076196789742 280.21112570166588
leaf_count=381 106 330 286 138 139 84 334 224 288 79 512 24710 403 3789
internal_value=-0.000161966 0.00861777 0.0166715 0.0211299 0.0288618 0.0375722 -0.00053136 0.00688153 0.020135 -0.00110048 0.00697242 -0.000969581 0.00336119 0.00159005
internal_weight=2170.53 83.1269 57.3354 50.2433 32.7739 22.4319 2087.4 112.408 39.3904 73.0173 47.0505 1974.99 335.002 306.391
internal_count=31803 1083 753 647 361 222 30720 1437 512 925 591 29283 4573 4192
is_linear=0
shrinkage=0.05


Tree=281
num_leaves=15
num_cat=0
split_feature=9 32 24 43 5 32 33 12 43 21 37 30 42 33
split_gain=2.07583 5.78965 5.22968 5.41252 4.74917 4.46885 5.80434 4.15352 4.1437 4.0826 3.85735 3.8428 3.67936 3.52991
threshold=0.016328775274624053 0.026088929219600727 0.028586367979908121 0.59680676511422448 0.11963484936995862 0.0080322580645161307 0.0091326105087572995 24.90434135928712 0.94636864813039312 0.23779761904761906 -0.044479677119035825 9.4000000000000021 0.87899125483018115 0.025642898889538284
decision_type=2 2 2 2 2 2 2 2 2 10 2 2 2 2
left_child=1 -1 4 9 -3 10 7 -7 12 -4 -2 -6 -5 -12
right_child=5 2 3 8 11 6 -8 -9 -10 -11 13 -13 -14 -15
leaf_value=0.016609822465995065 0.013344108594923094 -0.0022516908078615591 -0.0034430759824195336 -0.006340554257268695 0.0016948868340947488 -0.0055714429666636487 5.0213615052916416e-05 0.03488795168677708 -0.025388729323428047 -0.023272044979049198 -0.035537646360963134 0.044972498626905999 0.015580794937447105 0.0094785733540952311
leaf_weight=28.573520991951227 4.1618389338254955 262.06834606826305 39.538283192552626 35.538879890460521 11.431169824674727 7.4297300577163723 1612.3988785166293 15.394762169569729 8.9215891081839782 83.34972327016294 16.3538858499378 4.9551262054592362 31.946181459352374 3.2109043076634398
leaf_count=402 57 4027 543 522 172 131 23471 222 99 1279 349 67 374 33
internal_value=-0.000759215 -0.00354456 -0.00490952 -0.0109854 -0.000443808 9.8989e-05 0.000441096 0.0230833 -0.000427969 -0.0172763 -0.0194517 0.0222365 0.00439555 -0.0277242
internal_weight=2165.27 506.323 477.749 199.295 278.455 1658.95 1635.22 22.8245 76.4067 122.888 23.7266 16.3863 67.4851 19.5648
internal_count=31748 7485 7083 2817 4266 24263 23824 353 995 1822 439 239 896 382
is_linear=0
shrinkage=0.05


Tree=282
num_leaves=15
num_cat=0
split_feature=32 28 5 3 32 39 37 9 34 34 34 21 34 36
split_gain=2.0293 6.9524 9.50506 4.13873 3.34753 5.68291 4.86055 3.36393 3.0973 5.90941 5.07303 7.16335 5.89401 6.01554
threshold=0.013704416388980149 4.5000000000000009 -0.016766467065868203 -0.10513856708669538 0.0080322580645161307 0.0043575576331424132 -0.0064100540186691748 1.1709334932654933 -0.069653726723941004 -0.056905647748971382 -0.052171446571524997 0.58631602914389813 -0.048450201035997363 -0.014557095647284633
decision_type=2 2 2 2 2 2 2 2 2 2 2 10 2 2
left_child=1 2 -1 -2 7 6 -6 -3 -5 -10 11 -11 13 -12
right_child=3 4 -4 8 5 -7 -8 -9 9 10 12 -13 -14 -15
leaf_value=-0.022843099644686907 -0.023830970008599395 0.018523644668203554 0.027918501333462215 0.011057067097552125 -0.021595191243675711 0.046790233569511744 0.028371101710995907 -0.021867543268757283 -0.017054693126588208 -0.0076015060984448964 0.012067114907469629 0.030405264004851985 -0.00022878219098753746 -0.02834155860279064
leaf_weight=24.877556188032031 13.97819780372083 5.7099984735250455 8.5647893361747247 52.643295656889677 6.2487638769671303 14.221185136586426 3.5791380256414449 4.9511811379343271 48.752937716431916 17.94635802693665 9.2594964215531927 25.899813825264573 1898.5884099942632 30.38531384896487
leaf_count=576 267 64 119 839 113 166 55 70 979 248 136 352 27245 516
internal_value=-0.000302232 0.00788539 -0.00790242 -0.000586393 0.0221762 0.0309767 3.23977e-05 -0.00122722 -0.000373763 -0.000696502 -0.00025224 0.0156633 -0.000651652 -0.0186092
internal_weight=2165.61 68.1526 33.4423 2097.45 34.7103 24.0491 9.8279 10.6612 2083.48 2030.83 1982.08 43.8462 1938.23 39.6448
internal_count=31745 1163 695 30582 468 334 168 134 30315 29476 28497 600 27897 652
is_linear=0
shrinkage=0.05


Tree=283
num_leaves=15
num_cat=0
split_feature=19 27 42 0 19 41 41 5 35 40 36 39 39 37
split_gain=2.6111 4.56735 4.64665 4.48056 4.37353 3.63536 3.50371 7.72725 7.1046 6.7931 6.93753 6.33844 8.02401 5.44802
threshold=0.013828946598141264 15.500000000000002 0.92882472137791294 0.017599215580601072 0.012648918259758798 -0.052843884075925378 -0.0013269357345931929 -0.076114422944095525 -0.012086252116463634 1.0000000180025095e-35 0.0041625878251899682 0.0043440255927678284 0.0065367221567237234 -0.017517134918888341
decision_type=2 2 2 2 2 2 2 2 2 2 2 2 2 2
left_child=4 6 5 -4 -1 -3 7 -2 -8 10 -10 13 -13 -9
right_child=1 2 3 -5 -6 -7 8 11 9 -11 -12 12 -14 -15
leaf_value=0.00055328758416566296 -0.0022267419923319189 0.015256380041897489 0.026885073329920253 -0.0054383668378269112 -0.0067006493464053024 -0.011582682147811352 0.028360804938938861 -0.020426501987099818 -0.028361754560123645 0.0038695864002481401 0.013301819745402593 0.037382788425746723 -0.010563739817850089 0.013347409934809765
leaf_weight=1397.3885647524148 68.938636496663094 9.9153867447748762 16.276568830013275 18.82356171309948 238.96921082679182 104.12267880328 17.034269095398486 10.228378767147658 32.352821196429431 135.82904465589672 10.261635277420281 47.919939512386918 8.1737085776403529 54.821838377043605
leaf_count=21049 928 163 199 214 3656 1713 181 152 360 1797 115 572 118 625
internal_value=0.000469943 0.00348612 -0.00385315 0.0110339 -0.000523242 -0.00870628 0.00633799 0.0110819 0.00156364 -0.00169771 -0.0179858 0.0184435 0.0301035 0.00695792
internal_weight=2171.06 534.698 149.138 35.1001 1636.36 114.038 385.56 190.083 195.478 178.444 42.6145 121.144 56.0936 65.0502
internal_count=31842 7137 2289 413 24705 1876 4848 2395 2453 2272 475 1467 690 777
is_linear=0
shrinkage=0.05


Tree=284
num_leaves=15
num_cat=0
split_feature=39 36 36 39 28 41 13 38 38 15 28 23 21 3
split_gain=3.63697 3.8214 4.76081 3.47959 4.57743 5.19901 5.74842 3.90931 3.83438 3.39479 4.1887 3.99751 4.83529 4.76194
threshold=0.001356391560087678 0.00088610610243855536 8.5913663681158617e-05 0.0016558931583486218 4.5000000000000009 0.012533689313084519 0.012028468325367875 -0.76646563976725346 -2.1055428124723874 0.80448792903616895 2.5000000000000004 0.010960735062520046 0.73941763479297007 -0.010676275679257828
decision_type=2 2 2 2 2 2 2 2 2 2 2 2 10 2
left_child=1 2 -1 4 -2 6 7 8 -6 10 -5 -11 -13 -14
right_child=3 -3 -4 9 5 -7 -8 -9 -10 11 -12 12 13 -15
leaf_value=-0.0083221423353008767 0.037226640627097372 -0.021999951725253288 0.02691374139193042 -0.0052228630571545471 0.024309593170941349 -0.012602754057785168 -0.006516380469536555 0.03819161925601422 -0.017120674395316428 0.001041416887185353 0.025912723721380256 -0.007471854643783294 -0.023505556806551066 0.0058894822827157056
leaf_weight=36.912775767967105 8.4585481546819192 32.543946558609605 7.4295685756951562 15.532319815829394 5.3436854146420956 23.771702166646719 19.611073104664683 17.893435453996062 7.2015415299683827 1489.5991229764186 22.232713777571917 335.05767930904403 10.286471267230807 140.70716592855752
leaf_count=455 120 383 90 233 59 342 236 195 87 21652 263 5223 208 2262
internal_value=7.69586e-05 -0.0102611 -0.000289364 0.000479759 0.0102535 0.00499752 0.0137424 0.0258726 0.00242528 5.59341e-05 0.0139936 -0.000245141 -0.0041585 0.00319771
internal_weight=2172.58 76.8863 44.3423 2095.7 82.28 73.8214 50.0497 30.4387 12.5452 2013.42 37.765 1975.65 486.051 150.994
internal_count=31808 928 545 30880 1039 919 577 341 146 29841 496 29345 7693 2470
is_linear=0
shrinkage=0.05


Tree=285
num_leaves=15
num_cat=0
split_feature=35 28 39 38 14 32 41 14 39 23 37 39 27 39
split_gain=2.87441 7.3597 13.5473 7.90465 7.29491 7.10392 6.66919 6.25476 6.23348 6.46736 12.4447 6.1841 5.82355 12.2931
threshold=0.0079247965093993695 3.5000000000000004 0.0023461645425991427 -0.15244744901372312 1.044607083507189 0.83070719602977683 0.022318107668830026 0.70049445641363695 0.0035195282938259589 0.010458845689527154 0.016777928846960281 0.0027591676164005663 12.500000000000002 0.0062218678944719876
decision_type=2 2 2 2 2 2 2 2 2 2 2 2 2 2
left_child=6 2 5 11 8 -2 -1 -7 9 10 -4 -3 -5 -14
right_child=1 3 4 12 -6 7 -8 -9 -10 -11 -12 -13 13 -15
leaf_value=0.00051361972916490921 -0.005481222495822979 -0.009135977642164483 -0.006698798964458616 -0.0025869447196137187 0.0046826743104460391 -0.0013469008290675133 0.016178364934084307 0.055562865457336436 -0.014710105449711443 -0.018667748397417357 0.043983459690733681 0.034847897401557623 -0.021074715947151726 0.024852402984305796
leaf_weight=1327.3461521025747 8.8260429091751593 11.200232686474921 26.703583939000964 126.63822477776557 242.35327038727701 5.8960225330665734 66.636893411166966 16.890731846913695 121.51663145096973 16.196023147553205 15.611534561961887 13.34313705191016 147.14427163358778 11.928163602948187
leaf_count=19275 106 149 419 1824 3586 135 897 238 1985 292 241 162 2237 150
internal_value=-3.24366e-05 -0.00248744 0.00157205 -0.0083584 -0.00094597 0.0307502 0.00131759 0.0432449 -0.00844503 0.0047001 0.0146716 0.0166269 -0.0107538 -0.0169784
internal_weight=2158.23 764.248 453.994 310.254 422.381 31.6128 1393.98 22.7868 180.028 58.5111 42.3151 24.5434 285.711 159.072
internal_count=31696 11524 7002 4522 6523 479 20172 373 2937 952 660 311 4211 2387
is_linear=0
shrinkage=0.05


Tree=286
num_leaves=15
num_cat=0
split_feature=20 3 4 36 36 37 41 17 38 39 2 5 11 4
split_gain=2.31741 3.71842 3.62685 6.22948 5.64981 9.09431 5.26829 4.81136 4.5025 12.2565 5.59698 7.96494 5.2926 5.28959
threshold=0.97395493101362063 0.02997334387583828 0.021788956379656502 -0.013507471031474204 0.023774543116903527 0.030564292320640511 -0.0026388201890133463 2.0961503881225041 -1.7732684770667435 0.0021940520583577593 -0.014231240703325152 -0.0037594973857344445 0.43392597789265047 0.029563271359711821
decision_type=2 2 2 2 2 2 2 2 2 2 2 2 2 2
left_child=1 -1 4 -4 5 -2 -7 -8 9 -5 13 -12 -13 -10
right_child=2 -3 3 8 -6 6 7 -9 10 -11 11 12 -14 -15
leaf_value=0.0073819176287896584 -0.00093414089603710809 -0.0064819154691155186 -0.020609785339556687 -0.018181315422399969 -0.020153051592160361 -0.0031487362846546151 0.0027834513426622859 0.042340416525804794 0.016745785759112869 0.038794366280348436 -0.0028848195886952638 -0.016648503083814523 0.012266826389070278 -0.021637148047408215
leaf_weight=55.444072520360351 1225.1236391612329 246.88618876598775 19.336134874727577 10.366951408796011 30.951085467357188 15.925537534058092 11.980120049789546 20.952960029244423 7.8047756347805253 24.274883233942091 170.36067839572206 12.559359665960072 268.16061308886856 31.718177868053317
leaf_count=662 18171 3720 398 174 607 202 155 250 137 379 2497 153 3456 551
internal_value=0.000161058 -0.00386071 0.000827111 0.00423466 -0.000605679 -5.38517e-05 0.0200568 0.0302143 0.00533498 0.0216011 0.00398008 0.0055968 0.0107045 -0.0130281
internal_weight=2151.85 302.33 1849.51 544.582 1304.93 1273.98 48.8586 32.9331 525.245 34.6418 490.604 451.081 280.72 39.523
internal_count=31512 4382 27130 7745 19385 18778 607 405 7347 553 6794 6106 3609 688
is_linear=0
shrinkage=0.05


Tree=287
num_leaves=15
num_cat=0
split_feature=41 35 38 37 38 28 36 35 34 35 38 36 38 37
split_gain=2.55721 4.09718 4.48335 4.53737 4.70437 4.0813 3.20581 11.7383 8.81682 8.45903 8.86283 6.23529 5.77943 6.46679
threshold=-0.067021430731697293 -0.04935260507573843 -2.2799654113136016 -0.028525828205926414 -2.9418656808820769 5.5000000000000009 -0.020218297948842442 -0.034244403714352771 -0.085839352168395597 -0.038393475267780024 -2.0832695024032097 -0.019791020723335658 -2.2799654113136016 -0.024854236142378024
decision_type=2 2 2 2 2 2 2 2 2 2 2 2 2 2
left_child=5 2 3 4 -2 -1 7 8 -3 10 -8 -11 13 -9
right_child=1 6 -4 -5 -6 -7 9 12 -10 11 -12 -13 -14 -15
leaf_value=-0.028589052169940118 -0.025314111964045247 0.018627737177086538 -0.017865269053742625 0.037573538979327081 0.022245196462070526 0.0097778211755372366 -0.0064086479773875042 -0.0050253011344366738 -0.040557795855430193 0.03367912171799272 0.043527817362398316 -0.00026469227265108326 -0.017111367961824407 0.032222679526143036
leaf_weight=13.632357384078206 5.2452827226370617 4.6809037737548342 4.0603164043277493 16.261254757642746 5.5739686340093622 7.8532298151403657 12.755861112382265 19.974277104251083 27.916405306197703 8.6217302028089744 17.637043906375766 1989.2137039969675 15.812061713077126 19.533408638089899
leaf_count=235 119 60 67 193 83 157 233 382 643 103 212 28823 275 258
internal_value=7.4777e-05 0.000264627 0.0169577 0.0241496 -0.00152537 -0.015367 -2.04194e-05 -0.0091025 -0.0307119 0.000394675 0.024625 -3.44936e-05 0.00512114 0.0149419
internal_weight=2168.77 2147.29 31.1408 27.0805 10.8193 21.4856 2116.15 87.9171 32.5973 2028.23 30.3929 1997.84 55.3197 39.5077
internal_count=31843 31451 462 395 202 392 30989 1618 703 29371 445 28926 915 640
is_linear=0
shrinkage=0.05


Tree=288
num_leaves=15
num_cat=0
split_feature=23 36 36 36 38 38 35 38 38 3 36 7 38 36
split_gain=2.42546 5.79371 7.46262 5.72921 5.34177 5.70615 5.13638 8.96291 8.19867 7.5324 6.92387 5.73675 5.40196 4.92577
threshold=-0.0077017828811227198 0.013307880894562809 0.0093852890536684237 -0.013063873563129989 -2.7692931296177146 -2.8301304463335089 -0.025388280882427613 -0.5595759265079242 -2.3484522386864546 -0.02368320533955209 -0.00042550144136405116 3.4280996499283902 -2.1556372015925054 0.0074927600949856741
decision_type=2 2 2 2 2 2 2 2 2 2 2 10 2 2
left_child=1 2 13 4 5 -2 7 8 -5 10 -8 -10 -11 -1
right_child=3 -3 -4 6 -6 -7 9 -9 11 12 -12 -13 -14 -15
leaf_value=0.0027716511963419158 -0.0084686053519792727 -0.011140828244662239 0.023719726562222151 -0.0086112383257889585 -0.021831494671723038 0.027527899490208257 -0.01701775963194976 -0.023349687613255996 0.044056985476864423 0.020479961230998309 0.0098523458338011741 -0.0017251993379727112 -0.00049320880987382325 -0.017133279872276811
leaf_weight=692.32984679937363 43.949416340328753 73.923412155359983 36.522030872292817 13.499289331492035 59.752566045150161 9.2050015116110426 116.87078624684364 9.2696274714544398 25.484275284223258 26.686519007198513 26.333204217255116 8.3501101639121753 983.18329467764124 27.580161356367171
leaf_count=10091 806 1324 512 272 1101 127 1841 200 356 376 361 96 13703 419
internal_value=-0.00033975 0.0017719 0.00309869 -0.00166719 -0.0121888 -0.000404087 -0.000639004 0.0134331 0.0221791 -0.0013848 -0.011911 0.0339908 0.000159191 0.00189617
internal_weight=2152.94 830.355 756.432 1322.58 112.907 53.1544 1209.68 56.6033 47.3337 1153.07 143.204 33.8344 1009.87 719.91
internal_count=31585 12346 11022 19239 2034 933 17205 924 724 16281 2202 452 14079 10510
is_linear=0
shrinkage=0.05


Tree=289
num_leaves=15
num_cat=0
split_feature=6 9 3 38 38 37 20 19 36 37 5 18 39 7
split_gain=3.99143 4.3957 5.03532 6.37567 4.96101 4.78089 8.12174 4.44331 4.23551 4.20928 4.38645 3.9598 3.98009 3.868
threshold=2.2760291946439595 0.024353361959335181 0.026467050332562806 -1.1812784069480198 -1.4034946075794061 0.00025211441955841357 9.7725474517990083 0.010279948822528038 -0.0086566403134443731 0.037634960450938955 0.10332669622543568 0.092287145169423629 0.0037507200877461909 1.4941803771098774
decision_type=2 2 2 2 2 2 2 2 2 2 2 2 2 10
left_child=1 9 3 4 8 6 -5 11 -3 10 -1 12 -4 -8
right_child=-2 2 7 5 -6 -7 13 -9 -10 -11 -12 -13 -14 -15
leaf_value=-0.004920179932282262 -0.0017419294477214551 -0.002124943479653574 0.012508263771330162 0.037792450827253764 -0.019261132381907808 0.0083696906418586677 0.019206369241852581 -0.0044900767544859164 0.014973930542765579 0.020444045409386442 0.01245432692172453 0.022706994147873652 -0.022188712594181457 -0.014874097028922255
leaf_weight=307.47592320013791 1258.8587228660472 79.569562118966132 13.723536262288691 43.252497363835573 18.60983500443399 97.665976245887578 10.886682096868755 165.1588029935956 59.878664343617857 15.407686469145117 36.28573140129447 28.539454220794141 9.9274344295263273 12.532451818697153
leaf_count=4617 18371 1411 185 569 303 1427 162 2393 835 220 496 434 139 197
internal_value=7.26767e-05 0.00260947 0.0054425 0.00935944 0.00206694 0.0161052 0.0260623 -0.000447348 0.00548143 -0.00166416 -0.00293396 0.0116201 -0.00338633 0.00156043
internal_weight=2157.77 898.914 539.745 322.396 158.058 164.338 66.6716 217.349 139.448 359.169 343.762 52.1904 23.651 23.4191
internal_count=31759 13388 8055 4904 2549 2355 928 3151 2246 5333 5113 758 324 359
is_linear=0
shrinkage=0.05


Tree=290
num_leaves=15
num_cat=0
split_feature=38 22 33 38 32 37 28 30 34 12 9 37 30 28
split_gain=2.84051 6.57977 6.7725 4.80415 6.73404 5.38196 5.53912 4.50277 4.76858 4.62126 5.02252 4.55598 3.95622 3.54641
threshold=0.46210687808859746 1.0000000180025095e-35 0.15441698041141488 -0.12382212272990435 0.87268228870435682 0.0082069794894971144 5.5000000000000009 5.6500000000000012 -0.003326739043181925 60.41064659917992 -0.20327618306395048 0.017141972463799341 12.450000000000001 4.5000000000000009
decision_type=2 2 2 2 2 2 2 2 2 2 2 2 2 2
left_child=3 2 -2 4 -1 6 -6 8 -3 10 -9 -12 -4 -11
right_child=1 7 12 -5 5 -7 -8 9 -10 13 11 -13 -14 -15
leaf_value=-0.00038017805255500549 -0.016743605529718313 0.020260447494201694 0.037325553707093916 -0.0086526690293848227 0.04671853888557452 -0.011824480282999613 -0.0031882341323135107 0.013895140469338799 -0.0095857373484442478 0.0067487688555154662 -0.018851468632307508 0.0048789936369847599 -0.0048899393767739422 -0.0012468801751272052
leaf_weight=973.27771119959652 6.1340589299798003 10.259335041977463 26.519637506455187 168.17728565167636 14.452284520491963 6.1029283329844466 6.936518993228673 20.105902447365224 121.74669365631416 521.83371027233079 59.141360832378268 27.001201965846121 5.4383116904646149 186.34060763474554
leaf_count=14741 110 145 330 2215 203 81 104 315 1871 7478 905 395 74 2659
internal_value=0.000701896 0.00267397 0.0217911 -0.000963354 0.000365412 0.0227578 0.032996 0.00179407 -0.00661138 0.00318849 -0.00632975 -0.0115536 0.030452 0.0046509
internal_weight=2153.47 984.521 38.092 1168.95 1000.77 27.4917 21.3888 946.429 132.006 814.423 106.248 86.1426 31.9579 708.174
internal_count=31626 14282 514 17344 15129 388 307 13768 2016 11752 1615 1300 404 10137
is_linear=0
shrinkage=0.05


Tree=291
num_leaves=15
num_cat=0
split_feature=39 28 37 17 32 27 35 38 39 14 5 20 3 17
split_gain=2.71924 7.45896 11.783 17.3548 7.33208 5.92546 7.4141 6.47193 5.58586 5.31017 5.78246 7.41579 6.21183 5.62634
threshold=0.0027162130978013988 5.5000000000000009 -0.031803200464957208 -1.9144203086454039 0.033727676032305774 21.500000000000004 0.013447372619933897 1.9906270806838011 0.0041996887310685677 1.3554390739467821 -0.078301807759423178 7.5189028954714479 0.017431472821578645 2.54575217007962
decision_type=2 2 2 2 2 2 2 2 2 2 2 2 2 2
left_child=9 -2 4 -4 -3 6 8 -7 -5 10 12 -12 -1 -11
right_child=1 2 3 5 -6 7 -8 -9 -10 13 11 -13 -14 -15
leaf_value=0.014857783277655596 0.00014990730431413502 0.036525526751562697 -0.039289789299456451 -0.0094647879461416187 -0.018782655661925045 -0.01254596515623501 -0.027213495814241102 0.048929162333032697 0.026346442769523127 0.025744448157169159 0.0036770075213575153 -0.0099898139156799088 -0.0089097779420064718 -0.010490427029696891
leaf_weight=118.65215728525072 1412.9765157001093 13.896393582224848 48.317583359312266 20.720570941455662 5.0974514279514542 4.364537467248736 22.797368912026286 5.7713612299412489 14.349083432927726 39.946311617270112 253.52135186363012 156.29387839697301 31.701514855027199 11.010715592652558
leaf_count=1761 20893 170 1118 312 90 72 417 82 213 539 3364 2189 481 116
internal_value=0.000173875 -0.000941424 -0.0119366 -0.0179311 0.0208613 -0.00110375 -0.0077962 0.027058 0.00664692 0.0029842 0.00150306 -0.00159278 0.00972101 0.0176771
internal_weight=2159.42 1548.29 135.314 116.321 18.9938 68.0029 57.867 10.1359 35.0697 611.126 560.169 409.815 150.354 50.957
internal_count=31817 23367 2474 2214 260 1096 942 154 525 8450 7795 5553 2242 655
is_linear=0
shrinkage=0.05


Tree=292
num_leaves=15
num_cat=0
split_feature=2 0 39 37 5 32 28 0 34 37 33 44 39 16
split_gain=2.55147 3.80741 3.64519 5.2098 5.23826 4.91699 4.4291 4.10095 3.54509 3.512 3.43225 6.27015 4.76202 6.09864
threshold=-0.050695272469465917 1.0000000180025095e-35 0.0027004803966359692 -0.01946975325348543 -0.031957555539782793 0.047111980130000536 1.0000000180025095e-35 -0.01807085689405263 -0.053977736693210064 -0.019801237993864736 0.0739497887148894 0.96915146708961153 0.0069559287838043514 1.5997095643108821
decision_type=2 2 2 2 2 2 2 2 2 2 2 2 2 8
left_child=1 2 -1 4 5 9 -5 -7 -3 -4 11 -2 -12 -14
right_child=10 8 3 6 -6 7 -8 -9 -10 -11 12 -13 13 -15
leaf_value=0.017886983470084692 -0.0086778572844679741 0.00061329349403001351 -0.012727960541599859 0.0091200261642222589 0.032215750562080099 -0.0079274137585973858 -0.018831831350950304 0.030678223208504215 0.036692433998963145 0.023728992251111768 0.00088063609375844628 0.015140124775099243 -0.019483714569046587 0.019333722143118095
leaf_weight=26.777893964201212 221.81309008505195 11.520412875339391 42.556159974075854 16.265431998297572 12.011570328846572 7.9870898826047805 45.133347634691745 14.547998921945689 12.28056564927101 2.9858133699744931 1667.2194247655571 26.850214900448918 50.784124133642763 8.1486902656033617
leaf_count=436 3938 196 879 244 220 143 712 204 151 33 23204 389 970 100
internal_value=0.000112965 0.00553841 0.00258122 -0.000827202 0.00739214 0.00110768 -0.0112978 0.0180404 0.0223672 -0.00822678 -0.000427357 -0.0058583 0.000369666 -0.0130241
internal_weight=2166.88 192.066 168.265 141.487 80.0886 68.0771 61.3988 22.5351 23.801 45.542 1974.82 248.663 1726.15 58.9328
internal_count=31819 3218 2871 2435 1479 1259 956 347 347 912 28601 4327 24274 1070
is_linear=0
shrinkage=0.05


Tree=293
num_leaves=15
num_cat=0
split_feature=9 10 14 12 42 18 27 37 3 27 36 28 20 36
split_gain=2.57742 4.56379 2.70779 6.01704 6.22778 4.86031 5.90036 7.03696 4.6815 3.98699 13.0507 11.6471 11.1273 10.2484
threshold=5.8714565347241807 0.57909884667441613 0.62709347277184746 69.240924090572321 0.84589571502323191 0.12206614772286999 19.500000000000004 0.002121048636178791 0.020085037805580356 19.500000000000004 0.013619028819564895 4.5000000000000009 3.9364697669509661 0.022316850509511713
decision_type=2 2 2 2 2 2 2 2 2 2 2 2 2 2
left_child=2 -2 3 4 5 6 7 -1 -6 -4 11 12 -11 -12
right_child=1 -3 9 -5 8 -7 -8 -9 -10 10 13 -13 -14 -15
leaf_value=0.028598388862554475 0.020363203594470677 -0.010817647590225639 -0.0013190959801179956 -0.015388480744898398 0.0019367207596357157 -0.007162526266327106 -0.017185486036447605 -0.0028355934753107543 0.033442525253181588 -0.010060314127769776 0.051796244683590176 -0.014514631571751159 0.01739608193473384 -0.00078476043092516135
leaf_weight=40.387633750215173 33.980315080843866 13.086707863956688 1631.7803476960398 25.646898688748479 18.487005189061165 62.765960678458214 11.610952019691466 27.927845032885671 31.027791721746325 51.07544744387269 19.415991032496095 78.082196359988302 106.98336975369602 14.698499458841978
leaf_count=570 462 162 23986 419 240 948 180 449 361 702 236 1276 1550 264
internal_value=0.000496696 0.0114873 0.000226221 0.00544096 0.00854 0.00293719 0.0108232 0.016431 0.0229359 -0.00038376 0.00518509 0.000738273 0.00848734 0.031937
internal_weight=2166.96 47.067 2119.89 217.854 192.207 142.692 79.9264 68.3155 49.5148 1902.04 270.256 236.141 158.059 34.1145
internal_count=31805 624 31181 3167 2748 2147 1199 1019 601 28014 4028 3528 2252 500
is_linear=0
shrinkage=0.05


Tree=294
num_leaves=15
num_cat=0
split_feature=10 40 23 28 3 3 12 42 24 31 4 18 17 7
split_gain=2.37252 6.02101 4.55877 5.85525 4.12057 2.8918 2.80457 2.14455 1.9972 1.96739 2.44478 2.17063 1.93936 1.83525
threshold=0.63105497477621597 1.0000000180025095e-35 0.0099554491512375849 1.0000000180025095e-35 0.05034988292216825 0.058707744027972304 29.85500858222014 0.64418154931179628 0.028005696279230091 -0.18837535480104975 -0.046263844332184494 0.096362742468937154 2.734413803259605 4.8696415785178013
decision_type=2 2 2 2 2 2 2 2 2 2 2 2 2 10
left_child=13 6 3 7 9 -4 -2 -3 -7 11 -11 -5 -8 -1
right_child=1 2 5 4 -6 8 12 -9 -10 10 -12 -13 -14 -15
leaf_value=-0.00047551398580789495 0.006781665780239525 0.008252717715447163 -0.018373488502612275 -0.010986624912695461 -0.0097813068598988414 0.018853416874516513 -0.026797437666734765 -0.025158581878609105 -0.0079230286233705378 -0.0049894533410748364 0.029723229149496884 0.017386611743138478 -0.0025742219528639637 0.0040415620994675014
leaf_weight=1717.6210794779472 7.4976601656526318 3.9672288950532666 33.810404965654016 8.5171821368858236 11.651759604923425 7.5473699867725399 40.223903088830411 11.389274602755902 11.258810635656117 4.3510883413255206 32.586903165094554 8.7878787834197265 11.50480357185006 253.62869943119586
leaf_count=25792 123 71 469 98 148 138 518 162 143 66 433 116 135 3414
internal_value=-0.000409462 -0.00562559 0.000397644 0.00765856 0.0140897 -0.0105064 -0.0182109 -0.0166201 0.00452579 0.0196101 0.0255269 0.00408949 -0.0221118 0.000114426
internal_weight=2164.34 193.094 133.868 81.2513 65.8948 52.6166 59.2264 15.3565 18.8062 54.2431 36.938 17.3051 51.7287 1971.25
internal_count=31826 2620 1844 1094 861 750 776 233 281 713 499 214 653 29206
is_linear=0
shrinkage=0.05


Tree=295
num_leaves=15
num_cat=0
split_feature=6 8 19 8 18 33 35 41 21 31 21 14 3 6
split_gain=3.09119 6.19855 5.34783 4.48441 4.17803 3.9299 9.81795 6.72708 5.91952 4.76722 4.6511 3.82991 3.82716 4.70795
threshold=2.2858227689422845 -0.13049083227476274 0.012686485818078505 0.6697792998220774 0.072965436469323686 0.84474389019082696 0.0046628629102856154 0.015840839362531726 0.13793238993710696 0.96613538794974529 0.5154947114397207 1.1224669076050537 0.053947060043920032 2.2034289726243874
decision_type=2 2 2 2 2 2 2 2 8 2 10 2 2 2
left_child=3 2 4 12 -2 6 8 -7 -5 11 -9 -10 -1 -14
right_child=1 -3 -4 5 -6 7 -8 10 9 -11 -12 -13 13 -15
leaf_value=0.0011463123122207057 -0.0097143062939539851 -0.0026482395971550057 -0.012187013600197713 0.040590445398045391 0.028958444370953615 -0.014695154252191542 0.031827827633527948 -0.0087961909898063434 0.006134782439153769 0.019349575564419609 0.019088387986625599 -0.016055419933457726 -0.014817127522003494 0.022666668288225458
leaf_weight=596.97096450906247 5.9721859898418179 1202.0840936563909 11.165363605134187 4.7359760496765366 33.129669262096286 39.921000982634723 42.038065679371357 18.504737899638712 30.892356120981276 18.262485738378018 41.464385472238064 39.426446897443384 65.248785748146474 5.0172177255153647
leaf_count=8806 76 17470 152 61 497 580 562 297 464 279 691 639 1030 70
internal_value=-0.000301161 -0.00190565 0.0144856 0.00192357 0.0226201 0.00778117 0.0131761 0.000191219 0.00358242 -0.000459218 0.0104693 -0.00654675 -0.000184134 -0.0108127
internal_weight=2154.83 1252.35 50.2672 902.482 39.1019 235.245 135.355 99.8901 93.3173 88.5813 59.9691 70.3188 667.237 70.266
internal_count=31674 18195 725 13479 573 3573 2005 1568 1443 1382 988 1103 9906 1100
is_linear=0
shrinkage=0.05


Tree=296
num_leaves=15
num_cat=0
split_feature=6 9 23 21 32 15 39 11 2 0 2 36 35 9
split_gain=2.32171 3.49423 3.96537 3.40536 3.79826 3.55837 4.89602 3.05714 5.39997 4.41629 3.52304 3.03891 8.05367 4.38697
threshold=2.3986867670216352 0.031988508007554185 0.005569912586630422 0.39727777777777779 0.013704416388980149 1.7718996423791411 0.0021065536789756432 0.48847823724853906 0.029859446002564075 -0.0044318459798807211 0.025241551530993282 -0.0045933052627195039 -0.025388280882427613 0.94045164388696123
decision_type=2 2 2 10 2 2 2 2 2 2 2 2 2 2
left_child=1 2 3 5 -5 7 -7 9 -9 -1 -11 13 -13 -3
right_child=-2 11 -4 4 -6 6 -8 8 -10 10 -12 12 -14 -15
leaf_value=-0.0026649589381601449 -0.0012302589539403166 0.0041855702043059016 -0.010265383936555978 0.025290572792436874 -0.006867595603514607 -0.0054051974502561202 0.025280712404471464 -0.015493274853854745 0.019084200190412567 0.033977697003796235 -0.0070271557499059474 0.044298731510258899 0.0053801116480820038 -0.011933511788324627
leaf_weight=35.117516077123582 1162.4413136439398 128.47525512985885 94.835211341269314 5.0110441399738184 123.08915589749813 16.713356219232082 36.464211632497609 42.165399867109954 10.238280415534971 15.2537759244442 5.0504361856728783 8.8826090618967992 415.91542473156005 56.76912937220186
leaf_count=486 16891 2063 1499 74 1881 226 532 600 139 187 69 116 6034 936
internal_value=0.000284582 0.00205345 -0.00167056 0.00127541 -0.00470683 0.00603352 0.0160007 0.000626659 -0.0076639 0.00845125 0.0244051 0.00439173 0.00669978 -0.000938018
internal_weight=2156.42 993.981 383.938 289.103 128.1 161.003 53.1776 107.825 52.4037 55.4217 20.3042 610.042 424.798 185.244
internal_count=31733 14842 5693 4194 1955 2239 758 1481 739 742 256 9149 6150 2999
is_linear=0
shrinkage=0.05


Tree=297
num_leaves=15
num_cat=0
split_feature=6 38 39 39 34 38 39 41 39 35 39 20 34 38
split_gain=2.79617 3.97323 3.86555 13.4879 8.02903 8.84163 6.66231 11.6143 6.6271 5.6423 7.41067 8.01711 5.75457 6.43943
threshold=4.8525017493515668 -3.4036275092200836 0.0037861545186720215 0.0037659308287908621 0.062237725140349427 1.5863907259423267 0.0031572565324953826 -0.0030840004563587038 0.0035265217238660104 0.018916326234903084 0.0022590704591998021 3.6291482662430057 0.03754243166571803 3.4587925653701661
decision_type=2 2 2 2 2 2 2 2 2 2 2 2 2 2
left_child=2 -2 3 4 5 -1 9 -8 -9 10 11 -7 13 -11
right_child=1 -3 -4 -5 -6 6 7 8 -10 12 -12 -13 -14 -15
leaf_value=6.3768388687820811e-05 0.017435975972479437 -0.0058549030010210451 -0.0019718802985291173 0.049578252256800855 -0.024478777935959435 0.030162024108677066 -0.011968627841973979 0.05050936992994462 0.0055793743628488124 0.038580937917657925 -0.013381735846695629 -0.0047740588411357794 -0.0064135952871872725 -0.014702675507465535
leaf_weight=738.14323575142771 14.665296612307428 306.68646583566442 853.31939219078049 10.065730491653083 23.105402315966785 25.273047292605042 12.738359425216911 27.220664029940963 12.839007399976252 26.985571000725034 51.746781793422997 33.365233140066266 12.836522101424633 4.1329616531729689
leaf_count=10344 277 4056 13467 111 427 325 180 373 173 413 802 460 263 65
internal_value=-0.000276898 -0.00454114 0.000481514 0.00262029 0.00188004 0.00264973 0.0116462 0.0262063 0.0383264 0.00599928 -0.000255076 0.0114701 0.0201278 0.0304485
internal_weight=2153.12 321.352 1831.77 978.453 968.387 945.281 207.138 52.798 40.0597 154.34 110.385 58.6383 43.9551 31.1185
internal_count=31736 4333 27403 13936 13825 13398 3054 726 546 2328 1587 785 741 478
is_linear=0
shrinkage=0.05


Tree=298
num_leaves=15
num_cat=0
split_feature=2 9 33 44 7 41 33 39 47 27 36 34 41 38
split_gain=2.15505 4.06041 3.50305 5.0228 4.99949 5.82818 4.66423 3.62055 5.69963 5.76348 4.9398 3.54918 6.07302 4.30846
threshold=-0.053023806415440015 -0.15489353893232199 0.0739497887148894 0.96070711749266646 1.200351074877364 -0.057088843239907809 0.07762805490458656 0.0069559287838043514 1.0000000180025095e-35 10.500000000000002 0.014939617841582821 -0.035364245612604199 -0.03011101864931395 -0.76646563976725346
decision_type=2 2 2 2 8 2 2 2 2 2 2 2 2 2
left_child=1 -1 3 4 11 -6 -4 -8 9 10 -9 12 13 -2
right_child=2 -3 6 -5 5 -7 7 8 -10 -11 -12 -13 -14 -15
leaf_value=-0.012312516317827107 -0.0200344624991734 0.0088135162918137749 0.033388328307116868 0.011174483655787708 0.012120178512780027 -0.015354805468582795 0.00081653965492107258 -0.014391370172057605 0.023446473637691069 -0.027702463791242402 0.028083002993500999 -0.015712485548726771 0.0275109113131232 0.020619962318378964
leaf_weight=22.418110625818372 14.781490182038398 141.29916153009981 5.7654579151421776 34.252427137456834 18.164526911452413 157.16404014639556 1663.7207523570396 10.730736354365947 5.8216227833181611 34.441642706748098 7.3119042366743079 11.247774674557148 21.409533987753097 5.0474112480878786
leaf_count=368 256 2409 89 504 293 2902 23237 179 64 700 124 186 365 72
internal_value=0.000215799 0.00564153 -0.000243629 -0.00557347 -0.00827746 -0.0122512 0.000578537 0.000372341 -0.011366 -0.0169309 0.00518033 0.00490767 0.0116227 -0.00761751
internal_weight=2153.58 163.717 1989.86 262.067 227.815 175.329 1727.79 1722.03 58.3059 52.4843 18.0426 52.4862 41.2384 19.8289
internal_count=31748 2777 28971 4578 4074 3195 24393 24304 1067 1003 303 879 693 328
is_linear=0
shrinkage=0.05


Tree=299
num_leaves=15
num_cat=0
split_feature=17 1 10 42 12 22 17 37 20 5 5 42 1 11
split_gain=2.76454 3.05671 4.17372 3.57895 3.62593 3.03761 4.83757 2.40853 3.11016 2.32639 2.50192 4.16942 3.94314 5.24769
threshold=3.349608971363176 0.048782041125722715 0.58044922784969522 0.97530822381791094 78.367123166172192 2.5000000000000004 2.5809584527277427 -0.068628324984787034 14.130977072203557 0.24992109317032199 -0.13569276141745631 0.92620200242050843 -0.024804640154844567 0.48448898889388631
decision_type=2 2 2 2 2 2 2 2 2 2 2 2 2 2
left_child=1 7 3 5 -5 6 -3 8 -1 10 11 12 -9 -14
right_child=-2 2 -4 4 -6 -7 -8 9 -10 -11 -12 -13 13 -15
leaf_value=-0.0073047815477803998 -0.010859521921496472 -0.012080287040438297 -0.008551679430117717 0.038130891201153753 -0.0030682334016575476 -0.011338146476093179 0.032561211945001556 -0.0097102607246843942 0.037369724881405497 -0.012073755956151268 0.00056674349832064959 -0.024107687227392097 0.012283016514041241 -0.0070636592424111648
leaf_weight=4.3145147226750833 53.590731734409928 6.6829038187861469 19.520712700672448 18.108416503295306 6.0304219964891663 13.905863997526469 10.17610167339444 101.93287685839459 4.4026390770450234 36.567013976164162 1719.3199186702259 20.09506550617516 68.568404321558774 62.412063206546009
leaf_count=83 619 143 265 186 90 189 132 1785 51 512 25382 233 986 965
internal_value=-0.000147469 0.000152175 0.00977369 0.0164591 0.0290781 0.00387704 0.0161498 -0.000226021 0.0206554 -0.000367689 -0.000120676 -0.0047125 -0.00256766 0.00314358
internal_weight=2145.63 2092.04 74.4244 54.9037 24.1388 30.7649 16.859 2017.61 8.71715 2008.9 1972.33 253.008 232.913 130.98
internal_count=31621 31002 1005 740 276 464 275 29997 134 29863 29351 3969 3736 1951
is_linear=0
shrinkage=0.05


Tree=300
num_leaves=15
num_cat=0
split_feature=30 18 27 18 33 8 14 16 14 41 20 2 14 37
split_gain=2.5202 2.97335 5.17542 3.91468 4.06803 2.93441 2.77695 5.66137 3.80296 4.34505 4.5534 4.0101 3.99201 3.85186
threshold=8.8500000000000014 0.06666666666666668 12.500000000000002 0.07671996405524957 0.86749699879951991 6.0747754779793013 0.59020885265260603 0.5380477196023723 0.87219733052513748 -0.028983775282735432 4.4875494716583839 0.027828057080266259 0.65371894490714799 -0.0049882704108024636
decision_type=2 2 2 2 2 2 2 8 2 2 2 2 2 2
left_child=6 2 -2 4 -3 -5 7 -1 9 -8 12 13 -11 -12
right_child=1 3 -4 5 -6 -7 8 -9 -10 10 11 -13 -14 -15
leaf_value=0.020101715011186311 -0.02646684828935561 0.028327322791049006 0.0091653162761544671 0.0034267325617516908 -0.0089961696529307824 -0.016806326474177798 0.0063777588024470852 -0.002720416403178781 0.00037053258276462391 0.025419027881155576 -0.013488589347576758 -0.020031883491830077 -0.0019992759346088513 -0.00015916195878207446
leaf_weight=41.589162704534829 17.186558652669191 24.162088949233297 15.260949788615106 524.83637759461999 7.0712819835171095 13.646362878382204 65.944580496288836 62.763880951330066 980.14474709937349 10.402517346665261 99.288596623111516 74.309980482794344 92.259867628104985 113.09402826055884
leaf_count=657 184 291 188 7148 91 155 1032 934 14826 144 1718 1213 1361 1741
internal_value=0.000265826 0.00299459 -0.0107219 0.00386229 0.0198019 0.00276408 -0.000807543 0.00687842 -0.00138823 -0.0051373 -0.00714372 -0.0103336 0.00183042 -0.00655757
internal_weight=2141.96 602.164 32.4475 569.716 31.2334 538.483 1539.8 104.353 1435.44 455.3 389.355 286.693 102.662 212.383
internal_count=31683 8057 372 7685 382 7303 23626 1591 22035 7209 6177 4672 1505 3459
is_linear=0
shrinkage=0.05


Tree=301
num_leaves=15
num_cat=0
split_feature=15 36 0 15 31 41 33 46 35 36 4 41 4 14
split_gain=2.02504 2.22143 2.5311 2.13489 2.77626 2.62782 3.94456 2.49531 3.79939 7.09095 4.07718 3.72235 3.83578 3.42654
threshold=0.80448792903616895 0.00069651119557767604 -0.011071370423779979 1.0111500968150076 -0.07133375178436574 -0.0020288801658302487 0.15441698041141488 1.0000000180025095e-35 -0.019319534357128295 -0.014202789231759603 -0.10691894092542674 -0.020579606771328748 -0.065054986962493552 1.1263792337981935
decision_type=2 2 2 2 2 2 2 2 2 2 2 2 2 2
left_child=1 2 -1 4 -2 6 -6 -5 9 -9 -11 -10 -13 -14
right_child=3 -3 -4 7 5 -7 -8 8 11 10 -12 12 13 -15
leaf_value=-0.0034572026453741043 -0.023863749304197782 -0.0025967311884770717 0.028507037950778608 4.4212097812601107e-05 -0.015813165450006408 -0.014185956727101072 0.024347279358531232 -0.0079667565533900735 -0.010966845362826872 -0.003672091805169999 0.03147682715016497 0.021367428348196802 -0.0030104777941233501 0.0095707133848778464
leaf_weight=7.3309777621179846 15.307697997428475 16.50348936766386 16.345758076757193 1712.6627624053508 5.2959261368960169 13.132492613047363 12.219248065724967 21.048337914980948 41.887430230155587 9.0312120597809535 37.506702162325382 24.461169285699725 130.68314009346068 85.393963288515806
leaf_count=96 205 230 179 25855 78 193 152 347 579 136 443 317 1712 1168
internal_value=0.000813191 0.0112889 0.0197328 0.000587343 -0.00952626 -2.23323e-05 0.0113892 0.00083516 0.00465026 0.0148641 0.0249613 0.00198996 0.00442364 0.00206563
internal_weight=2148.81 40.1802 23.6767 2108.63 45.9554 30.6477 17.5152 2062.67 350.012 67.5863 46.5379 282.426 240.538 216.077
internal_count=31690 505 275 31185 628 423 230 30557 4702 926 579 3776 3197 2880
is_linear=0
shrinkage=0.05


Tree=302
num_leaves=15
num_cat=0
split_feature=30 40 33 38 39 39 9 35 38 39 37 37 37 4
split_gain=2.6217 2.29579 9.72614 7.93732 7.9329 8.39874 7.94331 6.91123 10.0786 6.64351 8.67589 12.0954 8.80898 8.64872
threshold=4.5500000000000016 1.0000000180025095e-35 0.12766816369783521 -0.78535873397150502 0.0052767383809636239 0.0018905330062785543 2.0055398023712456 -0.0097783613914085837 -0.76646563976725346 0.0034048941301260071 -0.019005351759760144 -0.0087668589723875461 -0.011874836926434594 0.014728977091005071
decision_type=2 2 2 2 2 2 2 2 2 2 2 2 2 2
left_child=-1 7 -3 4 5 -4 -7 8 9 10 -2 12 -12 -13
right_child=1 2 3 -5 -6 6 -8 -9 -10 -11 11 13 -14 -15
leaf_value=-0.0089112614770328006 -0.027982696673346637 -0.019386115551410718 -0.018062187612072067 0.0022386693841787639 -0.021524054968100892 0.043511939886534373 -0.0084194249658404146 -0.0069372015014697421 0.021766942134685174 0.0044563834207522442 -0.0027083177997655182 -0.019483661248800715 0.026403651277391055 0.015300657999609528
leaf_weight=67.228401640430093 33.800142402760684 44.540530695579946 5.6710795164108267 1029.3018026128411 5.874750727787613 36.024358694441617 7.2061679465696207 321.49842838011682 53.586186833679676 343.71459953812882 56.830629101954401 91.230935240164399 41.621287112124264 18.015591564588249
leaf_count=1030 713 737 62 14867 117 485 117 4118 691 5774 864 1349 571 304
internal_value=0.00045631 0.000778349 0.00230283 0.00327885 0.0210028 0.0276344 0.03488 -0.00101599 0.0019948 1.52679e-05 -0.00626776 -0.00215922 0.0102803 -0.0133289
internal_weight=2156.14 2088.92 1128.62 1084.08 54.7764 48.9016 43.2305 960.298 638.799 585.213 241.499 207.698 98.4519 109.247
internal_count=31799 30769 16385 15648 781 664 602 14384 10266 9575 3801 3088 1435 1653
is_linear=0
shrinkage=0.05


Tree=303
num_leaves=15
num_cat=0
split_feature=5 28 33 33 28 39 12 41 0 39 41 41 39 37
split_gain=1.99099 6.91585 11.3171 10.3091 12.9596 12.468 11.0955 9.93955 10.2142 9.05073 7.91255 7.58485 7.57525 7.96355
threshold=-0.037634408602150553 2.5000000000000004 0.52364972834771506 0.22826718807800037 1.0000000180025095e-35 0.004152001833112891 41.08500911168224 -0.039676660588014327 -0.020686882565176364 0.0048023221213794451 -0.040823845695574422 -0.057088843239907809 0.0025478838711752894 -0.010642585183566365
decision_type=2 2 2 2 2 2 2 2 2 2 2 2 2 2
left_child=1 3 7 4 5 10 -5 11 -9 12 -1 -3 13 -6
right_child=-2 2 -4 6 9 -7 -8 8 -10 -11 -12 -13 -14 -15
leaf_value=0.039425848011067396 -0.0011964776541039243 0.013081884235583064 -0.0053307368337402461 0.023983043067970691 0.038073735994735569 -0.023222843210184054 -0.002592106968585646 -0.0085037663607553798 0.017933254021519764 0.001716135454130121 0.0015295762523893802 -0.01985541687344048 -0.036650528815093522 -0.024680089449117294
leaf_weight=18.593135016039014 1263.1227183495648 24.67756683472544 160.55709759518504 49.480870798230171 4.5806983429938555 23.69242281280458 137.8646501856856 39.463446371257305 255.31999506242573 28.009051501750946 34.118213245645165 38.801756247878075 67.443030463531613 5.8724255403503758
leaf_count=272 18005 395 2276 701 58 574 2111 757 3498 521 542 654 1197 101
internal_value=7.7435e-05 0.00188509 0.00558641 -0.00331504 -0.0116294 0.0039764 0.00486778 0.010485 0.0143113 -0.0225597 0.0171546 -0.00703079 -0.0308655 0.00624084
internal_weight=2151.6 888.474 518.82 369.654 182.309 76.4038 187.346 358.263 294.783 105.905 52.7113 63.4793 77.8962 10.4531
internal_count=31662 13657 7580 6077 3265 1388 2812 5304 4255 1877 814 1049 1356 159
is_linear=0
shrinkage=0.05


Tree=304
num_leaves=15
num_cat=0
split_feature=41 28 41 37 14 4 34 38 33 41 33 37 34 38
split_gain=1.92863 3.42745 3.05557 3.27593 4.02831 3.02697 2.39097 6.91032 7.80034 7.62396 4.61816 6.30896 3.89554 8.00048
threshold=-0.067021430731697293 5.5000000000000009 -0.057088843239907809 -0.016393458791980283 0.92000294953400508 -0.076133169652285268 -0.055487256980164205 -0.61822453105054687 0.067455352064611548 0.002581769258964695 0.010256679991584264 -0.038722738042361642 -0.051265549774368584 -2.1556372015925054
decision_type=2 2 2 2 2 2 2 2 2 2 2 2 2 2
left_child=1 -1 3 4 -2 -5 7 8 9 10 11 -4 13 -8
right_child=2 -3 6 5 -6 -7 12 -9 -10 -11 -12 -13 -14 -15
leaf_value=-0.025176596988725777 -0.0080307471002387231 0.0099563138883733034 0.028162570363793382 -0.024593248617690539 0.035660611730562751 0.015755656113578844 0.042091841717273759 0.029881599745279278 0.020665285372423327 0.033922643937004004 -0.024139779237650136 -0.017042610400524728 0.00037611569639250155 -0.00060722606088667731
leaf_weight=13.641909287311138 5.0468058437109056 7.6183917876332989 7.9831703603267696 4.8764951135963202 14.663375597447155 4.1835870798677188 12.20754829701036 7.122673124074935 13.436750143766401 2.9786563925445071 71.50172484992072 14.061890941113232 1947.1403344441205 29.881562789902091
leaf_count=238 75 155 124 71 174 80 185 109 208 21 1478 284 28066 457
internal_value=0.000381201 -0.0130885 0.000545592 0.015467 0.0251121 -0.00698443 0.000305634 -0.00648776 -0.0100407 -0.0151223 -0.0183259 0.00150767 0.000720753 0.0149316
internal_weight=2156.34 21.2603 2135.08 28.7703 19.7102 9.06008 2106.31 117.085 109.962 96.5254 93.5468 22.0451 1989.23 42.0891
internal_count=31725 393 31332 400 249 151 30932 2224 2115 1907 1886 408 28708 642
is_linear=0
shrinkage=0.05


Tree=305
num_leaves=15
num_cat=0
split_feature=19 33 7 19 16 11 41 41 28 27 41 5 41 42
split_gain=2.4239 4.92717 4.90693 4.75352 4.73371 4.03987 3.98472 11.9167 9.43549 8.17278 8.01636 7.34459 7.19124 6.9312
threshold=0.014695498045202447 0.64575131233595806 1.6417430535316029 0.012686485818078505 0.15972415984663721 0.47528005886611441 -0.0023820480945616058 -0.0011267276804189927 4.5000000000000009 16.500000000000004 0.013153460891188852 0.0093154553725918205 0.017079516985028968 0.80321414741190156
decision_type=2 2 8 2 8 2 2 2 2 2 2 2 2 2
left_child=3 2 5 6 -4 -2 -1 -8 12 10 -10 -12 -9 -11
right_child=1 -3 4 -5 -6 -7 7 8 9 13 11 -13 -14 -15
leaf_value=-0.0014599965090635737 0.010768164054739725 -0.0020266671204015735 -0.0085838730361818046 -0.0052003701036749421 0.017441395279363357 -0.013032417637443736 0.027412682734625188 0.0013152668200506238 0.012503501228941999 -0.0357310503571052 -0.027657106929535609 0.00267838150898709 0.014733520073854624 -0.0034533981262759167
leaf_weight=720.80402179760858 27.815701881423593 173.80559660121799 17.054448587819934 371.81049443315715 127.66904938220978 34.260349394753575 44.830602567642927 277.53729438409209 65.190863016992807 31.69637686945498 30.407877788878977 43.902449512854218 151.94650231301785 32.587449841201305
leaf_count=11420 396 2322 219 5622 1614 438 565 3929 846 527 468 612 2392 440
internal_value=0.000567183 0.00415956 0.00928391 -0.000214517 0.0141903 -0.00235989 0.00112446 0.00386225 0.00199338 -0.00676137 0.000202984 -0.010696 0.00617741 -0.0207986
internal_weight=2151.32 380.605 206.8 1770.71 144.723 62.0761 1398.9 678.099 633.269 203.785 139.501 74.3103 429.484 64.2838
internal_count=31810 4989 2667 26821 1833 834 21199 9779 9214 2893 1926 1080 6321 967
is_linear=0
shrinkage=0.05


Tree=306
num_leaves=15
num_cat=0
split_feature=28 39 33 37 27 17 36 24 7 27 28 39 32 38
split_gain=2.14987 6.1128 5.8478 7.44879 7.59904 10.8555 5.92627 5.9068 4.83217 4.66741 13.6342 12.242 11.3573 8.83101
threshold=2.5000000000000004 0.0096453288455628974 0.93962624392501748 0.011122793132523958 12.500000000000002 2.0766354578310171 0.020588314213036533 0.022965262009550274 1.8335979865104888 18.500000000000004 4.5000000000000009 0.0046505661053597974 0.018099918099918105 -1.6202905074103706
decision_type=2 2 2 2 2 2 2 2 10 2 2 2 2 2
left_child=-1 2 3 9 5 8 -6 -4 -5 -2 11 13 -12 -11
right_child=1 -3 7 4 6 -7 -8 -9 -10 10 12 -13 -14 -15
leaf_value=-0.0017566116715949408 0.0042143159813689554 -0.031591740862261068 -0.005908374519251575 -0.0030826283160598732 -0.020538830440412825 -0.011892592027802025 0.014435080840919788 0.016454675160772786 0.033078561903664178 0.046306587240179192 0.020873647996260694 -0.020082776876641801 -0.021564668631792693 0.0027694108070154609
leaf_weight=912.6552004525438 716.59081805031747 8.868842392228542 36.601375125348568 12.356606481596826 98.059901691041887 50.353661646135151 10.15571250580251 111.93370515853167 24.175346929579973 21.205006808042526 14.617209073156117 15.547580166719852 94.248674865346402 22.185695054009557
leaf_count=14047 9799 187 551 182 1483 656 177 1730 318 242 210 316 1534 262
internal_value=7.88353e-05 0.00143475 0.00180041 0.000499449 -0.00821924 0.00275643 -0.0167641 0.0109311 0.0219488 0.00245822 -0.00494596 0.0137023 -0.0152002 0.0266322
internal_weight=2149.56 1236.9 1228.03 1079.5 195.101 86.8856 108.216 148.535 36.532 884.395 167.804 58.9383 108.866 43.3907
internal_count=31694 17647 17460 15179 2816 1156 1660 2281 500 12363 2564 820 1744 504
is_linear=0
shrinkage=0.05


Tree=307
num_leaves=15
num_cat=0
split_feature=43 43 18 13 17 20 20 23 10 1 19 41 36 14
split_gain=3.57278 4.12904 3.95653 3.80816 4.93809 5.25674 5.36907 5.14446 4.57607 7.20952 5.17099 5.13169 3.65496 5.07309
threshold=0.57805332568807344 0.64256678281068547 0.13747956434062197 0.015249986729032515 2.8145178741713415 7.9998428097626855 1.5740916379645926 -0.0025902594067615521 0.58605915550403309 0.0448579731178489 0.015991678260991602 -0.004515505509429917 -0.0010008677271968745 0.72143436454557641
decision_type=2 2 2 2 2 2 2 2 2 2 2 2 2 2
left_child=-1 2 -2 4 5 6 -3 -8 9 12 -11 -10 -5 -14
right_child=1 3 -4 8 -6 -7 7 -9 11 10 -12 -13 13 -15
leaf_value=-0.0020255473392634007 0.016077887536748176 -0.0030904665100404622 -0.002471758356876917 0.010894642898937221 -0.010292660298966538 -0.0063253455763294308 -0.0022374000860777852 0.014911750446571446 0.011893268431466198 0.034301433824975164 0.0011605565178683501 -0.014226569519920669 0.021667690700381267 -0.0055672693261369522
leaf_weight=1039.4652694473043 86.91616954933852 138.87847457546741 40.081567833200097 98.631886143237352 120.63071526773274 167.98330838978291 61.904955769889057 134.89060392044485 23.849925055168569 33.53949932847172 17.463696055114269 50.872329554520547 15.019195856526492 113.06599409878254
leaf_count=16123 1375 2129 626 1309 1475 2635 910 1961 281 393 206 624 198 1463
internal_value=7.30681e-05 0.00204972 0.0103516 0.000923055 -0.00142317 0.000781449 0.00437858 0.00959546 0.00504074 0.00797087 0.0240706 -0.00566657 0.00390777 -0.00167964
internal_weight=2143.19 1103.73 126.998 976.731 624.288 503.657 335.674 196.796 352.443 277.72 51.0032 74.7223 226.717 128.085
internal_count=31708 15585 2001 13584 9110 7635 5000 2871 4474 3569 599 905 2970 1661
is_linear=0
shrinkage=0.05


Tree=308
num_leaves=15
num_cat=0
split_feature=30 33 36 28 32 27 37 15 29 21 39 37 36 21
split_gain=2.16292 1.88143 7.53404 7.596 10.8472 6.26214 5.34103 4.47382 4.28811 4.06773 3.85698 3.7462 4.25801 3.6277
threshold=3.4500000000000006 0.94324282865470177 0.007164997078505487 1.5000000000000002 0.99042864993588575 17.500000000000004 0.0024442116493876846 2.5406343355377961 2.5000000000000004 0.67494557329463001 0.0057631990788440789 0.039564750737256633 -0.00037092504817992639 0.6542438271604939
decision_type=2 2 2 2 2 2 2 2 2 10 2 2 2 10
left_child=-1 11 6 5 8 10 -3 -6 -5 -8 -4 -2 -13 -7
right_child=1 2 3 4 7 13 9 -9 -10 -11 -12 12 -14 -15
leaf_value=-0.016029422707827843 -0.00016121456177091659 0.025066859001976017 -0.029352141213574004 0.039476461957646258 0.015305004053123806 0.033901747436539877 -0.016188366686645968 -0.021679046013586088 0.010573777322847856 0.0027512338506831433 0.006846296579259459 0.013403943875479602 -0.023347705138830735 -0.0080702617702895305
leaf_weight=16.119354198686779 1855.7515326431021 8.5369589738547784 18.000783422030512 40.363874139264226 9.2866033650934714 7.6322024986147863 62.278107454068959 15.076241765171288 24.537943007424474 46.80810918379575 8.4565411712974292 6.7034121397882691 28.594983201473951 6.0284958006814122
leaf_count=236 26941 104 422 621 133 97 999 239 373 766 147 78 475 86
internal_value=-0.000106731 5.04328e-05 0.00410925 0.0122249 0.0200134 -0.00540236 -0.00495222 -0.00737589 0.030087 -0.00829711 -0.0185329 -0.000489161 -0.0155712 0.01818
internal_weight=2154.18 2138.06 247.006 129.383 89.2647 40.118 117.623 24.3628 64.9018 109.086 26.4573 1891.05 35.2984 13.6607
internal_count=31717 31481 3987 2118 1366 752 1869 372 994 1765 569 27494 553 183
is_linear=0
shrinkage=0.05


Tree=309
num_leaves=15
num_cat=0
split_feature=8 1 36 36 18 44 38 38 2 9 41 14 18 8
split_gain=2.78859 3.87129 3.37084 3.21064 3.15763 4.37771 5.04011 5.15385 3.33198 4.41203 3.10982 3.78926 3.5426 3.0651
threshold=3.0852981903230243 0.047619047619047568 -0.017896348368980127 -0.02146407740643241 0.20071824237315727 0.80546234153616714 1.3678439522742425 0.55219707025156273 0.045460071171230861 0.30234341712423013 0.010665510805752511 1.435264799284637 0.094970824624265884 0.88501938310388883
decision_type=2 2 2 2 2 2 2 2 2 2 2 2 2 2
left_child=1 4 3 -2 -1 13 7 8 9 -7 11 -4 -12 -6
right_child=2 -3 10 -5 5 6 -8 -9 -10 -11 12 -13 -14 -15
leaf_value=0.00072318090612481529 -0.0062856895042439744 0.012035701896753789 -0.016650173301553339 0.026868154515695037 -0.020305189842879046 -0.0095097753118422446 -0.017666607463769756 0.023418752632927153 -0.022882173428472635 0.017741391334568434 0.020399897313024537 0.0023950950196196842 -0.004799499590584142 0.0014434365595596341
leaf_weight=1682.4040679372847 11.107220153324308 64.689433000050485 97.303069289308041 10.215267797932027 56.926966528408229 26.152546895667911 23.802992403507233 24.698998155072331 9.7837757207453233 23.730032390914857 13.209605846554039 33.527186498977244 54.762966978363693 21.083229451905936
leaf_count=25195 190 848 1379 144 915 354 300 298 100 300 170 477 809 357
internal_value=-0.00014723 0.000464901 -0.00541425 0.0116844 3.3275e-05 -0.00605693 0.000546393 0.00638598 -0.00193034 0.00388934 -0.00748982 -0.011861 0.00115991 -0.0146945
internal_weight=2153.4 1933.27 220.125 21.3225 1868.58 186.179 108.168 84.3654 59.6664 49.8826 198.803 130.83 67.9726 78.0102
internal_count=31836 28667 3169 334 27819 2624 1352 1052 754 654 2835 1856 979 1272
is_linear=0
shrinkage=0.05


Tree=310
num_leaves=15
num_cat=0
split_feature=41 28 33 39 5 37 33 34 39 28 39 4 37 32
split_gain=2.60396 3.58773 2.46584 5.99636 3.61818 5.27291 3.36337 5.95154 4.98386 5.71986 9.9528 8.96244 6.42327 6.44386
threshold=-0.067021430731697293 5.5000000000000009 0.0091326105087572995 0.0048490892270399901 -0.060941070975114357 -0.011282119732447081 0.0739497887148894 -0.051265549774368584 0.0031227876369953832 3.5000000000000004 0.006768430438358476 -0.065054986962493552 -0.040186900312786815 0.066890380313199119
decision_type=2 2 2 2 2 2 2 2 2 2 2 2 2 2
left_child=1 -1 3 4 5 -2 8 -8 -4 10 11 -10 -11 -14
right_child=2 -3 6 -5 -6 -7 7 -9 9 12 -12 -13 13 -15
leaf_value=-0.027438836833940723 -0.021736881952640216 0.0096696996277400894 -0.013115843002397591 -0.021351766568286541 0.040036699953618055 0.026854255121037229 0.039986297277267636 0.00084132074437513543 -0.027076234071277405 -0.017591794323739685 0.024272843938972246 0.00034599610125161213 0.023004156982839915 -0.010386982622643523
leaf_weight=13.747551440261306 6.372981357388201 6.8368675727397195 105.2173582687974 5.3883109465241423 10.978472407907248 6.0165971927344808 4.7673145104199639 1761.795293292962 49.24663787195459 13.59798971377313 17.623667189851403 65.831028793938458 56.729538531973958 15.64546293299645
leaf_count=244 140 145 1743 114 144 89 61 24987 1061 247 287 1249 866 315
internal_value=0.000224392 -0.0156326 0.000414849 0.013821 0.0242651 0.00279647 0.000197895 0.00105952 -0.00444621 -7.47817e-05 -0.00650064 -0.0120279 0.00965583 0.0155812
internal_weight=2139.8 20.5844 2119.21 28.7564 23.3681 12.3896 2090.45 1766.56 323.892 218.674 132.701 115.078 85.973 72.375
internal_count=31692 389 31303 487 373 229 30816 25048 5768 4025 2597 2310 1428 1181
is_linear=0
shrinkage=0.05


Tree=311
num_leaves=15
num_cat=0
split_feature=11 20 27 28 39 36 36 36 14 20 34 23 37 39
split_gain=3.20069 2.71932 2.01871 9.92277 9.97477 8.07733 12.2344 7.62492 6.4113 5.86709 5.01121 4.76151 4.74323 5.49339
threshold=0.63739750651185811 13.4573279013629 19.500000000000004 4.5000000000000009 0.0027162130978013988 -0.010705360118177963 -0.020651976221991161 0.012051917034288763 0.82576430688856151 11.186010898775011 -0.024202586927558414 0.0060648360375852315 0.023346588932010474 0.0017388450127778191
decision_type=2 2 2 2 2 2 2 2 2 2 2 2 2 2
left_child=2 -2 -1 4 8 6 -6 9 -4 -7 -11 -9 13 -5
right_child=1 -3 3 12 5 7 -8 11 -10 10 -12 -13 -14 -15
leaf_value=-0.00060683630928732191 0.021763323747639812 -0.010461464558541043 -0.0061977153680724106 0.0083046132162786293 -0.017354042493157886 -0.014543743424941467 0.04070071570701389 0.03361690518809806 0.047864020823609153 -0.010309385487268936 0.031552669099402263 -0.0007116480366841575 0.022674008873004955 -0.017607665122142995
leaf_weight=1819.1867140908726 24.215871335007254 5.1688622795045367 5.6792866056785014 24.05394097790122 9.5231538554653508 73.158790425397456 26.068063318729401 16.738994264043868 19.961240896955132 9.7367552826181072 10.603954115882514 18.489850195124745 6.7698375768959513 75.568066287785769
leaf_count=26882 313 77 71 330 189 1011 348 224 246 196 129 273 99 1344
internal_value=0.000265498 0.0153979 1.94985e-05 0.00381059 0.0105601 0.00549397 0.0249428 -0.000614834 0.0368322 -0.00808432 0.0134337 0.0177505 -0.00817353 -0.0112532
internal_weight=2144.92 29.3847 2115.54 296.352 189.96 164.32 35.5912 128.728 25.6405 93.4995 20.3407 35.2288 106.392 99.622
internal_count=31732 390 31342 4460 2687 2370 537 1833 317 1336 325 497 1773 1674
is_linear=0
shrinkage=0.05


Tree=312
num_leaves=15
num_cat=0
split_feature=18 7 30 41 33 38 38 39 20 39 28 16 39 41
split_gain=2.76921 4.77845 3.89698 4.26919 5.52912 4.99722 7.25918 7.23533 6.35866 4.55297 12.1638 4.72477 4.16846 4.01517
threshold=0.086730590325170984 0.80217536679131285 13.600000000000003 -0.0025720853268943462 0.70472994566954317 -0.37056070576625905 -2.1556372015925054 0.0044706111706625555 14.475258927001887 0.0023612189051303331 4.5000000000000009 0.66790761830155809 0.0031328152026495093 -0.0093474728206216478
decision_type=2 8 2 2 2 2 2 2 2 2 2 8 2 2
left_child=1 -1 3 4 5 6 -3 13 -8 10 -5 -12 -11 -7
right_child=-2 2 -4 9 -6 7 8 -9 -10 12 11 -13 -14 -15
leaf_value=0.019531174856059905 -0.0016760205827614314 0.0098600048009452271 -0.012938007273142309 0.047433098500004274 -0.018471168424273397 0.014633800642940249 -0.021228794083987937 0.044270483317510864 0.01215665223265373 -0.0095972842639648597 -0.017456657229899974 0.015370309044016482 0.008570892960258392 -0.013511588415369738
leaf_weight=33.497412520460784 1678.4168638926931 51.636872380040586 39.397657639347017 18.592218942940235 37.102630570530891 25.217665605247017 55.987936029210687 9.66247336193919 15.012223781086503 41.354667999781668 14.918893724679945 19.383759332820773 95.236855992581695 16.983349738642577
leaf_count=455 25240 768 475 222 618 339 827 161 237 566 178 228 1278 212
internal_value=-0.000723082 0.00263362 0.00114384 0.00266932 -0.00219932 0.00167858 -0.00386235 0.0139683 -0.0138344 0.00802298 0.0197966 0.000688722 0.0029256 0.00307556
internal_weight=2152.4 473.985 440.487 401.09 211.603 174.501 122.637 51.8635 71.0002 189.486 52.8949 34.3027 136.592 42.201
internal_count=31804 6564 6109 5634 3162 2544 1832 712 1064 2472 628 406 1844 551
is_linear=0
shrinkage=0.05


Tree=313
num_leaves=15
num_cat=0
split_feature=41 4 34 4 37 7 37 35 39 4 44 21 0 21
split_gain=2.50324 3.18457 3.01729 4.63077 3.40695 5.96374 4.12914 6.2825 3.41069 6.39985 2.82894 2.78176 2.74457 6.06762
threshold=0.072703264347917865 0.05613788089932837 0.075225321019159921 0.024246747071283384 0.049001476752028934 2.711781590426896 0.039564750737256633 0.025935352510210233 0.0077036550450189289 -0.12833954312761894 0.89698302001212871 0.71530850540806312 -0.0054249547920433563 0.66252889060092468
decision_type=2 2 2 2 2 10 2 2 2 2 2 8 2 8
left_child=2 -2 4 -4 6 10 8 -8 12 -10 -6 -11 13 -1
right_child=1 -3 3 -5 5 -7 7 -9 9 11 -12 -13 -14 -15
leaf_value=0.0014310060158145863 -0.0098395484683503533 0.032763891043919878 0.017291079856251317 -0.019203185317848509 0.035649816396720144 -0.0084424723562715239 -0.021735299480330456 0.018817781015682118 0.023853926486335747 -0.031586369340288932 -0.0053793311138766097 -0.0035480193618284833 0.0024165239413482678 -0.0084857333202884768
leaf_weight=531.19406226789579 3.8710981626063568 7.6640522144734859 6.8618031628429881 35.876425544731319 18.102697155438367 14.61395480763167 38.912524700164795 8.0599354105070216 5.5777615783736101 19.286946952342987 3.6770587284117928 16.140152269974351 1212.2416856242344 211.74609776213765
leaf_count=8264 60 135 88 648 295 235 556 139 86 412 55 346 16392 3822
internal_value=0.000434888 0.0198145 0.00028323 -0.0121465 0.000567204 0.0147689 0.0002788 -0.0136359 0.000639481 -0.0128208 0.0290118 -0.0208311 0.000953759 -0.00143321
internal_weight=2133.83 11.5352 2122.29 42.7382 2079.55 36.3937 2043.16 46.9725 1996.19 41.0049 21.7798 35.4271 1955.18 742.94
internal_count=31533 195 31338 736 30602 585 30017 695 29322 844 350 758 28478 12086
is_linear=0
shrinkage=0.05


Tree=314
num_leaves=15
num_cat=0
split_feature=21 21 30 43 8 41 44 5 19 41 17 20 11 39
split_gain=2.47006 2.78597 2.27509 2.27295 2.58842 4.12412 6.55893 7.56865 6.51208 4.23337 6.11344 4.0034 4.66625 3.92182
threshold=0.014583333333333335 0.022841316389703489 9.5500000000000025 0.99203174603174615 1.011055066696035 0.0098020589528473607 0.97152988855116529 0.23705605124038223 0.014479811345785848 0.0061302643752805261 -1.8343521142371717 0.75562622186882933 0.54486375361607386 0.0023342730453275932
decision_type=8 10 2 2 2 2 2 2 2 2 2 2 2 2
left_child=-1 2 -2 4 -3 8 7 -7 11 10 -10 -6 13 -13
right_child=1 3 -4 -5 5 6 -8 -9 9 -11 -12 12 -14 -15
leaf_value=0.019748897104620911 -0.024875823963197236 -0.0016017593169855302 0.0085402407159130816 -0.017543363876391393 -0.015220173145513299 0.013690950676395881 -0.0075063895964497893 -0.021004030239429646 -0.0051364641436460624 -0.016499179189499984 0.021706650945540751 0.0096718945666179907 0.0092773841625774442 -0.005984966394741869
leaf_weight=10.122042747214435 14.964674649760129 1264.9304702775553 4.0442532282322636 14.023120187222956 53.630564173683524 195.21836231183261 56.791844174265862 12.652483541518448 27.898533788509667 8.7318137455731613 66.011536839418113 41.768162691965699 79.605417928658426 286.28938224818558
leaf_count=134 226 18918 51 183 763 2930 706 203 480 109 774 551 1083 4600
internal_value=-0.000389706 -0.000531663 -0.0174684 -0.00033792 -0.000181148 0.00198414 0.00707021 0.0111354 -0.000443976 0.0106453 0.0138756 -0.00299912 -0.00122643 -0.00387627
internal_weight=2136.68 2126.56 19.0089 2107.55 2093.53 828.598 264.663 207.871 563.935 102.642 93.9101 461.294 407.663 328.058
internal_count=31711 31577 277 31300 31117 12199 3839 3133 8360 1363 1254 6997 6234 5151
is_linear=0
shrinkage=0.05


Tree=315
num_leaves=15
num_cat=0
split_feature=20 32 38 33 41 43 3 31 37 17 24 24 38 37
split_gain=2.64132 4.03077 9.7974 5.0775 4.91679 3.8601 4.81421 3.44468 3.27041 4.44072 3.25483 8.16501 3.74851 3.2201
threshold=0.97395493101362063 0.98104222821203957 2.1244133471322089 0.86749699879951991 0.011590129582085164 0.85240400484101675 0.03161361518598816 1.2296962438796155 0.0042194310741279226 1.6027821888437694 0.030380177618692984 0.03336784376747997 0.7306194619229891 0.030564292320640511
decision_type=2 2 2 2 2 2 2 2 2 2 2 2 2 2
left_child=1 3 8 7 -5 6 -6 10 -3 -10 -1 -12 -13 -2
right_child=13 2 -4 4 5 -7 -8 -9 9 -11 11 12 -14 -15
leaf_value=-0.01018395857204323 0.00018498838726953022 0.021023747689901794 0.035361851262877955 -0.02761838458859385 0.017554765225066264 0.008747572513920129 -0.018122687941538065 0.020358261451460927 0.020302149483417322 -0.021294391676971197 0.030122963002302963 -0.021702745990411328 0.0080522981301849768 0.0081700974863248132
leaf_weight=61.80713327229023 1701.2526462608948 3.7730646580457678 15.818606315180658 38.309870325960219 7.1353965215384951 25.547013701871037 54.109171513468027 13.526511857286094 3.8843511547893312 25.666105488315225 17.017855536192656 17.470031270757318 16.241431809961796 131.39879945991561
leaf_count=822 25264 51 241 620 93 428 869 189 70 441 204 197 189 1918
internal_value=6.28272e-05 -0.00424395 0.00827419 -0.00680691 -0.0137364 -0.00643818 -0.0129548 0.000331371 -0.00752024 -0.0136798 -0.00283943 0.00621978 -0.00817895 0.000778183
internal_weight=2132.96 300.307 49.1421 251.164 125.101 86.7916 61.2446 126.063 33.3235 29.5505 112.536 50.7293 33.7115 1832.65
internal_count=31596 4414 803 3611 2010 1390 962 1601 562 511 1412 590 386 27182
is_linear=0
shrinkage=0.05


Tree=316
num_leaves=15
num_cat=0
split_feature=38 38 5 36 23 38 27 36 27 1 27 41 17 4
split_gain=2.61251 11.8177 4.21216 3.34987 8.36434 5.68912 6.37279 3.78999 3.77106 3.67376 3.83996 3.57581 3.19745 3.12367
threshold=-2.7692931296177146 -2.8301304463335089 -0.089141511197360399 -0.014202789231759603 -0.013431602103326721 -1.3329210578905457 18.500000000000004 -0.013802462067235398 16.500000000000004 -0.024605300083098244 14.500000000000002 0.012892222673008076 -2.1411304552247548 -0.036849206798235383
decision_type=2 2 2 2 2 2 2 2 2 2 2 2 2 2
left_child=1 13 -3 4 9 6 11 8 -5 12 -11 -6 -2 -1
right_child=3 2 -4 7 5 -7 -8 -9 -10 10 -12 -13 -14 -15
leaf_value=0.0065083234745796324 0.0060778899868301327 0.0026463248295198545 0.050382142251652107 4.5713723714510149e-05 -0.03845885389165761 0.012730842731227647 0.0039688169459373927 -0.00016063309173056662 0.046620047498945244 -0.0032528265538016004 0.033134598549143628 0.004287468346998914 -0.022075158628547385 -0.0088093036346152797
leaf_weight=74.682588143274188 22.089135293848813 6.9778688848018673 13.148707728832958 8.7268006317317468 38.533622377552092 8.3616635352373105 13.053934655152259 1858.6128848847002 3.6777458824217311 10.90555359516293 12.676534158177672 4.4507340099662533 11.446320789866148 52.157956560608
leaf_count=1192 407 92 161 169 787 132 234 26833 46 195 176 49 237 959
internal_value=4.92138e-06 0.0063247 0.0376521 -0.000475883 -0.00834998 -0.0200573 -0.0255918 5.64102e-05 0.0232804 0.00540196 0.0186819 -0.0340472 -0.00514877 0.000114367
internal_weight=2139.5 146.967 20.1266 1992.53 121.517 64.4 56.0383 1871.02 12.4045 57.1175 23.5821 42.9844 33.5355 126.841
internal_count=31669 2404 253 29265 2217 1202 1070 27048 215 1015 371 836 644 2151
is_linear=0
shrinkage=0.05


Tree=317
num_leaves=15
num_cat=0
split_feature=36 37 40 17 41 16 11 37 2 28 17 18 36 36
split_gain=2.84704 3.72445 5.25177 4.99676 4.67625 4.60889 3.54019 4.01331 3.65016 3.38974 4.62047 7.12236 9.17091 7.25001
threshold=0.0022585248369625392 -0.01558108816576592 1.0000000180025095e-35 -2.0207457474786339 0.002126144979945122 2.1057249299749148 0.43285912969586171 -0.0064100540186691748 0.036992983407270981 2.5000000000000004 -2.3371196525340108 0.11444787112116755 -0.0032477455717577759 -0.011716782597629092
decision_type=2 2 2 2 2 8 2 2 2 2 2 2 2 2
left_child=9 4 3 -3 -2 6 -4 8 -8 -1 11 12 13 -11
right_child=1 2 5 -5 -6 -7 7 -9 -10 10 -12 -13 -14 -15
leaf_value=-0.0015827322490018553 -0.0036344590071776422 0.017786377334757887 -0.015292556258824653 -0.019887848203987927 0.034544907138638101 -0.012406186569119317 0.039269364980357137 0.00014057062763380977 -0.0026619836259021978 0.014473069108640921 0.005988864316601822 -0.010786672849817767 0.029383620927569354 -0.012801252904223598
leaf_weight=504.75577818369493 14.999616660177709 6.1885960903018704 30.746060093864799 62.332726215943694 10.369340892881153 79.827021813951433 7.6758139636367542 590.02134897420183 7.7820430770516396 36.297003781422973 581.16626780014485 117.0269440850243 26.842116268351674 54.539463928900659
leaf_count=7845 207 78 464 768 139 1137 98 9149 97 561 7794 2073 343 849
internal_value=0.000199036 -0.00212714 -0.00277585 -0.015507 0.0150892 -0.00145848 1.15321e-06 0.000896653 0.0226683 0.00162832 0.00361245 -0.0022741 0.00628595 -0.00171631
internal_weight=2130.57 809.943 784.574 68.5213 25.369 716.052 636.225 605.479 15.4579 1320.63 815.872 234.706 117.679 90.8365
internal_count=31602 12137 11791 846 346 10945 9808 9344 195 19465 11620 3826 1753 1410
is_linear=0
shrinkage=0.05


Tree=318
num_leaves=15
num_cat=0
split_feature=14 36 5 38 6 6 31 27 36 15 20 27 9 28
split_gain=2.76815 6.42278 5.85334 4.15706 4.06878 6.10449 3.6122 3.49628 2.26423 2.22431 2.20245 4.73457 3.20653 3.38774
threshold=0.55024254735159694 -0.010705360118177963 -0.065545407943017484 -1.521783173290356 2.0868197205273415 5.3192697980982322 0.80954666531337149 17.500000000000004 0.00098638240048321024 1.2167011669225489 24.557753970008324 13.500000000000002 -0.07625807898832869 5.5000000000000009
decision_type=2 2 2 2 2 2 2 2 2 2 2 2 2 2
left_child=1 2 -1 -3 9 6 7 8 -6 -5 12 -12 -2 -14
right_child=10 3 -4 4 5 -7 -8 -9 -10 -11 11 -13 13 -15
leaf_value=-0.034623625250099509 -0.0044674493133065717 0.031318237177963434 0.017494682921344706 0.014772780291774146 0.011411644855041637 -0.019291393627457902 -0.0093707672810866092 -0.0037849522703125591 0.04623288325074193 -0.013820567168265791 -0.0050861160555374339 0.026159629826543615 0.0019388291542922617 -0.0042972990423780525
leaf_weight=10.178254215046762 313.67565513961017 19.875322485342622 4.5718051046133033 4.5391936898231533 11.612587413750591 6.5305452421307555 4.9725558403879395 5.8713975558057419 15.171065282076595 22.781634327955544 21.115791298449039 19.740731252357364 1437.2151005845517 251.69389250734821
leaf_count=212 4749 258 65 56 139 80 72 99 209 318 271 258 21148 3927
internal_value=0.000801505 0.00848795 -0.0181301 0.0135035 0.00682629 0.0155642 0.0231668 0.0287079 0.0353057 -0.00751953 0.000382648 0.0112172 0.000134216 0.000999533
internal_weight=2149.55 106.104 14.7501 91.3543 71.479 44.1582 37.6276 32.6551 26.7837 27.3208 2043.44 40.8565 2002.58 1688.91
internal_count=31861 1508 277 1231 973 599 519 447 348 374 30353 529 29824 25075
is_linear=0
shrinkage=0.05


Tree=319
num_leaves=15
num_cat=0
split_feature=28 41 35 38 37 34 28 32 4 36 0 35 18 41
split_gain=2.70751 5.30297 8.6097 9.14965 7.63397 8.27547 9.7085 8.80725 9.54389 6.79711 6.17406 5.22783 5.66278 5.24084
threshold=2.5000000000000004 0.021602899829638648 0.011504969789075116 2.9887723339423338 0.015810635135330767 0.023100342907747821 1.5000000000000002 0.98048734056729503 0.031880086157094041 0.010617553744391774 -0.024847059043627936 0.0089635882474050649 0.1196280213229889 0.032522342791751375
decision_type=2 2 2 2 2 2 2 2 2 2 2 2 2 2
left_child=1 2 10 4 -4 6 -6 8 9 -7 -1 12 -3 -13
right_child=-2 11 3 -5 5 7 -8 -9 -10 -11 -12 13 -14 -15
leaf_value=0.014051567581256528 0.0016780858557148858 0.026704963398899356 0.00030207362413299543 -0.015490747755990958 0.055049685927338499 0.044440289549949302 -0.0070032016514585699 0.041382525246072964 -0.019806034620530211 0.0033802594766302882 -0.005285709610106137 -0.031280260963666338 -0.014312069528153438 -0.0006362147858812331
leaf_weight=39.823924313299358 1241.568191180937 10.652538808062674 88.80528352316469 32.936686922796071 21.427942572161559 9.6194160152226669 6.9168464355170718 13.486522334627805 25.486288050189614 35.517127696890384 550.51050190534443 37.489474905654788 13.526615390554069 21.088292230851948
leaf_count=632 17717 150 1251 600 333 141 96 179 445 562 8323 699 189 407
internal_value=0.000163666 -0.00190657 -0.000658809 0.00735764 0.0113817 0.019746 0.0411277 0.010637 0.00241775 0.0156901 -0.00387416 -0.0135925 0.0052382 -0.0211659
internal_weight=2148.86 907.287 824.531 234.196 201.259 112.454 28.3448 84.1094 70.6228 45.1365 590.334 82.7569 24.1792 58.5778
internal_count=31724 14007 12562 3607 3007 1756 429 1327 1148 703 8955 1445 339 1106
is_linear=0
shrinkage=0.05


Tree=320
num_leaves=15
num_cat=0
split_feature=17 35 11 31 39 44 14 32 33 33 41 32 19 19
split_gain=2.78909 4.69737 2.69007 3.2245 2.53322 3.0638 2.16729 5.19118 8.12373 3.63389 4.45672 4.53418 5.30433 4.32587
threshold=3.3072196619928382 -0.0043558264146500427 0.55976650125637828 1.0618931643076861 0.0010470364808974383 0.87815482502651132 0.62709347277184746 0.94485473798533814 0.88932633420822405 0.83453461239305171 -0.007669323269454408 0.087274954724619172 0.007998086520910384 0.011097140886001429
decision_type=2 2 2 2 2 2 2 2 2 2 2 2 2 2
left_child=4 -2 3 -3 5 -1 7 8 9 10 11 12 -6 -12
right_child=1 2 -4 -5 6 -7 -8 -9 -10 -11 13 -13 -14 -15
leaf_value=0.004428732314192033 0.020833944264756089 -0.025662764940519098 0.0037245697106366147 0.0060433160127949248 0.036679216727161415 -0.028924889635773755 -3.7803363939830899e-05 -0.013341761814303525 0.037109183727733752 -0.016580614798595711 0.026260478771079728 -0.011025497318693607 -0.00059118090985492162 -0.00058772495913597623
leaf_weight=10.064271325245501 6.4675167221575967 36.904210708104074 13.798357116058467 7.8530489336699238 8.8331631198525411 10.982284203171728 1847.8180118282326 27.224280244670808 16.991449710913002 13.685954969376324 37.142876310274005 44.458824152126908 30.308988377451897 22.963414062745869
leaf_count=112 58 433 157 116 131 120 27617 516 228 204 511 624 461 320
internal_value=-2.17661e-05 -0.00983637 -0.0145965 -0.0200514 0.000309415 -0.015187 0.00050513 0.0053618 0.00857222 0.00444378 0.00693621 -0.000663565 0.0110216 0.0167458
internal_weight=2135.5 65.0231 58.5556 44.7573 2070.47 21.0466 2049.43 201.609 174.385 157.393 143.707 83.601 39.1422 60.1063
internal_count=31608 764 706 549 30844 232 30612 2995 2479 2251 2047 1216 592 831
is_linear=0
shrinkage=0.05


Tree=321
num_leaves=15
num_cat=0
split_feature=30 41 5 21 32 32 38 34 27 39 21 46 27 32
split_gain=2.18522 3.84686 5.52214 4.60271 3.70752 6.37531 6.1195 5.2389 6.64536 5.08635 9.66789 7.49611 7.08392 5.75054
threshold=7.7500000000000009 -0.025814060101948724 -0.18911296000081182 0.30015243902439032 0.10726270373921382 0.59316189362945659 -0.12382212272990435 -0.0021220165123279062 17.500000000000004 0.0036736841119307186 0.39361986178423986 1.0000000180025095e-35 7.5000000000000009 0.042313201241346389
decision_type=2 2 2 8 2 2 2 2 2 2 8 2 2 2
left_child=4 -2 3 -3 9 -6 -7 8 -8 11 -11 12 13 -1
right_child=1 2 -4 -5 5 6 7 -9 -10 10 -12 -13 -14 -15
leaf_value=-0.014357280195480946 -0.0055607696165169635 -0.0017009674819233539 0.0024476417937409236 0.031502868389463576 -0.0087175619909872961 0.016783865687264726 0.031644673826823511 -0.0024259768970610607 -0.019571459489475689 0.028378569723398795 0.0023492354212027687 0.019410797802699817 -0.015786954934473029 0.02174065296630176
leaf_weight=13.26917442679405 132.84452702803537 15.073088383302091 743.10539192520082 25.686505172401667 293.7470834646374 46.163266257382929 18.753708608448509 518.43458103388548 4.833260089159011 42.152067382819951 150.96894947811961 24.68192382901907 90.251164539251477 24.661047844216228
leaf_count=225 2030 175 10086 337 4321 641 243 7996 67 627 2763 327 1655 331
internal_value=0.000325822 0.00216678 0.00350334 0.0203798 -0.00105177 -0.00276937 0.000249676 -0.00129906 0.0195623 0.00330355 0.00860341 -0.00345249 -0.00841838 0.00891109
internal_weight=2144.63 916.71 783.865 40.7596 1227.92 881.932 588.185 542.022 23.587 345.984 193.121 152.863 128.181 37.9302
internal_count=31824 12628 10598 512 19196 13268 8947 8306 310 5928 3390 2538 2211 556
is_linear=0
shrinkage=0.05


Tree=322
num_leaves=15
num_cat=0
split_feature=23 38 41 5 16 12 11 22 6 17 0 30 39 9
split_gain=2.4207 4.61277 4.5858 2.90176 5.01999 5.23006 3.04443 3.13036 3.91092 2.9619 2.50571 2.49147 2.28871 2.10301
threshold=0.039555189506442552 2.7503808208297316 0.054353765316986276 0.16586380905426182 0.1819980152149499 58.232647200522997 0.53527353186711679 2.5000000000000004 1.7488352995346801 2.9530482726111975 0.018494315332793224 22.250000000000004 0.002220096648943203 2.7668732333521167
decision_type=2 2 2 2 10 2 2 2 2 2 2 2 2 2
left_child=3 2 12 11 5 -5 7 -6 -9 13 -8 -1 -2 -10
right_child=1 -3 -4 4 6 -7 10 8 9 -11 -12 -13 -14 -15
leaf_value=0.00075385149948264843 0.0045155808573106564 0.025393763347462052 0.018188328178668087 0.019408764723691116 -0.0067776940938744021 -0.022031046617005785 -0.011190055010623819 -0.0054504015421915457 0.038379127093372573 -0.0007491348853978175 0.015209882028645191 -0.011665861800850004 -0.019953709256446482 0.0015811697971475679
leaf_weight=1918.8465178641491 9.4785534041002375 4.6950118355453005 7.067718567326664 6.7560472702607539 7.3284122115001074 18.575537904165685 16.141335634514693 7.8971421429887405 32.546277507208288 6.7465687319636336 10.635277023538945 36.254509415477514 53.246048892382532 4.8227633014321318
leaf_count=28574 137 79 135 91 108 247 213 116 417 64 122 469 896 72
internal_value=0.000625222 -0.0079404 -0.0117305 0.000952384 0.0086208 -0.00960133 0.0142136 0.0201096 0.02416 0.0294759 3.89598e-05 0.000494375 -0.0161957 0.0343771
internal_weight=2141.04 74.4873 69.7923 2066.55 111.449 25.3316 86.1178 59.3412 52.0128 44.1156 26.7766 1955.1 62.7246 37.369
internal_count=31740 1247 1168 30493 1450 338 1112 777 669 553 335 29043 1033 489
is_linear=0
shrinkage=0.05


Tree=323
num_leaves=15
num_cat=0
split_feature=15 15 16 28 35 5 10 44 42 35 14 32 33 5
split_gain=2.32594 3.37262 3.61843 3.12431 2.85553 5.8645 2.79995 2.20254 2.06559 2.03925 1.96006 6.39109 8.17819 5.29852
threshold=0.80448792903616895 1.0629292283750809 0.36257765990046387 2.5000000000000004 -0.01480658943928159 -0.02657059727042926 0.44330466294454512 0.84589571502323191 0.19466056898497361 0.0033419206166463993 0.62709347277184746 0.94636864813039312 0.8925897165677521 -0.18911296000081182
decision_type=2 2 8 2 2 2 2 2 2 2 2 2 2 2
left_child=3 2 -2 6 -4 -6 -1 -7 -5 -9 11 12 13 -3
right_child=1 10 4 8 5 7 -8 9 -10 -11 -12 -13 -14 -15
leaf_value=0.017142883745369063 -0.024570350922908362 -0.019045077280853084 -0.02025439298876968 -0.0024493659807816714 0.026638430792497659 -0.023379417447200464 -0.017563154831855013 -0.011887343432515315 0.02871189652286902 0.020766884913848385 -7.4042614383938493e-05 -0.0157703707410481 0.036466219372542651 0.0075643963664659437
leaf_weight=4.6149225905537596 23.163065917789936 16.52224129717797 9.1769249569624645 6.0113008730113533 13.541367162019013 9.6248947363346833 10.278341209515927 5.0574810151010734 17.306907683610916 4.4787712339311838 1836.3585389219224 27.173517221584916 17.954212396405637 146.10256413929164
leaf_count=65 337 249 137 63 149 128 159 61 203 61 27334 531 230 2030
internal_value=0.000318991 8.35279e-05 -0.0107055 0.0118023 -0.00123435 0.00608127 -0.00520319 -0.0109529 0.0216646 0.0053169 0.000452115 0.00499534 0.00846087 0.0043735
internal_weight=2147.37 2109.15 65.0425 38.2115 41.8794 32.7025 14.8933 19.1611 23.3182 9.53625 2044.11 207.753 180.579 162.625
internal_count=31737 31247 873 490 536 399 224 250 266 122 30374 3040 2509 2279
is_linear=0
shrinkage=0.05


Tree=324
num_leaves=15
num_cat=0
split_feature=36 39 33 33 33 28 27 28 16 36 36 35 12 1
split_gain=2.32511 4.41342 7.86824 6.62769 4.85996 6.354 4.80929 5.44402 4.29385 3.47292 3.155 3.13092 2.6664 2.65865
threshold=0.019080608230889199 0.0059094768390249653 0.70472994566954317 0.57035886627100785 0.95109995217599241 2.5000000000000004 5.5000000000000009 2.5000000000000004 1.2144522092212013 0.018560385042734499 0.018031959654608579 0.017401574911039556 70.507013742522233 0.022924200147645849
decision_type=2 2 2 2 2 2 2 2 8 2 2 2 2 2
left_child=9 2 3 -2 11 -6 -3 8 -8 10 13 -4 -9 -1
right_child=1 6 4 -5 5 -7 7 12 -10 -11 -12 -13 -14 -15
leaf_value=-0.00064229548594646165 -0.011732769888111592 0.023273732958296028 0.0049891193332665638 0.043802422658377055 -0.023649077962129977 0.022032929954403011 -0.025466895590631124 0.036708667294092015 0.010209755587727435 0.026272337126677626 -0.025644119596314064 -0.036749326600321069 -0.0060756380749648689 0.0033321763620204402
leaf_weight=1398.8925720495172 7.9742271546274406 16.311230573803186 3.8554310873150817 5.1830875296145678 10.759158672764899 9.7501166276633722 22.30472493451089 4.6164240520447475 8.9574958672746998 8.0585466008633357 6.5627445541322222 31.923037530854344 3.8878840673714876 596.04580966476351
leaf_count=21370 144 223 64 76 207 125 530 68 138 108 120 595 72 7810
internal_value=0.000151011 -0.00631662 -0.0143273 0.0161819 -0.0221972 -0.00186996 0.00396436 -0.0056707 -0.0152463 0.000569672 0.000400977 -0.0321914 0.0221416 0.000550555
internal_weight=2135.08 125.523 69.4451 13.1573 56.2877 20.5093 56.0778 39.7665 31.2622 2009.56 2001.5 35.7785 8.50431 1994.94
internal_count=31650 2242 1211 220 991 332 1031 808 668 29408 29300 659 140 29180
is_linear=0
shrinkage=0.05


Tree=325
num_leaves=15
num_cat=0
split_feature=9 6 5 6 44 19 19 10 42 5 5 20 34 37
split_gain=1.93478 3.67337 4.0714 3.26224 3.84074 3.45604 2.96798 3.109 2.71161 2.60079 2.43563 2.90412 2.32631 2.15082
threshold=-0.48204204528229455 2.1123096732499196 -0.023161958951432634 1.5793250468348317 0.53697489435744483 0.012648918259758798 0.013828946598141264 0.50067165832310179 0.074227119681665149 0.030832494521224722 0.027281143525523136 14.593828188198129 -0.012976618387215475 -0.068628324984787034
decision_type=2 2 2 2 2 2 2 2 2 2 2 2 2 2
left_child=1 8 12 4 -2 10 -7 -8 -1 -10 11 -6 -3 -5
right_child=3 2 -4 13 5 6 7 -9 9 -11 -12 -13 -14 -15
leaf_value=0.010622617613776475 -0.0049065006928025751 -0.002424144131551083 -0.016052639308326153 0.020006231853383398 -0.00087645799584358032 -0.016537208500862152 0.027674609470742313 -0.0045807269908348909 -0.025779685782264264 0.0025190545394811348 0.037920091998125363 0.032882036108366479 0.037816099092430749 -0.00048105935851888606
leaf_weight=5.554033985361456 33.254760667681694 4.552642128430306 5.6757157240062943 7.8959409277886143 18.543537706136707 9.3996399305760878 9.4181302078068274 13.027545241639016 31.023662410676479 9.4039527261629683 14.571577433496712 4.511160457506775 5.6932235276326528 1968.6132209016941
leaf_count=80 556 66 78 117 277 147 124 168 466 129 207 67 79 29187
internal_value=-0.00015702 -0.0085263 0.0100301 0.000112008 0.00858543 0.0149396 0.00212529 0.0115296 -0.0153052 -0.0196443 0.0242636 0.0104122 0.0250047 -0.000348939
internal_weight=2141.14 61.9032 15.9216 2079.24 102.726 69.4716 31.8453 22.4457 45.9816 40.4276 37.6263 23.0547 10.2459 1976.51
internal_count=31748 898 223 30850 1546 990 439 292 675 595 551 344 145 29304
is_linear=0
shrinkage=0.05


Tree=326
num_leaves=15
num_cat=0
split_feature=39 37 39 34 34 34 39 39 39 39 44 43 41 27
split_gain=2.85694 4.43715 3.22255 3.73921 6.08367 8.9918 8.13964 12.4412 9.44054 8.12242 6.15162 5.80861 5.49087 5.28535
threshold=0.001356391560087678 -0.0045238459832314662 0.0015910998057128663 0.03754243166571803 0.02572440558005307 0.023100342907747821 0.0038769376230280489 0.0032701610562627824 0.0055439237834795565 0.0064326024525285632 0.64310689310689317 0.90284519956850062 -0.0018596184680999548 9.5000000000000018
decision_type=2 2 2 2 2 2 2 2 2 2 2 2 2 2
left_child=1 -1 -2 4 5 -4 7 10 13 -10 -6 -12 -9 -8
right_child=2 -3 3 -5 6 -7 8 12 9 -11 11 -13 -14 -15
leaf_value=0.019781296474888542 0.01073779832701296 -0.013749428020425098 0.00016624843348275392 -0.0055961190183230957 0.03055813091272019 -0.020119412005174701 0.007028147468075209 0.00018072324750138577 0.03015733947415877 -0.012284617539661459 -0.0088022974764973855 0.025829395557260784 0.0510218500441229 -0.024604960343417887
leaf_weight=6.9185302890837184 62.288254138082266 68.468838551081717 1453.40124882292 288.91759675275534 14.266290272586046 51.757526569534093 16.424898048862815 6.5159790776670006 25.497063097544014 14.378212734125553 52.539852022193372 10.350899413228033 24.584967911243439 37.766042105853558
leaf_count=80 788 830 21662 4722 217 798 219 65 319 227 696 158 278 528
internal_value=-0.000386069 -0.00963324 -2.49262e-05 -0.000386713 0.000508519 -0.000595614 0.00853881 0.0175734 -0.00222097 0.01519 0.00582742 -0.00161993 0.0418704 -0.0152334
internal_weight=2134.08 75.3874 2058.69 1996.4 1707.48 1505.16 202.324 108.258 94.0662 39.8753 77.157 62.8908 31.1009 54.1909
internal_count=31587 910 30677 29889 25167 22460 2707 1414 1293 546 1071 854 343 747
is_linear=0
shrinkage=0.05


Tree=327
num_leaves=15
num_cat=0
split_feature=21 41 20 38 37 9 23 39 39 39 38 14 4 12
split_gain=2.88229 3.67487 6.61702 3.67048 4.1429 3.66587 3.33811 3.83624 4.87649 5.87312 7.67983 4.69002 4.40878 3.30119
threshold=0.82642654856591957 0.025441600373895094 1.6544503778885151 -2.146029016680473 -0.038106489967134831 -0.19532121037070185 0.014664009330290996 0.0023141592173619627 0.0044318812238088043 0.0045190270423932375 2.7847162849617901 1.0479532302578927 0.14852627793507747 71.159493684616749
decision_type=8 2 2 2 2 2 2 2 2 2 2 2 2 2
left_child=6 3 -3 4 -2 -5 -1 11 12 -10 -11 -8 -9 -7
right_child=1 2 -4 5 -6 13 7 8 9 10 -12 -13 -14 -15
leaf_value=0.0014975674948953491 -0.017037268914177374 -0.0046167749247409285 0.030830704145757323 0.014037905958784 0.013144839341556185 -0.016381898479636708 -0.0049603835077214479 -0.015038238448619266 0.031014746997904043 -0.0087658070791362137 0.03126288225472821 0.020174898164034047 0.0082201355336304262 -0.0029334203050315564
leaf_weight=1511.4645445733331 11.001546880230306 38.035818465054035 14.334652231074868 10.890904549509285 35.87790784984827 124.3699430404231 38.821965561714023 141.86258963029832 10.035654027946292 73.880059318151325 9.161610431969164 28.074058968573809 20.404201389290392 74.460421088151634
leaf_count=21409 274 660 239 172 605 2082 613 2440 132 1208 137 386 282 1163
internal_value=-0.000246048 -0.00467309 0.00692716 -0.00712777 0.00510242 -0.00991677 0.000510568 -0.00407109 -0.00684523 0.00221878 -0.00282496 0.00625754 -0.0119553 -0.011541
internal_weight=2142.68 308.971 52.3705 256.601 46.8795 209.721 1833.7 322.24 255.344 93.0773 83.0417 66.896 162.267 198.83
internal_count=31802 5195 899 4296 879 3417 26607 5198 4199 1477 1345 999 2722 3245
is_linear=0
shrinkage=0.05


Tree=328
num_leaves=15
num_cat=0
split_feature=34 34 21 3 12 39 20 38 36 38 38 33 14 33
split_gain=2.51746 5.70298 4.82658 3.34562 3.38429 4.51002 2.91718 2.4755 2.42449 8.45771 4.21642 4.76407 4.1666 3.06061
threshold=-0.066929805893291852 -0.062583596986519455 0.92792397660818726 -0.054877391929766921 27.977670038295759 0.0048490892270399901 16.234729067311978 -1.9363430035785221 0.019080608230889199 2.6617217319202666 2.9887723339423338 0.93771551724137947 0.95044723120410535 0.99024367028364757
decision_type=2 2 8 2 2 2 2 2 2 2 2 2 2 2
left_child=2 -2 3 4 5 6 -1 -4 -3 13 -11 12 -12 -10
right_child=1 8 7 -5 -6 -7 -8 -9 9 10 11 -13 -14 -15
leaf_value=0.025942738874806737 -0.02615771663162891 0.00044039202921973704 0.0057790588725926363 -0.0076111013819293166 0.030942414418713194 -0.014225142572691259 -0.0078198934363134312 -0.022509591887050887 -0.024877807122622539 0.018252130305543155 0.0084515728040711665 0.012625491569947515 -0.031565885582789936 0.0067256202123261071
leaf_weight=19.646141503937546 16.052348496392369 1912.0007528467104 10.947760783135893 12.500328319147227 24.959419981576502 12.294114102609454 6.0371605558320871 12.429750904440878 46.813807740341872 28.256822464987636 7.1433081212453571 16.453305395320058 14.454131247475742 6.8191028246656051
leaf_count=336 365 27570 210 186 368 281 115 258 934 441 158 226 318 110
internal_value=0.000116716 -0.000267689 0.00771292 0.0136863 0.0181652 0.00714486 0.0180254 -0.0105779 5.49004e-07 -0.00674812 0.00513844 -0.00558871 -0.0192296 -0.0206287
internal_weight=2146.81 2047.99 98.8147 75.4372 62.9368 37.9774 25.6833 23.3775 2031.94 119.94 66.3076 38.0507 21.5974 53.6329
internal_count=31876 30122 1754 1286 1100 732 451 468 29757 2187 1143 702 476 1044
is_linear=0
shrinkage=0.05


Tree=329
num_leaves=15
num_cat=0
split_feature=28 41 37 17 35 36 38 32 5 32 12 18 41 41
split_gain=2.43516 5.89638 6.43787 7.14633 6.80911 8.73692 12.8754 15.4475 8.62679 8.67721 6.91654 6.81924 5.57933 5.27247
threshold=2.5000000000000004 0.021602899829638648 0.011355615130314691 3.1543161132638935 -0.016448035592688145 -0.0082062843311077587 -1.4596715739316279 0.069504830917874419 -0.028708133971291846 0.12100874516981901 60.41064659917992 0.13264312406268869 -0.048389145313454777 -0.041539892385861248
decision_type=2 2 2 2 2 2 2 2 2 2 2 2 2 2
left_child=1 2 4 -4 5 8 7 12 -1 -10 13 -12 -7 -6
right_child=-2 -3 3 -5 10 6 -8 -9 9 -11 11 -13 -14 -15
leaf_value=-0.012747801690345926 0.0017743651499242516 -0.014148125507688548 0.0079323431236919158 -0.018737460325694993 0.014249297172090012 0.027635130044149858 -0.0088701122352522234 0.06039269206644652 0.020720162311481161 -0.017889710436203514 0.0060868318695662532 -0.015582560513185004 -0.015397153870226289 -0.018176085113077747
leaf_weight=95.18237724667415 1228.7745305895805 80.300304219126701 269.92752879252657 22.903171330690384 10.051120886579154 7.4921794496476677 26.676028658635914 19.703421123325825 46.984018054790795 15.863566475920377 108.7311289710924 48.347716553136706 14.027861271053551 143.98603113926947
leaf_count=1886 17647 1448 4157 296 137 94 408 229 678 292 1385 557 265 2267
internal_value=0.000325436 -0.00162968 -0.000340899 0.00556687 -0.00358382 0.00298772 0.0173278 0.0334063 -0.00351611 0.0103743 -0.00832779 -0.000857803 0.00197014 -0.0156788
internal_weight=2138.95 910.176 829.876 292.831 537.045 225.929 67.8995 41.2235 158.03 62.8476 311.116 157.079 21.52 154.037
internal_count=31746 14099 12651 4453 8198 3852 996 588 2856 970 4346 1942 359 2404
is_linear=0
shrinkage=0.05


Tree=330
num_leaves=15
num_cat=0
split_feature=5 42 33 39 33 34 37 28 39 39 28 37 33 28
split_gain=2.20243 5.71691 6.69685 4.76446 4.35586 8.33857 10.6278 7.34323 9.38614 13.3291 14.3539 9.74724 6.87737 6.66432
threshold=-0.049799163025957043 0.29595918367346946 0.019512659432705123 0.0064908497132076361 0.12100874516981901 0.0017196779367885109 0.015162088720880986 3.5000000000000004 0.006768430438358476 0.0041169336424687454 1.0000000180025095e-35 -0.016393458791980283 0.10726270373921382 1.5000000000000002
decision_type=2 2 2 2 2 2 2 2 2 2 2 2 2 2
left_child=4 2 -2 -3 7 -6 -7 8 9 10 -1 -10 -9 -12
right_child=1 3 -4 -5 5 6 -8 12 11 -11 13 -13 -14 -15
leaf_value=0.021540699121534026 0.026918086424380934 0.0014503241913632944 -0.0098577268428545924 -0.013942891030289976 0.012824175650293796 -0.0094102382902475235 0.010826616319977445 0.008919102391444526 0.035081389552699217 -0.031085482996906957 -0.036966954841485405 -0.027358903130060515 -0.029009755040129981 -0.0023320751450970358
leaf_weight=36.409650169312954 8.3694648100063187 1072.7964449878782 215.87977341189981 47.740165102761239 212.82530771754682 142.33487174287438 110.93392311315984 143.24070289777592 16.813057347200814 58.032221005298197 19.309021221473813 4.5537015106528989 8.1439258772879821 34.110232500359416
leaf_count=571 108 14868 3473 928 2754 2061 1723 2374 271 1427 370 79 154 550
internal_value=0.000496117 -0.000733219 -0.00792802 0.000735475 0.00258889 0.00565099 -0.000508324 -0.00188109 -0.00891579 -0.0134582 -0.00103181 0.0191094 0.0060164 -0.0169437
internal_weight=2131.49 1344.79 224.249 1120.54 786.707 466.094 253.269 320.613 169.228 147.861 89.8289 21.3668 151.385 53.4193
internal_count=31711 19377 3581 15796 12334 6538 3784 5796 3268 2918 1491 350 2528 920
is_linear=0
shrinkage=0.05


Tree=331
num_leaves=15
num_cat=0
split_feature=21 15 4 2 19 16 11 14 14 32 34 3 38 35
split_gain=2.5261 2.17042 4.03852 4.10164 3.76957 6.1612 3.639 3.55618 3.61656 3.24307 4.2518 2.87545 2.87267 3.05676
threshold=1.0000000180025095e-35 1.4586603704517762 -0.10865746888190768 0.037795836017070046 0.01442309544388201 0.68313181927879185 0.48267209748330447 1.0413798933830787 1.3480688199017328 0.51229590808304792 0.023589336129402842 0.008931064050410777 1.2145597296135711 -0.022610297961548006
decision_type=10 2 2 2 2 8 2 2 2 2 2 2 2 2
left_child=-1 2 -2 4 7 -6 -7 -4 12 -5 -11 -10 13 -9
right_child=1 -3 3 9 5 6 -8 8 11 10 -12 -13 -14 -15
leaf_value=-0.022442099554665539 -0.023044559132310138 0.00058054121185917296 -0.0052079295104635274 -0.006432853879288547 -0.024891413700205686 0.021776658288325344 -0.010601434495785836 -0.008721234968390312 0.0076805368896466124 0.042827926493588714 -0.005667555939908561 -0.020282103916487583 -0.0019938904959181545 0.025461026663912568
leaf_weight=7.769099047407507 20.09396970551461 1775.6700831926428 159.67042665090412 8.1455792095512169 40.807922443374991 11.25578967574984 14.092524257488547 5.2557798204943529 14.243817388080062 8.7805646471679193 5.1630496513098469 13.627890021540223 19.375697461888194 35.061479207128286
leaf_count=135 271 26722 2292 89 529 120 168 88 221 94 75 183 268 500
internal_value=-0.00026928 -0.000136114 -0.00367338 -0.00219175 -0.00375097 -0.0138939 0.00499496 -0.000815275 0.00704319 0.0165391 0.0281147 -0.0069972 0.013633 0.0205344
internal_weight=2139.01 2131.24 355.574 335.481 313.391 66.1562 25.3483 247.235 87.5647 22.0892 13.9436 27.8717 59.693 40.3173
internal_count=31755 31620 4898 4627 4369 817 288 3552 1260 258 169 404 856 588
is_linear=0
shrinkage=0.05


Tree=332
num_leaves=15
num_cat=0
split_feature=23 4 39 0 28 32 2 32 14 39 28 7 37 37
split_gain=2.35272 8.53932 6.56808 5.28738 4.57069 6.01649 4.33071 4.70523 4.03524 3.86647 6.28494 5.907 5.4237 8.9146
threshold=-0.0055375154060738332 -0.005033872442059383 0.0059094768390249653 -0.018261628728379994 4.5000000000000009 0.16789261744966447 -0.026475287288930557 0.13855013550135506 0.82576430688856151 0.0023612189051303331 4.5000000000000009 1.0968688275199083 0.0088868079233568337 0.0024442116493876846
decision_type=2 2 2 2 2 2 2 2 2 2 2 10 2 2
left_child=-1 2 3 4 5 -2 7 8 -3 10 11 -8 13 -12
right_child=1 6 -4 -5 -6 -7 9 -9 -10 -11 12 -13 -14 -15
leaf_value=0.0026221374460909967 0.026743140843323795 -0.019825608983785423 -0.031144227703164742 -0.010169234840713047 -0.017859997697224104 -0.012253149502590197 -0.013530402430826094 -0.018547946168667964 0.010003275486001101 0.0006168450999940935 0.01035294933691204 0.028687625985528209 0.022816452117847209 -0.015153351967480286
leaf_weight=918.33671923680231 27.453612173441797 10.307978460099546 25.18098459020257 160.32920622872189 8.8228676598519069 10.762186482548712 6.8314633341506115 49.21083225030452 39.218493450433016 681.6783745829016 69.873626427724957 45.650837931782007 23.169560499489307 58.196882070042193
leaf_count=13834 424 214 439 2416 218 145 107 943 673 9767 867 609 328 789
internal_value=0.000718641 -0.00072294 -0.0092332 -0.00590189 0.00822271 0.0156141 0.00132452 -0.00835437 0.00254628 0.00244473 0.00839975 0.0224933 0.00294577 -0.00137132
internal_weight=2135.02 1216.69 232.549 207.368 47.0387 38.2158 984.138 98.7373 49.5265 885.401 203.722 52.4823 151.24 128.071
internal_count=31773 17939 3642 3203 787 569 14297 1830 887 12467 2700 716 1984 1656
is_linear=0
shrinkage=0.05


Tree=333
num_leaves=15
num_cat=0
split_feature=36 41 8 14 39 36 28 13 9 32 33 39 32 41
split_gain=1.99897 3.9378 2.77372 2.24891 4.65821 4.74095 4.85949 3.62959 7.42606 3.28842 3.905 6.62327 5.01499 7.45052
threshold=0.029101909375975791 0.0098020589528473607 0.20892970466681662 1.4137239779477275 0.0022726561462590345 0.010410331117528428 3.5000000000000004 0.017044123687139583 1.9753456085979633 0.013704416388980149 0.030848532910388585 0.0044706111706625555 0.026088929219600727 -0.017656818832957857
decision_type=2 2 2 2 2 2 2 2 2 2 2 2 2 2
left_child=3 2 -2 9 -5 7 -7 -6 -9 -1 11 -11 13 -12
right_child=1 -3 -4 4 5 6 -8 8 -10 10 12 -13 -14 -15
leaf_value=0.011043521315580129 0.0077746319674099106 0.0092908233841547741 -0.033904191757535125 0.024330997379998449 -0.0065132202941330115 0.022186623514629977 -0.015290455768882511 0.022682431518367494 -0.01140839874900567 -0.023465809965700211 0.026676724351537468 0.0091268783005674196 -0.00056515852307818142 -0.018999489193569183
leaf_weight=57.8883350007236 3.1030296934768584 10.026219097897409 12.190098212566225 22.422881474718451 116.38222751487046 39.811774604022503 6.9696166738867751 32.24200895614922 23.853021681308746 40.016661644447595 31.541891371831298 20.499251449946314 1722.1539259292185 7.8574628131464115
leaf_count=1018 72 172 416 287 1801 548 120 415 322 853 449 415 24834 162
internal_value=0.000208415 -0.0125403 -0.0256155 0.000389682 0.0048784 0.00239092 0.0156659 -0.00154959 0.00843886 -0.000198783 -0.000585203 -0.0125714 -0.000139018 0.0164537
internal_weight=2146.96 25.3193 15.2931 2121.64 241.682 219.259 46.7814 172.477 56.095 1879.96 1822.07 60.5159 1761.55 39.3994
internal_count=31884 660 488 31224 3493 3206 668 2538 737 27731 26713 1268 25445 611
is_linear=0
shrinkage=0.05


Tree=334
num_leaves=15
num_cat=0
split_feature=24 11 24 36 10 42 43 43 41 38 28 27 1 40
split_gain=1.90739 3.02591 2.64973 2.38795 2.37212 2.60078 2.25607 3.73841 3.47775 6.4489 10.0255 6.93402 6.50735 6.43424
threshold=0.015236100899679915 0.44259796956823605 0.016729386822638689 -0.0079339755193866251 0.62313676914047067 0.1811552079479998 0.33054349348648276 0.30402702702702705 -0.0011267276804189927 2.6890444633357018 1.0000000180025095e-35 7.5000000000000009 0.022924200147645849 1.0000000180025095e-35
decision_type=2 2 2 2 2 2 2 2 2 2 2 2 2 2
left_child=1 -1 3 -2 5 -5 7 -4 9 10 11 -8 -12 -10
right_child=2 -3 6 4 -6 -7 8 -9 13 -11 12 -13 -14 -15
leaf_value=-0.010095012434790343 0.0088281353469510902 0.013593298524734166 -0.001395042111523778 0.0082657043909293362 0.0078671723516599793 -0.02433155862203723 0.029955999945158747 -0.015743679410984479 -0.0093836647252618487 -0.013951591037584771 -0.0013887740960340572 0.0061149441189083907 0.010715785042952992 0.001298220256754406
leaf_weight=13.783022538758813 9.3942144624888879 50.497957671992481 491.45426713163033 4.744247591122984 6.6197278387844554 33.314238538499922 54.095854153856635 45.18178663123399 182.81104317773134 44.887260743882507 418.49151379289106 69.864235680550337 145.68830328062177 561.61650535278022
leaf_count=153 133 585 7673 60 88 461 822 719 2318 833 6748 1134 1742 8256
internal_value=-8.95591e-06 0.0081521 -0.000281661 -0.0107193 -0.0153042 -0.0197801 2.44097e-05 -0.0027373 0.00103336 0.0034669 0.00469555 0.0172772 0.00180366 -0.00137006
internal_weight=2132.44 64.281 2068.16 54.0724 44.6782 38.0585 2014.09 536.636 1477.45 733.027 688.14 123.96 564.18 744.428
internal_count=31725 738 30987 742 609 521 30245 8392 21853 11279 10446 1956 8490 10574
is_linear=0
shrinkage=0.05


Tree=335
num_leaves=15
num_cat=0
split_feature=0 8 41 28 30 19 19 32 37 32 37 36 38 38
split_gain=3.02509 2.09144 4.10754 5.31857 5.96863 5.76604 5.4147 5.25529 5.24417 4.03376 3.96029 4.00996 3.67254 5.30756
threshold=0.048839270449049905 1.1415393139953667 0.010665510805752511 4.5000000000000009 7.5500000000000016 0.011097140886001429 0.01128595319586537 0.99193495934959353 0.037634960450938955 0.86587559676191805 0.030564292320640511 0.0050972376557265617 -0.41142064892921848 1.0440336042050002
decision_type=2 2 2 2 2 2 2 2 2 2 2 2 2 2
left_child=1 -1 8 6 5 -5 7 -4 10 -10 -3 -12 -8 -14
right_child=-2 2 3 4 -6 -7 12 -9 9 -11 11 -13 13 -15
leaf_value=-0.0014229281821097166 -0.023624313419920762 -0.00029493064650003211 0.025533045268705919 -0.011683118148463838 -0.02196998457777052 0.025021231599920715 0.022889133729867568 -0.013481473306511152 0.0088826512181015716 -0.026752900567612689 -0.012281546762887636 0.028676824177758072 -0.016706576599968458 0.0080286943305929066
leaf_weight=1363.9046168578789 8.9362565027549845 474.64613449061289 67.5174121838063 16.351479266770184 24.649929832667112 17.307565506547689 15.044298959895967 6.6619351245462886 7.9326429050415745 25.831726718693972 4.9154914654791382 17.72571903700009 28.790501564741135 55.592586704529822
leaf_count=20431 119 6968 991 245 322 272 184 104 105 472 69 235 392 877
internal_value=-0.000404596 -0.000251858 0.00183722 0.00731241 -0.0054131 0.00798548 0.0116184 0.0213991 -0.000599756 -0.0183148 0.000773385 0.0191715 0.0036461 -0.000873143
internal_weight=2135.81 2126.87 762.967 231.916 58.309 33.659 173.607 74.1793 531.052 33.7644 497.287 22.6412 99.4274 84.3831
internal_count=31786 31667 11236 3387 839 517 2548 1095 7849 577 7272 304 1453 1269
is_linear=0
shrinkage=0.05


Tree=336
num_leaves=15
num_cat=0
split_feature=8 39 37 41 33 37 7 37 35 35 32 22 41 41
split_gain=2.83158 2.7759 3.864 3.6888 2.77661 2.63515 5.24017 4.45586 5.3489 3.67545 7.14783 5.49036 4.53798 3.20474
threshold=3.0852981903230243 0.0044067389675453887 0.042676343919122568 0.010117188520344879 0.082220719959438915 0.042676343919122568 3.3652547984088002 0.055498251672459926 0.012790135581138897 0.032697557394459127 0.95529051172707902 1.5000000000000002 0.011590129582085164 0.041643517083795663
decision_type=2 2 2 2 2 2 10 2 2 2 2 2 2 2
left_child=5 3 -3 4 -2 9 7 8 -7 13 11 -11 -13 -1
right_child=1 2 -4 -5 -6 6 -8 -9 -10 10 -12 12 -14 -15
leaf_value=0.001112851089546882 0.0015274655915279887 0.0074077072922592475 -0.016961112218562023 0.0017916566011651907 -0.020166876337182824 0.0029106887550733648 -0.011057869752367602 -0.0023552443747547839 0.04020299012948142 -0.013449404876790498 -0.029698052819474616 -0.0032570778152329672 0.049813377896642565 -0.010737032567859201
leaf_weight=1752.7394736562856 17.805804761126637 65.135837158653885 16.225333783309907 44.321193517185748 65.442284201271832 16.647977083921432 19.186723587103188 19.551077969372272 20.834924594499171 12.814554125536235 23.478753505274653 6.1239966573193652 4.2452855091542006 53.990915391594172
leaf_count=25643 302 1017 297 607 836 224 309 378 305 303 494 100 66 915
internal_value=0.000140039 -0.00531882 0.00184736 -0.00978657 -0.0157031 0.00074332 0.00955882 0.0168267 0.0259317 0.000356041 -0.0127956 0.00655383 0.0276075 0.000730084
internal_weight=2138.54 208.93 81.3612 127.569 83.2481 1929.61 76.2207 57.034 37.4829 1853.39 46.6626 23.1838 10.3693 1806.73
internal_count=31796 3059 1314 1745 1138 28737 1216 907 529 27521 963 469 166 26558
is_linear=0
shrinkage=0.05


Tree=337
num_leaves=15
num_cat=0
split_feature=34 39 39 33 41 39 20 22 34 28 34 20 36 28
split_gain=2.32383 7.54304 7.07182 6.09203 4.71135 6.54234 5.38029 7.74304 7.11622 4.88982 4.3822 4.2895 3.77197 6.3296
threshold=0.03754243166571803 0.0020640963622603824 0.0030905424742132407 0.95109995217599241 0.017079516985028968 0.0018611420818089965 15.512285099881405 2.5000000000000004 0.012774845120106406 1.5000000000000002 0.035857466592616578 6.8163151009491072 0.0069712103027379521 1.5000000000000002
decision_type=2 2 2 2 2 2 2 2 2 2 2 2 2 2
left_child=4 -2 -3 -4 10 -6 7 8 11 -9 -1 -7 -5 -14
right_child=1 2 3 12 5 6 -8 9 -10 -11 -12 -13 13 -15
leaf_value=-0.00024307275075808753 0.021163483711811329 -0.023663766313561957 -0.012926864359541294 -0.0059023369809097859 -0.010958498426936749 -0.0092898955497004426 0.042469372660615859 -0.0071626924156481912 -0.013086701481493563 0.026848894654475569 0.023685686135111107 0.032652028074781465 -0.0095541596490344317 0.018233960182266109
leaf_weight=1642.220956150908 22.609961062669754 43.46914299344644 83.840677797794342 58.920541450381279 30.758168406784534 6.4618158452212837 9.6003304850310069 10.645293744280933 46.029554871842265 54.110911751165986 14.358265615999697 13.071186207234858 25.878681644797325 61.62956034578383
leaf_count=24452 364 822 1343 904 393 73 117 153 628 688 170 154 528 950
internal_value=0.000191982 -0.00387741 -0.00628823 -0.00257497 0.000860744 0.00864645 0.0131856 0.00953876 -0.00261083 0.0211451 3.49783e-05 0.0197115 0.00358334 0.00994399
internal_weight=2123.61 296.349 273.739 230.269 1827.26 170.677 139.919 130.319 65.5626 64.7562 1656.58 19.533 146.429 87.5082
internal_count=31739 4911 4547 3725 26828 2206 1813 1696 855 841 24622 227 2382 1478
is_linear=0
shrinkage=0.05


Tree=338
num_leaves=15
num_cat=0
split_feature=43 34 4 1 15 13 0 42 6 20 34 32 2 14
split_gain=2.50706 6.58419 3.81501 3.61801 2.94081 4.22262 2.87481 5.02522 5.63239 3.82853 3.75026 3.58894 5.2174 3.87085
threshold=0.95307256711409405 -0.031102803971017997 0.044656736079444655 0.028269153002570716 3.2042035151162636 0.018797652212391162 0.016587468649042373 0.82916406087137806 2.7740605804638041 17.78935827221736 -0.015110971569110119 0.9677398373983741 0.031398683250196131 1.0676783339474454
decision_type=2 2 2 2 2 2 2 2 2 2 2 2 2 2
left_child=6 3 -3 -2 5 -4 -1 11 -9 10 -10 12 13 -8
right_child=1 2 4 -5 -6 -7 7 8 9 -11 -12 -13 -14 -15
leaf_value=-0.00059246378841321427 -0.0039532826657149682 -0.021933962642240075 0.010515859150177278 0.034943960296175268 -0.017844224338378172 -0.020967877355294519 0.016694012628690122 0.017450540942588424 -0.022337487059296435 0.027322591212700587 0.0026113543711378685 0.0075039327326253714 -0.019665809877074222 -0.012569320970441245
leaf_weight=1609.0950721488334 9.0982657959684747 44.038720288313925 40.15075824316591 8.494086364284156 18.736605953425169 9.0256752017885429 21.140099090058357 95.304567646235228 11.741578760556875 9.0923292972147447 145.20379478763789 41.816001468803734 48.212524007074535 15.221824948675929
leaf_count=24710 113 518 537 88 293 103 363 1216 135 87 1709 734 858 251
internal_value=-0.00010239 -0.00670904 -0.0112736 0.0184046 -0.00333069 0.00333559 0.000341903 0.00417771 0.00808613 0.00235802 0.000112819 -0.00390405 -0.0096485 0.00440522
internal_weight=2126.37 129.544 111.952 17.5924 67.913 49.1764 1996.83 387.733 261.342 166.038 156.945 126.39 84.5744 36.3619
internal_count=31715 1652 1451 201 933 640 30063 5353 3147 1931 1844 2206 1472 614
is_linear=0
shrinkage=0.05


Tree=339
num_leaves=15
num_cat=0
split_feature=30 18 5 5 5 28 24 24 37 35 15 12 22 39
split_gain=2.68136 4.67165 3.73297 3.71859 5.8139 5.80574 4.61463 4.41218 4.31592 4.27179 3.66652 5.30871 4.13638 4.23502
threshold=7.7500000000000009 0.060456780030914058 -0.21321711831790305 -0.063313829105492311 0.0093154553725918205 4.5000000000000009 0.035279855526881558 0.022057150796012958 0.0026399019464018463 -0.0095026290334818946 1.4949170527099163 66.929633189819199 2.5000000000000004 0.0029693139182410022
decision_type=2 2 2 2 2 2 2 2 2 2 2 2 2 2
left_child=2 -2 -1 -3 -5 7 8 -6 9 -7 12 -12 -9 -14
right_child=1 3 -4 4 5 6 -8 10 -10 -11 11 -13 13 -15
leaf_value=-0.020093368653888843 -0.017115087072458488 0.0069247044082658528 -0.0011732991500630525 -0.0062448349062850066 0.025172302918481812 -0.011545942512288122 -0.02379389065927175 0.012800110596944131 -0.010009320920621588 0.020114151903325168 0.016978133072945028 -0.00034952579484329871 0.012329373622475655 -0.024844009270642665
leaf_weight=21.69002235494554 26.013801921159029 318.05701949959621 1187.7334126909263 212.8673679670319 28.951771231368184 11.452502924948929 21.170395226217806 14.484049118123947 45.3797636795789 30.173680229112506 88.908580876886845 83.138155504129827 6.9305916670709875 24.311636290512979
leaf_count=387 291 4559 18606 3027 380 187 260 181 649 370 1150 1135 86 299
internal_value=-5.31112e-05 0.00198813 -0.00159395 0.00264205 0.000203445 0.00410411 -0.00538481 0.00828884 0.000144141 0.0110995 0.00552967 0.00883149 -0.00653949 -0.0160344
internal_weight=2121.26 911.839 1209.42 885.826 567.768 354.901 108.176 246.725 87.0059 41.6262 217.773 172.047 45.7263 31.2422
internal_count=31567 12574 18993 12283 7724 4697 1466 3231 1206 557 2851 2285 566 385
is_linear=0
shrinkage=0.05


Tree=340
num_leaves=15
num_cat=0
split_feature=1 10 35 10 8 37 39 46 35 36 21 32 4 39
split_gain=2.29822 5.33954 5.37247 3.28081 3.38788 2.99067 2.92974 2.36893 3.25779 7.39529 3.36726 3.10351 3.10348 4.27569
threshold=0.047619047619047568 0.5754069317363173 0.041275974390654897 0.46313099351521764 4.7418971512099466 0.013341446615137921 0.0048490892270399901 1.0000000180025095e-35 -0.019319534357128295 -0.014202789231759603 0.94791666666666674 0.93852901484480444 -0.10515497407302692 0.0024121320338214387
decision_type=2 2 2 2 2 2 2 2 2 2 10 2 2 2
left_child=7 2 3 -2 5 -5 -7 -1 9 10 -9 -10 -11 -14
right_child=1 -3 -4 4 -6 6 -8 8 11 12 -12 -13 13 -15
leaf_value=-0.00030053114839234348 -0.007958766528451398 -0.0087927105267945269 -0.017123929932761597 0.038819105568920431 -0.0035642907558969222 -0.0097731632413599195 0.023890512259277574 -0.01780398318398348 -0.0010300027908436429 -0.0012785066116049806 0.018765922900089403 0.011429349226810763 -0.005255992476049332 0.036536963935863587
leaf_weight=1683.1000370192342 6.5034937821328631 28.479716734960675 7.1186834522522977 27.367528015747666 7.9637913089245549 8.1304491236805934 8.9988882420584542 18.126331117935482 224.48478557914495 9.325381448492406 4.1204896084964266 59.050013655796647 5.9832952935248604 30.974699748679996
leaf_count=25759 94 357 161 283 93 113 119 312 2896 137 58 922 69 384
internal_value=0.000847446 0.00826552 0.0157185 0.0207121 0.0246497 0.0295492 0.00931409 0.000483358 0.00418259 0.0135696 -0.00882989 0.00171792 0.0241475 0.0299509
internal_weight=2129.73 94.5626 66.0828 58.9642 52.4607 44.4969 17.1293 2035.17 352.065 68.5302 22.2468 283.535 46.2834 36.958
internal_count=31757 1220 863 702 608 515 232 30537 4778 960 370 3818 590 453
is_linear=0
shrinkage=0.05


Tree=341
num_leaves=15
num_cat=0
split_feature=34 32 33 23 34 37 2 23 37 7 5 36 9 36
split_gain=2.52778 4.28696 3.21507 5.14327 3.86005 3.96298 3.96239 3.73327 3.26253 3.80119 3.66794 3.72007 4.46926 3.81322
threshold=0.054910650095796328 0.99209473815773042 0.97156334231805941 0.023938109876520456 0.052026319521911842 0.039564750737256633 0.039357736640102566 0.013216076297964842 0.030564292320640511 0.73730493593109114 0.11217304647611549 0.023289357849408224 0.024353361959335181 0.0029272159404540869
decision_type=2 2 2 2 2 2 2 2 2 10 2 2 2 2
left_child=1 2 4 -4 5 8 -6 -7 9 -1 11 12 -10 -14
right_child=-2 -3 3 -5 6 7 -8 -9 10 -11 -12 -13 13 -15
leaf_value=0.0095850725831700765 -0.0064657832018244019 0.021792602617513406 -0.027484864672898974 0.019474835991575942 -0.0082715500907482361 -0.02558814760682588 0.035824645099240431 0.0046990448648092879 -0.0088031130435422232 -0.00037068415446367322 -0.011669226484630146 -0.01257483825411738 -0.00085646914911963103 0.037304855528086434
leaf_weight=96.447994088754058 135.72988305939361 18.293233390431851 17.806980599183593 3.8663851320743552 5.3396242335438719 22.996490712277591 9.9204263221472484 13.8621983602643 7.1079757194966069 1741.1908138361759 9.8822081293910724 5.6817394886165848 8.0155625063925964 26.042542733252048
leaf_count=1436 2370 296 336 63 102 326 153 212 100 25520 153 130 106 315
internal_value=1.0429e-05 0.000468057 0.000215134 -0.0170273 0.000450256 0.000221913 0.0221616 -0.0149967 0.000556721 0.000176432 0.0118632 0.0174739 0.0225339 0.0293637
internal_weight=2122.18 1986.45 1968.16 21.6734 1946.49 1931.23 15.2601 36.8587 1894.37 1837.64 56.73 46.8478 41.1661 34.0581
internal_count=31618 29248 28952 399 28553 28298 255 538 27760 26956 804 651 521 421
is_linear=0
shrinkage=0.05


Tree=342
num_leaves=15
num_cat=0
split_feature=41 28 1 38 1 35 9 30 16 39 39 28 7 32
split_gain=1.9497 4.23043 2.72842 3.86245 3.44695 3.20154 2.72962 2.54267 2.99397 2.88573 4.06603 3.25033 3.22443 2.26948
threshold=-0.067021430731697293 5.5000000000000009 -0.033785175781467496 -2.8803997340281895 -0.03144315910421918 -0.04935260507573843 1.4901574250562761 8.2000000000000011 1.3275542839163814 0.0049193005963097123 0.0046373505356786483 4.5000000000000009 3.5274247816096742 0.01709526592635886
decision_type=2 2 2 2 2 2 2 2 10 2 2 2 10 2
left_child=1 -1 3 5 6 -2 -4 9 -9 10 11 -5 -11 -3
right_child=2 13 4 7 -6 -7 -8 8 -10 12 -12 -13 -14 -15
leaf_value=-0.02767954327806111 0.012952515647846018 0.027828850046413646 -0.021379573314504498 0.011036532970966207 0.00027805046930195896 -0.015679323198727575 0.0050441655297231358 0.02404975855893525 -0.0074305647545780855 -0.022396911086149704 0.038073571413436404 -0.015686844760969331 0.011292129916019397 -0.0099209650010963508
leaf_weight=12.535416259430351 9.9501728387549502 3.44978954643011 27.54100979026407 34.375169795006514 1903.2913240860216 25.494693757500499 11.634284522850065 40.985258132684976 6.630493661388754 12.701787364669146 5.9129255283623925 11.165047638583927 7.8851531445980063 3.9000306781381369
leaf_count=226 196 82 513 517 27773 534 215 631 119 271 89 251 143 75
internal_value=0.000311342 -0.0136033 0.00047529 0.0067491 -4.1698e-05 -0.00703411 -0.0138495 0.0109504 0.0193766 0.00448489 0.0105659 0.00358104 -0.00980831 0.0118909
internal_weight=2117.45 19.8852 2097.57 155.101 1942.47 35.4449 39.1753 119.656 47.6158 72.0401 51.4531 45.5402 20.5869 7.34982
internal_count=31635 383 31252 2751 28501 730 728 2021 750 1271 857 768 414 157
is_linear=0
shrinkage=0.05


Tree=343
num_leaves=15
num_cat=0
split_feature=10 13 15 8 21 13 18 17 12 12 43 0 13 5
split_gain=1.84695 3.61412 2.57841 4.47642 2.58723 3.86053 5.17259 4.47626 2.939 2.95762 2.65113 2.57213 2.52391 4.27712
threshold=0.62313676914047067 0.007959854219384643 1.7580884172820266 3.0157665285837028 0.77708333333333346 0.017156754281111644 0.12098667027507896 2.2159834418764617 68.437116591056636 70.352044728204135 0.3758627254985959 0.018710824375570704 0.0097557011057977094 0.01164832086829959
decision_type=2 2 2 2 8 2 2 2 2 2 2 2 2 2
left_child=12 -2 -3 4 5 6 7 10 11 -10 -4 -9 13 -1
right_child=1 2 3 -5 -6 -7 -8 8 9 -11 -12 -13 -14 -15
leaf_value=-0.0081817109978070714 0.016269791905911466 -0.013503981466138182 -0.0032283991786469105 -0.020679238037361089 -0.011557308347531978 0.029017019667573175 -0.01407721647158674 -0.022819098671354971 0.031511602432539948 -0.003488101365526141 0.037336980650027461 0.0080482298462085447 0.0014478925814909735 0.0040591000462889401
leaf_weight=182.47880007885396 15.193400315940378 68.931394569575787 4.2727689705789116 20.778975417837501 21.913742157630622 10.357763416133819 28.830382856540382 12.408160720020534 6.1638324242085245 11.236900415271519 12.343303947709499 7.7247411352582267 1617.3478951170109 111.30517966952175
leaf_count=2584 165 952 70 261 356 107 427 169 81 145 192 98 24659 1497
internal_value=0.000168776 -0.00411551 -0.00597809 -0.00182091 0.00229757 0.00597264 0.00161059 0.010447 7.69741e-06 0.0131761 0.0285718 -0.0117307 0.000671761 -0.00355375
internal_weight=2131.29 220.155 204.962 136.031 115.252 93.3379 82.9801 54.1497 37.5336 17.4007 16.6161 20.1329 1911.13 293.784
internal_count=31763 3023 2858 1906 1645 1289 1182 755 493 226 262 267 28740 4081
is_linear=0
shrinkage=0.05


Tree=344
num_leaves=15
num_cat=0
split_feature=37 37 33 39 35 36 21 27 36 38 28 32 35 39
split_gain=1.87374 2.76727 3.8269 2.68229 2.31863 2.20126 1.95972 2.09821 9.47202 10.3777 8.20238 6.86348 9.46078 8.26837
threshold=0.055498251672459926 0.049001476752028934 0.98549505991170916 0.0057326640125993531 0.024607997380695249 0.021658889079917979 0.014583333333333335 19.500000000000004 0.014939617841582821 1.4744824332723911 4.5000000000000009 0.046638081034054195 -0.024001063742417835 0.0038614707014207115
decision_type=2 2 2 2 2 2 8 2 2 2 2 2 2 2
left_child=1 6 3 -3 -2 -6 -1 -8 9 10 11 13 -13 -9
right_child=4 2 -4 -5 5 -7 7 8 -10 -11 -12 12 -14 -15
leaf_value=0.017347920253466053 -0.019487223524788554 -4.9735748237650872e-05 -0.010302992432325766 0.034803935859392031 0.025979012327731824 -0.0082402989949990849 -0.00079895986282748493 0.026542257798547748 0.031321151600449321 -0.018065625564808088 -0.0066861965552968711 0.046369986772686653 0.010223512673806636 -0.024786032016367473
leaf_weight=11.105581732466815 20.843584666494284 7.9313003923744025 8.3258080407977086 13.051196279004214 2.7168445829302055 7.8362551042810082 1779.039267860353 7.0728486403822926 23.210887000896037 52.447984987869859 77.441359811928123 19.906916483305395 83.265517705120146 18.40270057041198
leaf_count=139 375 127 136 177 59 186 26355 88 336 747 1306 268 1067 406
internal_value=1.29399e-05 0.000207282 0.0142914 0.0241551 -0.011235 0.00608891 -2.58729e-05 -0.000161262 0.00380906 0.000791708 0.00590498 0.013451 0.0190189 -0.00851894
internal_weight=2132.6 2101.2 29.3083 20.9825 31.3967 10.5531 2071.89 2060.79 281.748 258.537 206.089 128.648 103.172 25.4755
internal_count=31772 31152 440 304 620 245 30712 30573 4218 3882 3135 1829 1335 494
is_linear=0
shrinkage=0.05


Tree=345
num_leaves=15
num_cat=0
split_feature=15 43 39 20 23 39 35 21 27 36 23 35 39 21
split_gain=2.05781 2.92116 1.9741 7.82049 9.08356 8.92277 7.85252 8.95085 5.76804 5.75611 5.69983 5.39697 6.41098 8.76051
threshold=0.62211869301572553 0.65037807720734564 0.0043440255927678284 10.528430037740474 -0.032872520580085378 0.0049336053215082703 -0.019428401108437878 0.66731391585760524 5.5000000000000009 0.017566789729190794 -0.040576592977690999 0.023154401269509853 0.0045365474481034963 0.72430555555555565
decision_type=2 2 2 2 2 2 2 10 2 2 2 2 2 8
left_child=1 -1 9 5 -5 6 7 -4 -7 10 -2 -8 -13 -14
right_child=2 -3 3 4 -6 8 11 -9 -10 -11 -12 12 13 -15
leaf_value=0.023818233371458213 -0.020245857939624089 -0.010156996836024673 0.046684153385304912 0.010671893946424605 -0.011895208442692512 0.012550679639535982 0.0033751337187694895 -0.0015038217506238532 -0.0035190517961994662 -0.02033080274663485 -8.6007641903727185e-05 -0.0072978007450219904 0.06382294132760824 -0.0063337562931002379
leaf_weight=14.982059590518476 31.006758977659047 5.8935101944953194 27.143638913519681 57.122617175802588 157.09208427695557 67.976678226143122 120.50034284498543 13.327973109669982 232.83121831249446 33.064181632362306 1336.9875651788898 7.2651682402938631 9.3515866501256788 5.2420261651277551
leaf_count=193 448 70 341 925 2732 955 1705 264 3883 640 19078 104 124 107
internal_value=0.000103078 0.0141173 -6.95241e-05 0.00209434 -0.0057713 0.00560161 0.0141521 0.0323946 0.000258223 -0.00115094 -0.000615013 0.00804268 0.028355 0.0434371
internal_weight=2119.79 20.8756 2098.91 697.853 214.215 483.639 182.831 40.4716 300.808 1401.06 1367.99 142.359 21.8588 14.5936
internal_count=31569 263 31306 11140 3657 7483 2645 605 4838 20166 19526 2040 335 231
is_linear=0
shrinkage=0.05


Tree=346
num_leaves=15
num_cat=0
split_feature=34 32 36 37 41 33 39 39 7 28 22 35 36 39
split_gain=2.01826 6.20585 8.1542 11.5692 9.86437 7.4444 14.5953 11.1573 6.64542 6.33869 6.25039 6.75975 8.52929 10.1043
threshold=-0.021990028292057536 0.066890380313199119 -0.010266781607440044 -0.0087668589723875461 -0.01792949095114715 0.067455352064611548 0.0035979348822813154 0.0057101923033797478 3.269965201580709 4.5000000000000009 1.0000000180025095e-35 -0.022994371587846171 -0.016777493243064764 0.0027248845711360112
decision_type=2 2 2 2 2 2 2 2 10 2 2 2 2 2
left_child=1 5 -3 4 8 9 -7 -8 -4 -1 11 12 -11 -14
right_child=-2 2 3 -5 -6 6 7 -9 -10 10 -12 -13 13 -15
leaf_value=-0.0074409750825912297 0.0010219313010218704 -0.020602638212399365 0.031825585790607916 -0.01652339512968853 -0.006499884242655689 -0.010989385833801478 0.041317805329846011 -0.013260691688584875 -0.0059858836725734492 0.025624802215419198 -0.0189611062574115 0.028228737611348632 0.023272569868374435 -0.031767591130716553
leaf_weight=179.27154881600291 1515.2195775643922 82.613574661314487 40.350419891066849 74.95861194934696 54.53746881056577 30.858648762106895 39.790374451316893 9.259045194834469 13.733096370473502 15.381727082654828 13.249186530243604 36.05699020344764 8.0444982387125545 20.89816801995039
leaf_count=3324 21435 1516 564 1126 821 507 573 144 192 194 266 515 142 491
internal_value=3.92252e-05 -0.00235519 -0.0080462 -0.00199918 0.00830993 0.00199108 0.0149278 0.0307414 0.0225303 -0.00199733 0.00827428 0.0136109 6.35448e-05 -0.0152947
internal_weight=2134.22 619.003 266.193 183.58 108.621 352.81 79.9081 49.0494 54.0835 272.902 93.6306 80.3814 44.3244 28.9427
internal_count=31810 10375 4219 2703 1577 6156 1224 717 756 4932 1608 1342 827 633
is_linear=0
shrinkage=0.05


Tree=347
num_leaves=15
num_cat=0
split_feature=14 35 1 5 39 39 35 20 39 0 18 37 44 37
split_gain=1.95177 4.67006 10.1187 6.85562 8.75872 6.31812 7.17313 6.06962 8.08189 6.93796 5.97766 5.26667 5.17973 4.68024
threshold=1.1899460902199264 -0.0020259024204255234 -0.015973225923402442 -0.025336323309437022 0.0041169336424687454 0.0036957040200277257 -0.015723841568523435 14.246760663985659 0.0064326024525285632 -0.011231885979049836 0.18064892097150162 0.010863881133369781 0.94491800910207335 -0.0091483848631896385
decision_type=2 2 2 2 2 2 2 2 2 2 2 2 2 2
left_child=1 2 3 4 10 -5 -7 9 -9 -6 -1 -4 13 -3
right_child=-2 12 11 5 7 6 -8 8 -10 -11 -12 -13 -14 -15
leaf_value=0.010448049467838704 0.0025770221517848299 0.015602281843494673 0.0084737060285615656 -0.016762294198250302 -0.0091747816197698933 0.010776535705368788 -0.019066490390252544 -0.026466389320545031 0.011964536157909798 0.018112709629849226 -0.0092981858566862953 0.032628764384132002 -0.0102983222363364 -0.0022949711011828597
leaf_weight=252.13115260563791 542.92531789420173 34.026526046916842 113.24965710937977 102.62859252793714 53.473298854194582 59.146724606398493 24.372552135027945 52.06193891633302 14.757261816412209 33.775153253227472 41.042824655771255 25.364916188642383 204.79177926015109 570.96681109955534
leaf_count=3922 8002 469 1360 1559 1041 988 400 1064 218 540 612 303 2561 8682
internal_value=4.19163e-06 -0.000884231 0.00189232 -0.000818377 0.0025438 -0.00875162 0.00148271 -0.00696555 -0.0177367 0.00179779 0.00757412 0.0138759 -0.00352661 -0.00116874
internal_weight=2124.71 1581.79 772.004 633.389 447.242 186.148 83.5193 154.068 66.8192 87.2485 293.174 138.615 809.785 604.993
internal_count=31721 23719 12007 10344 7397 2947 1388 2863 1282 1581 4534 1663 11712 9151
is_linear=0
shrinkage=0.05


Tree=348
num_leaves=15
num_cat=0
split_feature=16 16 39 36 35 6 11 15 21 20 32 34 39 21
split_gain=2.12443 5.56332 3.36948 3.2922 8.8547 3.34929 4.10249 3.42918 3.46203 3.2557 4.88151 3.85904 3.84426 3.90729
threshold=0.71447863614286311 0.77034063330819846 0.0019626479736593963 -0.0041913587084869688 -0.01400230368498606 3.1881020387153503 0.54074613486198941 1.232221166594196 0.25876789366053177 0.50233955555259324 0.9755097960815674 0.058771607344154549 0.0022435534023523681 0.091810344827586224
decision_type=8 8 2 2 2 2 2 2 10 2 2 2 2 8
left_child=9 2 -2 5 -5 7 -7 8 -3 10 -1 -12 -11 -14
right_child=1 3 -4 4 -6 6 -8 -9 -10 12 11 -13 13 -15
leaf_value=-0.01421367412189584 0.0097006418100413199 -0.0084862548332850837 -0.018107058538348101 0.021822428915097381 -7.7425734700082068e-06 -0.0023776571097891171 0.021174229877477496 -0.012590526440132328 0.022087514753488177 -0.0042824292366483259 0.028342548539086871 -0.0073778879122669526 0.017572815754585181 0.0030297988934945919
leaf_weight=63.04470983799547 9.6496113017201406 16.365739627741281 64.703787646722049 45.509119153954089 578.18414851045236 116.68348145484924 16.82178614102304 134.06679677963257 11.822569182142614 169.15172196365893 10.060258794575931 11.947162923403083 44.283019895665348 829.94942294200882
leaf_count=937 128 216 999 658 7902 1968 235 2388 157 2363 161 225 638 12732
internal_value=0.000270015 -0.00141192 -0.0141143 -0.000313933 0.00174603 -0.00461475 0.00124716 -0.00933108 0.00573255 0.00175098 -0.00738854 0.0111751 0.00252768 0.0038622
internal_weight=2122.24 993.807 74.3534 919.454 623.693 295.76 133.505 162.255 28.1883 1128.44 85.0521 22.0074 1043.38 874.232
internal_count=31707 14651 1127 13524 8560 4964 2203 2761 373 17056 1323 386 15733 13370
is_linear=0
shrinkage=0.05


Tree=349
num_leaves=15
num_cat=0
split_feature=27 32 17 15 37 35 21 38 35 37 35 27 39 38
split_gain=2.02861 5.31925 4.44123 3.0438 2.81599 2.30152 2.00514 1.97356 8.12229 6.37338 5.87558 5.26637 5.15524 4.85994
threshold=1.0000000180025095e-35 0.10246315364425602 -1.4588344840269689 1.7359252695407672 -0.020705618902673913 0.016458290836968929 0.82642654856591957 1.9642410337103478 0.021276595744680885 0.0028209577467938067 0.019763676919854926 15.500000000000002 0.0037659308287908621 2.4221463455276075
decision_type=2 2 2 2 2 2 10 2 2 2 2 2 2 2
left_child=1 4 -3 -4 -1 6 -5 8 10 12 -2 -12 -10 -9
right_child=7 2 3 5 -6 -7 -8 13 9 -11 11 -13 -14 -15
leaf_value=-0.0025320222514552166 -0.00025669349589546277 -0.025595955219286259 0.025675102470306285 -0.022396996478951121 0.033149215597978558 0.012842260430378706 0.0084488978051981117 0.010304106665367335 -0.013170121692041473 -0.023208083689296482 -0.00056915063469512061 0.044681205728878834 0.025546290055776157 -0.0014399634443941849
leaf_weight=6.3957573613151935 1578.8250237209722 9.6662114309146983 8.7837778460234386 10.967651190236213 17.992328758351505 9.2688074409961683 4.6740758921951047 143.77140240976587 13.833237685263159 62.125885823741555 11.726059431210162 8.9106738381087762 11.111871096305547 213.42580558219925
leaf_count=124 23082 151 100 127 247 149 65 2215 193 1062 180 134 204 3559
internal_value=0.000306537 0.00851122 -0.00236028 0.00675168 0.0249531 -0.00309752 -0.0133657 1.44475e-05 -0.000702814 -0.0151438 0.000128061 0.023873 0.00546208 0.003364
internal_weight=2111.48 67.7486 43.3605 33.6943 24.3881 24.9105 15.6417 2043.73 1686.53 87.071 1599.46 20.6367 24.9451 357.197
internal_count=31592 963 592 441 371 341 192 30629 24855 1459 23396 314 397 5774
is_linear=0
shrinkage=0.05


Tree=350
num_leaves=15
num_cat=0
split_feature=18 5 5 21 24 5 0 41 8 18 10 1 19 32
split_gain=2.12895 3.78096 4.71442 4.92641 4.33768 4.10289 6.45957 5.23469 4.59379 3.74551 3.88788 3.8815 3.73827 3.60936
threshold=0.086730590325170984 0.012797726466226124 0.12217738998324636 0.68263888888888902 0.022362985043170591 -0.039644765846683964 0.0071562005595721132 -0.0050311300027698338 0.64793755213309046 0.07840236686390531 0.47904354681231837 -0.021795204449589486 0.012063854943966595 0.95735588288779794
decision_type=2 2 2 8 2 2 2 2 2 2 2 2 2 2
left_child=1 5 3 4 9 6 8 -7 -1 11 -11 -3 -6 -13
right_child=-2 2 -4 -5 12 7 -8 -9 -10 10 -12 13 -14 -15
leaf_value=0.002483818886624667 -0.00036709485684721497 -0.0097345185425279108 -0.011875217177234533 -0.0079622017063870516 -0.0039070510341205631 -0.016983139577667807 -0.012041545813884946 0.0030386075416848984 0.022765426478491842 0.023885072585695912 -0.013807407235521511 0.031896949423623214 0.024811930836181433 -0.0060944161265066984
leaf_weight=68.806239465251565 1663.1324914856814 4.7851301599293938 20.561580025590956 24.682033157907426 43.460366118699312 59.787152615375817 36.524831153918058 63.221455892547965 43.66647978220135 6.1358987814746824 12.754877250641583 64.445299107581377 9.8796537164598686 5.2696659080684176
leaf_count=1022 25312 64 269 359 578 909 570 860 643 77 170 788 134 66
internal_value=0.000470854 0.00344636 0.00872223 0.0114595 0.0148812 -0.000367428 0.00513782 -0.00697602 0.0109918 0.0211207 0.000872007 0.0258774 0.00308289 0.0288096
internal_weight=2127.11 463.981 191.975 171.413 146.731 272.006 148.998 123.009 112.473 93.3909 18.8908 74.5001 53.34 69.715
internal_count=31821 6509 2505 2236 1877 4004 2235 1769 1665 1165 247 918 712 854
is_linear=0
shrinkage=0.05


Tree=351
num_leaves=15
num_cat=0
split_feature=13 16 27 15 15 6 27 35 37 3 39 3 7 36
split_gain=3.03251 6.13886 4.59049 5.45177 3.66072 4.41824 5.4457 5.05029 4.01951 4.11178 3.74779 3.41227 3.29812 4.22323
threshold=0.017214924531249235 0.021428468631355443 11.500000000000002 1.7281012950176662 2.5586337500108596 1.7037474919003157 2.5000000000000004 -0.012711892936479922 0.023346588932010474 -0.066966884327328155 0.0067029209049772409 0.058707744027972304 2.0220161031757997 -0.0018527309567565318
decision_type=2 10 2 2 2 2 2 2 2 2 2 2 8 2
left_child=-1 -2 4 11 5 7 -7 -3 9 -8 -6 -4 -5 -14
right_child=1 2 3 12 10 6 8 -9 -10 -11 -12 -13 13 -15
leaf_value=-0.0010747071643744698 0.026904508847278449 0.019012421515124497 -0.019635641337800807 -0.0077706245862352828 -0.010487571012706497 -0.0033195426416582417 -0.0038065382433422473 -0.022203438925136949 -0.0039329702889240028 0.031711001427820462 0.024042347498773778 0.012623036540189503 0.017259345123153882 -0.0033981233760385257
leaf_weight=1733.747851958964 21.837026656605303 7.5247372565791038 50.711763028986752 48.133915490005165 36.605821910314262 24.663988847285509 8.2269766982644779 14.018440850079058 10.723767787218092 57.048893530853093 4.7960283588618031 6.1003921534866086 48.112834892235696 43.724514998495579
leaf_count=26731 218 86 715 754 527 297 92 162 122 593 69 74 697 555
internal_value=-0.000183966 0.00381804 0.00207016 -0.00305069 0.00813717 0.0123643 0.016628 -0.00693772 0.0229068 0.0272822 -0.00432794 -0.0154309 0.00233313 0.00775652
internal_weight=2115.98 382.229 360.392 196.783 163.609 122.207 100.664 21.5432 75.9996 65.2759 41.4019 56.8122 139.971 91.8373
internal_count=31692 4961 4743 2795 1948 1352 1104 248 807 685 596 789 2006 1252
is_linear=0
shrinkage=0.05


Tree=352
num_leaves=15
num_cat=0
split_feature=20 3 32 18 27 32 11 36 4 36 36 33 2 38
split_gain=2.45061 4.07452 4.29702 4.25507 4.99185 3.7974 3.55132 3.4311 3.28396 5.10866 7.06641 6.24424 6.15759 4.18381
threshold=0.75562622186882933 0.02997334387583828 0.92620200242050843 0.10951774765528129 6.5000000000000009 0.83277404921700238 0.55770249030346442 0.0038425635214032199 0.0041599262679427049 -0.013507471031474204 -0.010396644600191405 0.033955955263461325 -0.025721773329032079 -0.61822453105054687
decision_type=2 2 2 2 2 2 2 2 2 2 2 2 2 2
left_child=1 2 5 -3 -5 -1 7 -6 -2 -10 -11 -12 -13 -14
right_child=8 3 -4 4 6 -7 -8 -9 9 10 11 12 13 -15
leaf_value=0.014466148633849298 -0.00075700200112517168 -0.017628128914056851 0.024625966893202518 -0.01565762786631001 -0.0023767583188403999 -0.019379839559364693 -0.01388642657343891 0.016800766188075803 -0.014539213763727727 0.030958146640018849 0.03599130024039817 -0.012805451189622794 0.014267318315914624 0.002547590214807092
leaf_weight=10.284957785159351 1097.5407243347727 61.097629705443978 18.271687935106456 43.114946422167122 41.610702340491116 13.512262960895894 18.527092267759144 45.080772885121405 32.706013215705752 19.257239281199872 9.486876951530574 53.587000120431185 83.423492718487978 577.25771901290864
leaf_count=117 16832 915 254 648 638 144 287 768 706 277 158 973 1030 8025
internal_value=0.00037798 -0.00420741 0.00925107 -0.00706352 -0.00227909 -0.00477998 0.00366459 0.00796817 0.00100317 0.00348248 0.00436764 0.00345258 0.00277322 0.00412348
internal_weight=2124.76 251.5 42.0689 209.431 148.334 23.7972 105.219 86.6915 1873.26 775.718 743.012 723.755 714.268 660.681
internal_count=31772 3771 515 3256 2341 261 1693 1406 28001 11169 10463 10186 10028 9055
is_linear=0
shrinkage=0.05


Tree=353
num_leaves=15
num_cat=0
split_feature=24 9 16 17 24 42 5 23 34 39 10 11 26 36
split_gain=2.19402 3.98895 3.91005 3.3929 3.3086 2.46174 3.34992 3.37555 2.4037 2.16039 2.14265 2.42025 1.88884 2.92307
threshold=0.015548344697628337 0.070582432283413724 0.45141342848965793 2.5344191833468259 0.016729386822638689 0.89273729626078635 0.01164832086829959 -0.0077017828811227198 0.029287420406283963 0.0019343689322780307 0.38027454405550631 0.54074613486198941 3.5000000000000004 0.005296201932958323
decision_type=2 2 10 2 2 2 2 2 2 2 2 2 2 2
left_child=1 3 -3 9 10 6 7 -4 -8 -1 -2 -12 -6 -14
right_child=4 2 5 -5 12 -7 8 -9 -10 -11 11 -13 13 -15
leaf_value=0.0054133761241445307 0.01069586537997097 -0.020887551829503435 0.021343134752636123 -0.0041952438165062675 -0.00034781551241196536 -0.012302806655569551 0.038339792234594522 -0.014712122997580788 0.00012956686884114843 0.044422329933465954 -0.024073222063822886 0.00070437929936036623 0.0013182856164621021 0.016442325956143655
leaf_weight=6.7584578525275054 5.0323921199887982 11.447252812329678 5.253231773152943 6.9759689513593903 1834.4054604885168 8.120398346334694 9.3358435202389938 12.774775471538311 5.821128647774457 9.5612971819937211 27.050041930750012 13.830750470981 128.98572056461126 37.921107215806842
leaf_count=71 77 140 56 77 27444 78 105 160 68 122 381 189 2095 662
internal_value=0.00011994 0.00818849 5.89787e-05 0.0233342 -0.000199003 0.00749263 0.0133133 -0.0018529 0.0273372 0.0333259 -0.0127861 -0.0165273 0.000120909 0.00513275
internal_weight=2123.27 76.0484 52.7526 23.2957 2047.23 41.3054 33.185 18.028 15.157 16.3198 45.9132 40.8808 2001.31 166.907
internal_count=31725 877 607 270 30848 467 389 216 173 193 647 570 30201 2757
is_linear=0
shrinkage=0.05


Tree=354
num_leaves=15
num_cat=0
split_feature=30 18 20 12 26 33 6 5 43 6 9 12 12 36
split_gain=2.18008 4.05728 2.5615 3.862 3.48787 3.2359 2.99849 2.30997 2.53344 2.23097 3.67092 3.15463 5.78418 5.18823
threshold=13.600000000000003 0.10320953556247676 6.3323196343507258 69.522453151076022 1.5000000000000002 0.95130420054200548 2.3571093310364728 -0.11165286269885798 0.53787308026658953 2.2122819339968252 -0.48204204528229455 32.214674871097138 62.475038135577286 0.00019239243433732958
decision_type=2 2 2 2 2 2 2 2 2 2 2 2 2 2
left_child=9 -2 3 4 6 -5 -3 -4 -9 10 -1 -11 -13 -14
right_child=1 2 7 5 -6 -7 -8 8 -10 11 -12 12 13 -15
leaf_value=-0.010307417634910656 -0.013883847809790304 0.004324187181167111 0.0058023520949900343 -0.018638289632444221 -0.0098592213231097278 0.016687627677431704 0.039538777609777032 -0.00029541660075777963 -0.023042319067369491 0.0044218184388978973 0.0038771922607652035 -0.006814407730980139 0.0097589651484247305 -0.0013566358372700785
leaf_weight=43.931650949176401 68.834723165724427 11.206208614632493 27.58976092049852 13.574973122216763 5.5666136108338824 5.3724522991105905 12.876211491413413 24.988794201985002 19.244674129411578 253.61113849189132 719.05042394762859 352.22736023971811 132.67398422397673 438.19624695694074
leaf_count=658 897 141 384 175 76 83 156 385 248 4365 11000 5393 1576 6271
internal_value=0.00039857 -0.00465336 0.000966149 0.00932132 0.0194148 -0.00722892 0.0267131 -0.00492579 -0.011527 0.00090218 0.00299867 -0.000464126 -0.00182308 0.00128901
internal_weight=2128.95 189.254 120.42 48.5965 29.649 18.9474 24.0824 71.8232 44.2335 1939.69 762.982 1176.71 923.098 570.87
internal_count=31808 2545 1648 631 373 258 297 1017 633 29263 11658 17605 13240 7847
is_linear=0
shrinkage=0.05


Tree=355
num_leaves=15
num_cat=0
split_feature=16 38 32 37 32 34 41 35 35 34 41 37 32 32
split_gain=2.41607 2.27173 4.70495 8.24288 3.56487 2.54755 7.36954 2.3682 7.64623 8.06629 14.1841 8.8072 9.1555 6.85431
threshold=2.1057249299749148 -3.1466454278155216 0.10246315364425602 -0.0093048258668829691 0.18151311775472853 -0.035364245612604199 -0.022282291837151299 -0.022994371587846171 -0.023674525635309914 -0.00809388926100779 0.0029387979591984918 -0.0054276644657880171 0.023715785526809152 0.044182717334721504
decision_type=10 2 2 2 2 2 2 2 2 2 2 2 2 2
left_child=1 2 3 5 -4 6 -1 8 9 11 -11 13 -13 -3
right_child=-2 7 4 -5 -6 -7 -8 -9 -10 10 -12 12 -14 -15
leaf_value=0.022300472808140036 -0.014808074916770345 -0.0081785192087008279 -0.031170507039500514 -0.029553026049158451 0.015063559531801392 0.035714818063805318 -0.026832610076752084 0.00069028406176327439 -0.029972981550091472 0.045404082081888279 -0.02314312651077699 0.02304369039207892 -0.030966109514228679 0.0096060744805506835
leaf_weight=24.290017551742494 21.892052123323083 110.28994740126655 6.7250614222139102 4.603562355041503 2.7843917282298207 17.032511057332162 5.6882380195893338 1735.6217202409171 21.103045557625592 16.564434245228771 7.8136916961520901 5.6617090720683327 41.201406532898545 97.207442378625274
leaf_count=367 345 2218 176 77 52 220 189 24934 392 207 146 81 697 1593
internal_value=8.41289e-05 0.00027449 0.00939519 0.0153576 -0.0171072 0.0221738 0.0104747 -2.17498e-05 -0.00408705 -0.00163361 0.0232338 -0.00441887 -0.0228485 0.000183114
internal_weight=2118.48 2096.59 61.1238 51.6143 9.50945 47.0108 29.9783 2035.46 299.842 278.739 24.3781 254.361 46.8631 207.497
internal_count=31694 31349 1081 853 228 776 556 30268 5334 4942 353 4589 778 3811
is_linear=0
shrinkage=0.05


Tree=356
num_leaves=15
num_cat=0
split_feature=5 39 39 27 41 33 39 14 36 28 14 23 36 43
split_gain=1.86469 6.24162 9.63954 7.57948 5.62726 6.23078 4.63691 3.80094 3.72085 4.34855 3.51547 3.22072 4.1063 3.17339
threshold=-0.13569276141745631 0.0064908497132076361 0.0039354115544055776 17.500000000000004 -0.008221089149886061 0.12766816369783521 0.0034048941301260071 0.91692300202629229 0.011703340101199113 4.5000000000000009 0.62709347277184746 -0.0095643920968473389 -0.0057476804157834951 0.02702826096881706
decision_type=2 2 2 2 2 2 2 2 2 2 2 2 2 2
left_child=1 2 3 4 5 6 -1 -4 9 -9 -6 12 -3 -2
right_child=13 11 7 -5 10 -7 -8 8 -10 -11 -12 -13 -14 -15
leaf_value=-0.0070724621924900151 -0.017031694874052775 0.034965408992846357 -0.028232021855841102 -0.018878817663226702 0.014984389314067896 0.037814886916404097 0.022496207521702824 -0.020814704940220481 0.020958854249697834 0.011887883378073462 -0.015071540312026106 -0.0099834048537104231 -0.0030984232505666932 0.00038027900212866852
leaf_weight=28.259186488576233 21.544096242636442 15.539867122657597 48.190246249549091 29.286099256481975 9.2437718072906119 18.344343263655901 17.459540292620659 34.103128891438246 5.0605487432330838 10.060733033344148 28.040264566428959 7.1438227309845379 9.6607498005032539 1842.4646762525663
leaf_count=440 333 195 848 497 133 204 263 693 72 161 383 123 127 27322
internal_value=-0.000423935 -0.00434522 -0.00731485 0.00162924 0.0081644 0.0166919 0.00532407 -0.0188029 -0.00781977 -0.0129135 -0.0067291 0.0147685 0.0222764 0.000134007
internal_weight=2124.4 260.392 228.048 130.633 101.347 64.0631 45.7187 97.4147 49.2244 44.1639 37.284 32.3444 25.2006 1864.01
internal_count=31794 4139 3694 1920 1423 907 703 1774 926 854 516 445 322 27655
is_linear=0
shrinkage=0.05


Tree=357
num_leaves=15
num_cat=0
split_feature=23 4 0 32 36 39 39 9 36 39 34 33 39 32
split_gain=1.89836 5.65117 4.47612 4.27929 4.64608 4.12322 7.25615 7.44313 6.53362 5.85261 6.16378 7.3031 12.4692 11.6959
threshold=-0.0051540898930415571 -0.0058029296343785055 -0.018492342875104647 0.16789261744966447 -0.0086566403134443731 0.0043575576331424132 0.0046908276125225698 0.60611515512598146 0.003155776876491712 0.003896651996107405 0.062237725140349427 0.818816263009435 0.0032454974387501495 0.92134420697412833
decision_type=2 2 2 2 2 2 2 2 2 2 2 2 2 2
left_child=-1 2 3 4 -2 9 7 8 -7 10 11 -3 13 -13
right_child=1 5 -4 -5 -6 6 -8 -9 -10 -11 -12 12 -14 -15
leaf_value=0.001436363488624706 -0.0010553490330175836 -0.0041201327751513965 -0.012425174023607899 -0.016994811114445375 0.032563221135353967 0.018378321456646623 0.00035419953028777542 0.029056737765311209 -0.023482992449887118 -0.013121972537205186 -0.023040445710734242 0.014204005107501822 0.025804440577859435 -0.010414563288344697
leaf_weight=927.74280928773805 24.846022285986688 306.91294859023765 171.82062447955832 12.476598106324671 12.172442838549616 13.860030556097628 228.98710869206116 46.884514275938272 13.500723876059054 97.264289350248873 22.986075445078313 82.323644258081913 62.022102564573288 102.81888099806383
leaf_count=14012 509 4169 2624 192 175 178 3595 642 184 1522 433 1046 836 1633
internal_value=-0.000257489 -0.00156879 -0.00868851 0.00423305 0.0125586 7.90988e-05 0.00487501 0.017916 -0.0027143 -0.00209754 -0.000142609 0.00100488 0.00732429 0.000617742
internal_weight=2126.62 1198.88 221.316 49.4951 37.0185 977.56 303.232 74.2453 27.3608 674.328 577.064 554.078 247.165 185.143
internal_count=31750 17738 3500 876 684 14238 4599 1004 362 9639 8117 7684 3515 2679
is_linear=0
shrinkage=0.05


Tree=358
num_leaves=15
num_cat=0
split_feature=20 44 21 3 5 3 21 33 33 41 0 15 37 34
split_gain=2.79111 3.374 6.60448 5.31854 4.08449 3.78771 3.61717 3.17216 5.39145 4.55012 4.24533 2.85382 2.50084 4.97382
threshold=0.75562622186882933 0.85152382425742579 0.57795138888888897 0.035122135433927955 0.097058543585876525 0.076951663330210321 0.67494557329463001 0.86240703177822864 0.95986577181208055 0.027831761053813967 0.013186863701467046 1.9661680203960408 0.015409690528585209 0.021495011052123817
decision_type=2 2 10 2 2 2 10 2 2 2 2 2 2 2
left_child=1 3 4 -1 11 6 -4 10 -9 -10 -5 -3 13 -2
right_child=12 2 5 7 -6 -7 -8 8 9 -11 -12 -13 -14 -15
leaf_value=0.019768171641769992 0.0005523324969228825 0.011007316655712661 0.01000388139706661 -0.0093829887285396263 -0.035056055072752189 0.0095974471386445579 -0.018015865646562594 -0.01981529653068648 0.026562492459587719 -0.0083855705340507604 0.03611681039896189 -0.017282534616004736 0.0039895658096272858 -0.0084788986154668618
leaf_weight=24.730765778571367 1300.899536808487 9.8475918546319026 12.563158037140964 7.0292051136493665 27.195731519721448 39.958556422963738 34.189829858951271 40.619900200515985 11.066443074494602 18.120685683563352 5.2858712151646614 19.349799151532352 387.12326452555135 167.62283631041646
leaf_count=327 19427 115 147 104 357 638 489 711 191 340 78 256 5914 2418
internal_value=-0.000231025 -0.00513671 -0.010026 0.00156687 -0.0225766 -0.00107785 -0.0102475 -0.00473432 -0.00897091 0.00681206 0.0149363 -0.00752672 0.000441804 -0.0005038
internal_weight=2105.6 249.958 143.105 106.853 56.3931 86.7115 46.753 82.1221 69.807 29.1871 12.3151 29.1974 1855.65 1468.52
internal_count=31512 3753 2002 1751 728 1274 636 1424 1242 531 182 371 27759 21845
is_linear=0
shrinkage=0.05


Tree=359
num_leaves=15
num_cat=0
split_feature=32 28 14 32 0 35 39 5 41 34 39 37 34 36
split_gain=1.98822 6.78039 5.5028 5.40204 6.25986 5.31876 7.88812 5.30886 4.72722 7.98859 4.59451 4.11168 3.70528 4.86578
threshold=0.9677398373983741 4.5000000000000009 0.70414282763806457 0.95292516145371675 0.0076530612244899441 0.037836209196807753 0.0052131927921316825 -0.075033801754461824 -0.0062218027891727526 0.034982465170506523 0.0033589988571782713 0.0022673399915196239 0.041691757780377321 0.012662380676328524
decision_type=2 2 2 2 2 2 2 2 2 2 2 2 2 2
left_child=3 2 -2 5 -5 -1 -7 -6 -4 10 -10 -3 -11 -14
right_child=1 11 8 4 7 6 -8 -9 9 12 -12 -13 13 -15
leaf_value=0.00022099546149375053 -0.014506875987680787 0.017460336215758217 -0.016677891060915499 0.0090423303656873375 0.011316681178041927 0.051462895931918343 -0.0086056499705713749 -0.026190929189979506 -0.0021840975518936999 -0.017539479137657049 0.0504008905611842 -0.014965562775202971 0.0016958286318092032 0.025805493228885104
leaf_weight=1828.3604139052331 14.285850001033394 7.692264061421155 7.1603287202306083 21.892295802012086 8.4128637691028398 7.2545350985601527 7.6556611699052155 50.475712469313294 4.5766695626080063 7.0304446201771489 18.018384041264653 45.571274158544838 46.720915640704334 34.057983950711787
leaf_count=26783 290 103 175 348 154 118 182 886 72 92 254 818 779 601
internal_value=0.00041385 0.00529177 0.0112623 -6.79579e-05 -0.0123338 0.0005015 0.0262048 -0.0203663 0.0148577 0.017537 0.0412839 -0.00918613 0.0095315 0.0127726
internal_weight=2109.17 185.114 131.851 1924.05 80.7809 1843.27 14.9102 58.8886 117.565 110.404 22.5951 53.2635 87.8093 80.7789
internal_count=31655 3184 2263 28471 1388 27083 300 1040 1973 1798 326 921 1472 1380
is_linear=0
shrinkage=0.05


Tree=360
num_leaves=15
num_cat=0
split_feature=16 39 42 37 1 32 16 32 15 36 38 5 38 1
split_gain=2.57482 4.25933 4.86435 7.38946 5.37172 5.10773 4.29296 4.16977 4.11393 3.41595 3.39623 3.24462 3.23983 3.35923
threshold=0.70390735891228295 0.0022590704591998021 0.35929915048543698 -0.0005721293670226667 -0.02570582359733092 0.30396078431372553 0.77034063330819846 0.1006952827000145 1.0629292283750809 0.0072925470168992987 0.29910990132536031 0.076067627984959266 -3.1466454278155216 0.054524373848672932
decision_type=8 2 2 2 2 2 8 2 2 2 2 2 2 2
left_child=8 -2 3 7 -5 -6 11 -3 -1 -7 -9 -4 -10 -14
right_child=1 2 6 4 5 9 -8 10 12 -11 -12 -13 13 -15
leaf_value=-0.014199953736250125 0.0050760839296636303 0.0027423270798628808 -0.024574796921367666 -0.0072640997278340738 0.042232394206512036 -0.0076198208617325389 -0.0041644582284854044 -0.019209010409365339 0.020958873731599575 0.019938828455979232 0.013745049992963275 0.0034279410894725755 0.0015020270339108268 0.021222757898984271
leaf_weight=34.058071008417755 182.86887722928077 91.977568668313324 41.234556460753083 17.593863185495138 16.87953538261354 14.459939661435781 545.99217130523175 44.070672165602446 17.897246023640037 25.372195832431316 5.5969085600227109 11.880607255734501 1042.9659706628881 17.097461983561516
leaf_count=484 2396 1625 631 286 206 225 8142 657 275 417 72 171 15842 221
internal_value=0.000111228 -0.00172802 -0.00327625 0.0031057 0.0153483 0.0223836 -0.00558332 -0.00362098 0.00176212 0.0102004 -0.014578 -0.0185552 0.00232967 0.00191824
internal_weight=2109.95 997.927 815.058 215.951 74.3055 56.7117 599.107 141.645 1112.02 39.8321 49.6676 53.1152 1077.96 1060.06
internal_count=31650 14828 12432 3488 1134 848 8944 2354 16822 642 729 802 16338 16063
is_linear=0
shrinkage=0.05


Tree=361
num_leaves=15
num_cat=0
split_feature=38 5 13 34 32 7 35 35 39 15 37 24 7 36
split_gain=2.36309 5.96639 5.58973 5.32212 9.47885 5.09338 5.05621 5.82125 6.60141 5.71859 5.37238 4.78179 4.48332 4.11046
threshold=1.9642410337103478 0.0014319525933911283 0.010125759120345416 0.053987460888296208 0.97983187580503028 0.9620149214497683 0.021276595744680885 0.018712593448889873 0.0057326640125993531 2.6287954820723267 0.0037364981987619843 0.033835386599399754 2.9355887857959124 0.0065335368045803541
decision_type=2 2 2 2 2 8 2 2 2 2 2 2 10 2
left_child=6 2 -2 4 11 -4 7 -1 9 -9 13 -3 -7 -8
right_child=1 3 5 -5 -6 12 10 8 -10 -11 -12 -13 -14 -15
leaf_value=-0.00096844647492495969 -0.019386043469561309 0.011806729539103739 0.024544331882441837 -0.0095891571573374149 0.048002920945724059 -0.0089916814854814082 0.021461969237419345 0.038611191000493018 -0.017911038644105079 -0.0072868905908272793 -0.020340117301444159 -0.0090006815143305104 0.01317397749763196 -0.011478032296666312
leaf_weight=1621.7565526273102 38.749752405099571 142.01795949367806 15.099019523244349 30.631514047738165 11.677656596526502 76.288001459091902 13.397578340023758 21.765990561805669 6.5256674885749808 7.2104887999594203 60.549043313600123 30.097730906680226 26.868441703729331 14.944675693288444
leaf_count=23756 633 2092 296 547 160 1402 201 328 125 128 1063 381 432 235
internal_value=-0.000373049 0.00322211 -0.00411036 0.00856237 0.0117614 0.00147852 -0.00114481 -0.000503756 0.0182226 0.0277984 -0.012433 0.00801678 -0.00287622 0.00497635
internal_weight=2117.58 371.43 157.005 214.425 183.793 118.255 1746.15 1657.26 35.5021 28.9765 88.8913 172.116 103.156 28.3423
internal_count=31779 5943 2763 3180 2633 2130 25836 24337 581 456 1499 2473 1834 436
is_linear=0
shrinkage=0.05


Tree=362
num_leaves=15
num_cat=0
split_feature=19 27 32 27 20 28 39 23 20 20 41 34 41 23
split_gain=2.32272 3.22623 4.61757 9.11532 6.77878 4.16493 10.4833 5.87556 4.51635 4.33587 4.15487 5.11054 4.11235 3.91164
threshold=0.012686485818078505 11.500000000000002 0.067340830763649565 2.5000000000000004 14.028763287607399 2.5000000000000004 0.0057326640125993531 -0.0085295460224092384 12.240966869461998 1.6544503778885151 0.021817189431269261 0.068897096457460907 -0.055530971543849748 -0.031069580939080518
decision_type=2 2 2 2 2 2 2 2 2 2 2 2 2 2
left_child=-1 2 3 -2 12 6 13 -7 9 10 -9 -12 -5 -4
right_child=1 -3 5 4 -6 7 -8 8 -10 -11 11 -13 -14 -15
leaf_value=0.0007140032268535307 -0.019311605749762404 -0.005896130985717834 0.013154946263513968 -0.0020888989064013022 -0.0043451361519370501 -0.01066879220659489 0.021650641244447336 -0.013000865659546593 -0.02119219686932116 0.020479682671511141 0.030111287799536673 -0.011657324641798333 0.038679166205829514 -0.018161293491995075
leaf_weight=1377.5266326060519 14.14303537737578 383.58844575518742 7.5157210975885382 6.900708824396129 17.20836581941694 48.931779750622809 18.724469580687582 23.614568116143346 6.6596425902098408 59.423467644490302 13.15801843442023 8.7425322122871858 30.282770441845063 94.678287171758711
leaf_count=21173 229 5848 88 118 258 582 270 283 80 749 192 141 368 1286
internal_value=-0.000496634 -0.00275946 0.000713026 0.011881 0.0209347 -0.00216638 -0.00898989 0.0030897 0.00932111 0.0121333 0.000287953 0.01437 0.0317624 -0.015352
internal_weight=2111.1 733.572 349.983 68.5349 54.3918 281.448 120.918 160.53 111.598 104.939 45.5151 21.9006 37.1835 102.194
internal_count=31665 10492 4644 973 744 3671 1644 2027 1445 1365 616 333 486 1374
is_linear=0
shrinkage=0.05


Tree=363
num_leaves=15
num_cat=0
split_feature=32 33 0 12 33 39 4 17 32 36 23 28 32 32
split_gain=1.90681 4.70035 4.66905 3.15328 2.8511 6.96765 4.39116 4.0233 3.32176 4.54109 3.98239 3.51179 3.27319 7.79334
threshold=0.0080322580645161307 0.0091326105087572995 -0.013141389450151196 23.708079364927681 0.023811023622047248 0.0046090420763447376 -0.0079365079365079621 -2.245551764544476 0.026088929219600727 -0.0057476804157834951 -0.011276397655871349 3.5000000000000004 0.032922368242785542 0.03478523895946764
decision_type=2 2 2 2 2 2 2 2 2 2 2 2 2 2
left_child=2 3 -1 -2 5 6 -3 -7 9 10 11 -6 -10 -14
right_child=1 4 -4 -5 8 7 -8 -9 12 -11 -12 -13 13 -15
leaf_value=-0.030479888518012338 -0.0077323760253804096 -0.03125526225823403 0.0067357609272595655 0.028635593655928326 -0.0053376347425964019 0.022304940354051998 0.014915477577055658 -0.014509965328190648 -0.016150821509857038 -0.012438798622138432 -0.006816925002442663 0.031718159537673381 0.031326528741184016 -0.00031908119890076671
leaf_weight=11.786817170679571 5.6146620772779015 27.304344003554437 13.991512571461497 18.070496988482773 6.2521726489067069 14.337406099773945 3.0588465100154272 7.7377953780814996 26.87935792747885 11.93493261002004 10.216284308582543 29.425461023114622 14.655225061811505 1907.0960241407156
leaf_count=254 107 647 238 297 135 231 55 143 453 164 235 397 222 28088
internal_value=-0.000113539 6.88779e-05 -0.0124678 0.0201693 -0.000210656 -0.0111943 -0.0251527 0.00910408 0.000103513 0.0114195 0.0182364 0.0253666 -0.000260675 2.91479e-06
internal_weight=2108.36 2082.58 25.7783 23.6852 2058.9 52.4384 30.3632 22.0752 2006.46 57.8289 45.8939 35.6776 1948.63 1921.75
internal_count=31666 31174 492 404 30770 1076 702 374 29694 931 767 532 28763 28310
is_linear=0
shrinkage=0.05


Tree=364
num_leaves=15
num_cat=0
split_feature=7 2 43 41 43 13 4 31 34 21 34 7 28 37
split_gain=1.80942 3.47051 4.14004 5.94559 3.81451 4.4163 3.25713 2.36333 2.2893 5.77774 4.98204 4.16251 3.85569 3.30545
threshold=7.324851551597539 0.069188513652117437 0.59680676511422448 -0.027203192833249453 0.96641475382099162 0.014950311444572461 -0.099620459193961938 0.26701305302806755 -0.066929805893291852 0.91180555555555565 -0.056905647748971382 0.92382456857076967 1.0000000180025095e-35 -0.018773830638325991
decision_type=8 2 2 2 2 2 2 2 2 10 2 10 2 2
left_child=8 2 6 -4 5 -5 -2 -3 9 13 11 -10 -13 -1
right_child=1 7 3 4 -6 -7 -8 -9 10 -11 -12 12 -14 -15
leaf_value=0.020957053634167406 0.017541885181408059 -0.02096602372751951 -0.014878074772031733 0.011587830475293128 -0.0056872493180197227 0.042243278820729729 -0.012450580182757322 0.0068779588748611913 0.015571778287158134 -0.010927560584026203 -8.730969574131108e-05 0.0067177658582804958 -0.028797545291643068 -0.0051224538098769788
leaf_weight=49.186036011204123 7.8995757652446619 13.44422688521445 9.5507329301908594 31.094938674010336 8.9762827269732934 21.33371043484658 26.338626551441848 9.7118029277771694 5.2287694774568072 25.968590600416064 1846.4067857572809 7.6021887515671542 31.079176138620824 13.463116912171243
leaf_count=828 109 166 155 383 101 221 420 132 83 506 27395 171 697 242
internal_value=0.000251476 0.00588898 0.00971751 0.0162557 0.0218538 0.0266537 -0.00417708 -0.0101405 -0.000128082 0.0075049 -0.00050477 -0.0162554 -0.0218476 0.0153883
internal_weight=2107.28 128.35 105.194 70.9557 61.4049 52.4286 34.2382 23.156 1978.93 88.6177 1890.32 43.9101 38.6814 62.6492
internal_count=31609 1687 1389 860 705 604 529 298 29922 1576 28346 951 868 1070
is_linear=0
shrinkage=0.05


Tree=365
num_leaves=15
num_cat=0
split_feature=19 10 6 16 2 28 35 39 34 16 28 37 39 37
split_gain=2.09677 4.7667 3.93964 3.51539 3.39449 6.22913 8.00696 6.08341 6.93315 6.04708 5.58733 5.31787 7.37164 6.34224
threshold=0.011785657369143472 0.62841864569463846 1.5232339123818408 0.70390735891228295 0.036213757933983411 4.5000000000000009 0.0098205155830550801 0.0037507200877461909 0.020930366904240886 0.92307673265279921 1.0000000180025095e-35 0.010102207323958947 0.0044318812238088043 0.0073763249822832453
decision_type=2 2 2 8 2 2 2 2 2 10 2 2 2 2
left_child=2 -2 -1 -3 11 7 -7 8 -6 -9 -10 13 -13 -4
right_child=1 3 4 -5 5 6 -8 9 10 -11 -12 12 -14 -15
leaf_value=0.023420252169202078 -6.8187196497797447e-05 -0.0027302902815741232 0.0011541906114224205 -0.024076665974417481 0.0039598654428989041 0.0083998532811784352 -0.024017487721815594 -0.0092407367557222411 -0.0044738995638668793 0.015478825869386939 0.042151401899330809 -0.012663447536127137 0.0056595188514744991 0.020251819082404133
leaf_weight=16.124539096839726 856.87371801445261 43.01224665902555 656.21665165666491 32.269391519017518 32.150385223329067 41.360477710142732 27.701513792853802 45.333800114225596 6.6079302094876757 43.945744519121945 34.226541028358042 150.07528042700142 81.33767081797123 41.62486136611551
leaf_count=250 12696 589 10006 423 408 536 516 756 125 668 466 2247 1347 648
internal_value=0.000607873 -0.00116008 0.00200739 -0.01281 0.0016107 0.00696133 -0.0053467 0.012203 0.0224227 0.00310249 0.0349414 0.000248594 -0.00623975 0.00242929
internal_weight=2108.86 932.155 1176.71 75.2816 1160.58 231.326 69.062 162.264 72.9849 89.2795 40.8345 929.254 231.413 697.842
internal_count=31681 13708 17973 1012 17723 3475 1052 2423 999 1424 591 14248 3594 10654
is_linear=0
shrinkage=0.05


Tree=366
num_leaves=15
num_cat=0
split_feature=27 28 20 37 41 32 38 36 36 13 23 28 6 32
split_gain=2.5176 10.858 4.96582 4.96143 5.26311 4.87269 4.57306 9.78181 5.08695 4.64769 5.31736 3.72984 3.62736 3.51395
threshold=19.500000000000004 4.5000000000000009 13.241159135554897 0.023346588932010474 -0.050925154213402039 0.053394310150264308 -1.521783173290356 0.0012857533199329698 -0.020218297948842442 0.011130256019677839 0.005569912586630422 1.5000000000000002 2.1290038752858877 0.013704416388980149
decision_type=2 2 2 2 2 2 2 2 2 2 2 2 2 2
left_child=13 2 6 4 -3 -4 8 -8 -2 10 -9 -10 -11 -1
right_child=1 3 5 -5 -6 -7 7 9 11 12 -12 -13 -14 -15
leaf_value=0.01188466304790742 -0.011547508544203004 0.020728393490070208 -0.0094453519325902926 0.02356694348972704 -0.014959818907673754 0.036237971760292878 -0.018063034395266655 0.045404114246429046 0.0015694177235899009 0.016273888031608338 0.00076459718768664053 0.037247938132199579 -0.006371302215461342 -0.00085918679356214184
leaf_weight=50.804312137886882 7.2271238500252357 7.1993271168321362 5.0127230612561133 6.5376317929476491 90.912769942544401 25.499914767220616 36.315289018675685 12.328551307320597 10.392623374238608 25.729302568361163 11.129996150732039 24.136181192472577 37.242352397181094 1765.2962034968659
leaf_count=851 154 111 117 96 1565 315 505 138 185 393 154 307 529 26333
internal_value=0.00023333 0.00443977 0.0113127 -0.00829969 -0.0114629 0.0284598 0.00738646 0.00222151 0.0207081 0.0112662 0.0280802 0.0280661 0.00339769 -0.000471034
internal_weight=2115.76 299.664 195.014 104.65 98.1121 30.5126 164.501 122.745 41.7559 86.4302 23.4585 34.5288 62.9717 1816.1
internal_count=31753 4569 2797 1772 1676 432 2365 1719 646 1214 292 492 922 27184
is_linear=0
shrinkage=0.05


Tree=367
num_leaves=15
num_cat=0
split_feature=2 41 41 41 41 33 13 1 3 39 17 20 39 9
split_gain=2.62206 3.92879 3.63758 3.61019 7.20884 5.93845 5.83834 5.038 4.77152 5.69381 4.32136 4.00033 3.84409 5.35179
threshold=0.073289537922518147 0.023832081593259561 0.0073004045232176748 -0.0023820480945616058 -0.0014339709978078428 0.84654631083202525 0.014281159796701916 0.038255092634085781 -0.057151105245793525 0.0062754386247474868 3.185989040728717 2.1670335721108578 0.0015485834334440362 1.8955465894938426
decision_type=2 2 2 2 2 2 2 2 2 2 2 2 2 2
left_child=3 2 -2 5 6 7 11 -1 9 -6 -9 -5 -10 -14
right_child=1 -3 -4 4 8 -7 -8 10 12 -11 -12 -13 13 -15
leaf_value=-0.0018181688002895846 -0.0040928967605736262 0.0055553479720070013 -0.027693657911380887 -0.00083961810157117929 -0.0026362538325587128 -0.017450812390260358 -0.0038249897037760496 0.021289532683364708 0.011494348480939384 0.048450729813486186 -0.0096595349395177874 0.041603134415153425 -0.0022816750802004365 0.0073100628951518467
leaf_weight=942.44678334984928 39.166779480874538 32.680801219306886 25.832519327290356 6.7725697830319431 9.3919404260814172 52.877192947547883 14.668763941153882 38.28351086890325 72.100924670696259 6.5787202715873709 11.949302634224294 21.556496318429708 655.83704072330147 181.46280257403851
leaf_count=14895 559 523 390 79 154 939 185 502 941 78 138 277 9500 2534
internal_value=-0.000243752 -0.00803764 -0.0147807 0.000153239 0.00234673 -0.00187982 0.021245 -0.000967099 0.00135916 0.0249423 0.0137194 0.0328527 0.000810875 -0.000171863
internal_weight=2111.61 97.6801 64.9993 2013.93 968.369 1045.56 42.9978 992.68 925.371 15.9707 50.2328 28.3291 909.401 837.3
internal_count=31694 1472 949 30222 13748 16474 541 15535 13207 232 640 356 12975 12034
is_linear=0
shrinkage=0.05


Tree=368
num_leaves=15
num_cat=0
split_feature=36 0 33 0 16 15 39 37 3 35 37 34 37 27
split_gain=2.20854 2.13258 2.05281 5.88956 4.36724 3.30647 3.27866 10.0719 6.00059 5.11399 4.81315 6.24925 5.69454 7.77399
threshold=0.030757561690817895 0.0073260550760810847 0.94324282865470177 0.014564037108292129 0.31353630432663276 1.6221359116824066 0.0052767383809636239 -0.016393458791980283 0.013413725418923274 -0.0017667844522967766 -0.012318625911437007 -0.069653726723941004 -0.010642585183566365 12.500000000000002
decision_type=2 2 2 2 10 2 2 2 2 2 2 2 2 2
left_child=2 -2 6 4 -4 -5 10 -8 -9 -10 11 -1 13 -12
right_child=1 -3 3 5 -6 -7 7 8 9 -11 12 -13 -14 -15
leaf_value=0.0099577442565188089 0.00766466364890225 -0.024360531306236301 0.0087880783957287652 -0.012523322934779849 -0.0095876993033801872 0.015479333738120951 0.0064832309336309239 -0.02467124574902857 0.017361991454919647 -0.01015309467650418 -0.0088867276140352815 -0.007993236950003221 0.00058579016205145547 0.027511392224085513
leaf_weight=53.192605125717819 4.5665848641656366 12.949138585943727 45.938792180269957 8.0736199552193266 84.517072762362659 92.772859727498144 98.640232433564961 64.859692477621138 15.832315830513833 89.611042240634561 18.913602797314525 301.08971991576254 1175.8471553567797 39.555827989242971
leaf_count=979 96 435 791 118 1425 1472 1646 1106 202 1277 309 5161 16193 500
internal_value=-0.000586106 -0.0161632 -0.000417201 0.00397425 -0.00303131 0.0127518 -0.000973229 -0.00602499 -0.0132481 -0.00542273 -0.000101765 -0.00519697 0.00137576 0.0159648
internal_weight=2106.36 17.5157 2088.84 231.302 130.456 100.846 1857.54 268.943 170.303 105.443 1588.6 354.282 1234.32 58.4694
internal_count=31710 531 31179 3806 2216 1590 27373 4231 2585 1479 23142 6140 17002 809
is_linear=0
shrinkage=0.05


Tree=369
num_leaves=15
num_cat=0
split_feature=14 5 39 32 27 39 16 16 11 14 7 36 35 10
split_gain=3.29803 4.4504 6.22413 5.07475 4.96582 3.46141 3.34706 3.59561 3.31994 2.94886 2.79112 2.69291 3.50765 4.36339
threshold=0.62709347277184746 -0.10094898256174382 0.003896651996107405 0.97318432406519662 18.500000000000004 0.0064908497132076361 0.8820346595918821 0.51958875353945222 0.52608000027968549 0.45089682363399725 1.1486275394846119 -0.0087974700615043294 -0.0095026290334818946 0.59658167917680116
decision_type=2 2 2 2 2 2 10 10 2 2 10 2 2 2
left_child=1 2 4 8 6 -4 7 10 11 -10 -1 -3 -13 -14
right_child=-2 3 5 -5 -6 -7 -8 -9 9 -11 -12 12 13 -15
leaf_value=0.028519500330909539 -0.0010883456456528143 0.022087801839614341 -0.030892617409508872 -0.020562351955705809 -0.018148296070231693 0.011229282289969241 0.035283971385105493 -0.018148586832682678 -0.0057022904831632269 0.028474386171537192 -0.0059422334901213045 -0.01024400500191068 0.016034968726268417 -0.018999464807439127
leaf_weight=9.3784949248656684 1898.1176974195987 17.741529684513807 19.323096533305947 8.0804631910286826 10.938649756833909 3.3633239846676579 8.6046011121943575 7.7496389988809815 5.6931119868531814 36.082276554778218 7.4893397018313399 29.562156546860933 43.150749717839062 6.4818147346377364
leaf_count=135 28560 299 348 168 192 54 138 103 60 500 100 381 591 83
internal_value=-0.000421142 0.00539608 -0.00504209 0.010159 0.0060054 -0.0237477 0.0152919 0.00352714 0.0126018 0.0237051 0.0153583 0.00688865 0.00237417 0.0101395
internal_weight=2111.76 213.639 66.8471 146.792 44.1607 22.6864 33.2221 24.6175 138.712 41.7754 16.8678 96.9363 79.1947 49.6326
internal_count=31712 3152 1070 2082 668 402 476 338 1914 560 235 1354 1055 674
is_linear=0
shrinkage=0.05


Tree=370
num_leaves=15
num_cat=0
split_feature=28 41 27 39 23 34 39 36 38 32 39 41 41 32
split_gain=2.0324 6.27133 7.40058 11.4538 5.72509 9.13351 5.25421 5.92295 10.3284 8.59706 8.00196 10.1571 7.91747 6.54868
threshold=2.5000000000000004 0.021602899829638648 19.500000000000004 0.0029207780889141427 0.0042250771755683045 -0.023734142157258217 0.0096453288455628974 -0.0082062843311077587 -2.1729280120018202 0.1006952827000145 0.0057326640125993531 -0.015398373287414611 -0.027203192833249453 0.064368156259248313
decision_type=2 2 2 2 2 2 2 2 2 2 2 2 2 2
left_child=1 2 6 -4 5 -5 7 9 13 10 11 12 -1 -9
right_child=-2 -3 3 4 -6 -7 -8 8 -10 -11 -12 -13 -14 -15
leaf_value=0.0047104538104565837 0.0017833705294132689 -0.014284000904466991 0.042390966277130904 -0.0087777225526742293 -0.013257261049043177 0.027618131865354861 0.029983473935230549 -0.0083628264964294898 -0.0011362636045416682 -0.027382283610842009 -0.029325413574059794 0.021775566453175504 -0.028295028649884802 0.053426139741274373
leaf_weight=41.929713141173124 1219.5737153636292 79.853251463267952 19.157538829371333 27.570290107280016 29.613866240717471 33.921271029859781 7.7063341634348026 4.4048439450561991 507.51282498100773 47.46820008661598 18.783605432137847 38.172256211750209 25.561623512767255 9.3268827144056541
leaf_count=705 17664 1450 224 539 427 410 129 79 7482 880 448 584 537 146
internal_value=0.00046026 -0.00135065 2.30463e-06 0.0117489 0.00343534 0.0118668 -0.00191585 -0.00248269 0.000198443 -0.0103877 -0.00309814 0.00267856 -0.00887943 0.0366639
internal_weight=2110.56 890.983 811.129 110.263 91.1054 61.4916 700.866 693.16 521.245 171.915 124.447 105.664 67.4913 13.7317
internal_count=31704 14040 12590 1600 1376 949 10990 10861 7707 3154 2274 1826 1242 225
is_linear=0
shrinkage=0.05


Tree=371
num_leaves=15
num_cat=0
split_feature=23 36 36 41 36 28 38 40 39 28 5 41 2 39
split_gain=2.57132 5.3634 5.04521 5.10064 4.8858 4.79963 6.53343 8.51301 7.78004 6.99685 6.41543 7.41749 5.85391 5.71208
threshold=-0.013658635584740118 -0.012875610501447974 -0.011885785103346589 -0.0029216204646246298 -0.019791020723335658 1.5000000000000002 1.4937304187683298 1.0000000180025095e-35 0.0034048941301260071 3.5000000000000004 -0.049799163025957043 -0.042259802426487407 -0.030871082686674652 0.0063342169483552773
decision_type=2 2 2 2 2 2 2 2 2 2 2 2 2 2
left_child=4 -2 3 -3 -1 -6 7 10 9 -8 11 -7 -9 -13
right_child=1 2 -4 -5 5 6 8 12 -10 -11 -12 13 -14 -15
leaf_value=0.017694513324263628 -0.0099683181150977962 0.031603143718423508 -0.00032000134102065495 -0.014811117261562139 0.0093731787514680313 -0.01735404700151745 0.040074214227513894 -0.0097954672752212108 -0.02677111503809057 -0.010030859177602469 -0.013686430955241746 0.0033594822171993839 0.028743912815872526 0.02930056714825105
leaf_weight=46.939591229893267 140.93122298410162 18.156074983067814 1365.1211389675736 4.6334915393963447 140.08720938581973 32.597500193864107 5.5927376765757826 10.144821055233477 42.210539031773806 16.270621227100492 75.880283125676215 151.65874484879896 36.767881961539388 20.038351364433765
leaf_count=812 2675 284 19620 83 2284 618 82 142 758 308 1127 2274 432 214
internal_value=0.000224874 -0.000850158 0.000108177 0.0211994 0.00305039 0.00160355 -0.00126217 0.00166438 -0.0152409 0.00785952 -0.00175156 0.00290242 0.0202691 0.00713045
internal_weight=2107.03 1528.84 1387.91 22.7896 578.188 531.249 391.161 327.088 64.0739 21.8634 280.175 204.295 46.9127 171.697
internal_count=31713 22662 19987 367 9051 8239 5955 4807 1148 390 4233 3106 574 2488
is_linear=0
shrinkage=0.05


Tree=372
num_leaves=15
num_cat=0
split_feature=36 28 4 4 8 33 21 16 33 34 22 3 28 33
split_gain=1.87517 3.14892 6.05038 4.54338 3.98245 5.17432 3.82761 2.75975 2.53015 3.94391 1.95233 1.94204 4.50623 8.96145
threshold=0.019080608230889199 2.5000000000000004 0.0093485836268228945 -0.019773597632138259 0.15109214506296245 0.99024367028364757 0.75902777777777786 0.8820346595918821 0.818816263009435 0.010034431971190918 3.5000000000000004 -0.023054601543955774 1.0000000180025095e-35 0.023811023622047248
decision_type=2 2 2 2 2 2 10 10 2 2 2 2 2 2
left_child=11 3 -3 7 -5 8 10 -2 9 -6 -4 12 13 -1
right_child=1 2 6 4 5 -7 -8 -9 -10 -11 -12 -13 -14 -15
leaf_value=-0.020852044530385777 -0.0058987010546796394 -0.020106353570201144 0.04051939777098159 0.011207723532987818 -0.022909625849106389 0.0141087167476801 -0.0089527646137054547 0.027605229793782923 -0.031697635412593947 0.017882509840206125 0.005912055008672046 0.0016488522154240962 -0.0034359686404756306 0.014492849730217777
leaf_weight=17.738580001052469 10.328809738159181 10.292183284647761 9.3413780955597794 8.2075395802967233 7.9957659374922496 6.2330708364024749 6.6603302396833888 6.378680099733173 39.127829685341567 6.1093758577480912 8.4748383089900017 1323.7181089664809 559.53586228052154 85.224096981808543
leaf_count=460 192 232 143 181 174 116 110 88 767 116 121 18346 9299 1393
internal_value=0.000173375 -0.00578901 0.00625883 -0.0108257 -0.0163925 -0.0207757 0.0188752 0.0103048 -0.025721 -0.00518523 0.0289605 0.000544687 -0.00165734 0.00771988
internal_weight=2105.37 119.15 34.7687 84.3811 67.6736 59.466 24.4765 16.7075 53.233 14.1051 17.8162 1986.22 662.499 102.963
internal_count=31738 2240 606 1634 1354 1173 374 280 1057 290 264 29498 11152 1853
is_linear=0
shrinkage=0.05


Tree=373
num_leaves=15
num_cat=0
split_feature=39 39 36 37 37 36 30 30 33 32 15 5 7 37
split_gain=2.58972 10.6779 4.56782 4.95026 7.21135 5.8697 5.85154 5.42663 5.40007 10.2214 6.16293 6.01251 4.72349 3.94652
threshold=0.0030475271591457148 0.0029595148600636404 -0.012602364773381279 -0.0091483848631896385 -0.011282119732447081 -0.010929219439252289 13.600000000000003 10.800000000000002 0.047074838546283408 0.087274954724619172 3.0968287381237709 -0.1302618394684105 0.75510085707798524 0.026182018630524165
decision_type=2 2 2 2 2 2 2 2 2 2 2 2 10 2
left_child=1 2 -1 4 7 -5 -6 -4 -7 11 12 -10 -11 -14
right_child=-2 -3 3 5 6 8 -8 -9 9 10 -12 -13 13 -15
leaf_value=-0.022923628324753552 0.00092480120808367317 -0.026960562557307128 -0.0075703463602261991 0.029521106298982247 0.03388060241786086 0.020727419873500963 -0.014650588856287282 0.022554312958400723 0.009009649128722784 0.014814025736576961 -0.019027581384659608 -0.034347956431495345 -0.0026249796814965826 0.026014394596494225
leaf_weight=18.55839654430747 1344.9846354816109 37.890176700428128 56.607699727639556 9.1737014427781087 29.785088775679469 18.047678647562861 4.5938908513635388 14.740036340430377 7.776459699496626 41.973745942581445 43.173239720053971 34.531809964217246 432.70215347129852 7.3908437546342602
leaf_count=331 20756 618 961 94 443 313 52 208 127 577 629 542 5902 106
internal_value=-0.000391592 -0.00272136 -0.00126673 -0.00053457 0.0091831 -0.00232415 0.0263588 -0.000277266 -0.00306872 -0.00399983 -0.00197527 -0.0262687 -0.000268441 -0.00185718
internal_weight=2101.93 756.945 719.055 700.496 105.727 594.77 34.379 71.3477 585.596 567.548 525.24 42.3083 482.067 440.093
internal_count=31659 10903 10285 9954 1664 8290 495 1169 8196 7883 7214 669 6585 6008
is_linear=0
shrinkage=0.05


Tree=374
num_leaves=15
num_cat=0
split_feature=21 2 41 41 39 42 39 21 41 34 39 27 14 33
split_gain=2.29402 5.0875 4.84286 7.95872 7.23089 6.72003 5.02323 4.72485 5.32284 6.01679 8.34813 9.60983 5.83699 6.24102
threshold=0.4018778763971072 0.048388157197090116 -0.0221468930708229 -0.012269335206818109 0.0030475271591457148 0.3628974106850214 0.0032701610562627824 0.38519647696476972 -0.011639330563455062 -0.0094244372844642359 0.0036957040200277257 11.500000000000002 0.83802814136757287 0.35319472616632869
decision_type=8 2 2 2 2 2 2 10 2 2 2 2 2 2
left_child=1 2 4 -4 5 -1 -6 8 -5 10 -10 -12 13 -11
right_child=-2 -3 3 7 6 -7 -8 -9 9 12 11 -13 -14 -15
leaf_value=0.016729844024119978 -0.0014238312524938986 -0.016273953833056805 -0.010426463595773722 0.030578240939179786 0.053219811512903087 -0.016480952756248449 0.014789607188276321 0.022321997345161496 -0.023956824854211786 0.0356810537065275 -0.021618842141979188 0.018702944051554867 -0.0012668202621730585 0.0068904986085870853
leaf_weight=22.593730183318257 1222.3678998234682 31.954916232265532 118.59364745439962 11.359361512586473 7.2939795646816483 29.064449260476977 53.979524961207062 26.612367185764015 45.359910502098501 16.280569732189178 18.551904655992985 35.000847900286317 254.15534096118063 211.44767765654251
leaf_count=321 19263 398 1869 154 102 474 823 359 621 206 288 475 3334 3011
internal_value=-2.36922e-05 0.00191331 0.00268795 0.00117489 0.0120985 -0.00176101 0.0230344 0.00346417 0.00243687 0.00163017 -0.00931065 0.00408125 0.00394846 0.00967113
internal_weight=2104.62 882.248 850.293 737.362 112.932 51.6582 61.2735 618.768 592.156 580.796 98.9127 53.5528 481.884 227.728
internal_count=31698 12435 12037 10317 1720 795 925 8448 8089 7935 1384 763 6551 3217
is_linear=0
shrinkage=0.05


Tree=375
num_leaves=15
num_cat=0
split_feature=9 42 27 36 38 21 36 38 20 38 20 43 35 32
split_gain=1.5814 2.56379 1.92149 7.86477 9.33991 7.15661 3.63501 5.19698 5.67732 5.52809 5.02737 5.71244 4.92007 4.0254
threshold=7.8253135033970169 0.96669255089023254 19.500000000000004 0.01297477702949479 1.6531850401396466 0.79594298245614048 0.0062304152623839934 -1.4957047045106977 18.243255505376442 -2.3634433006233535 13.241159135554897 0.37152509652509658 -0.010692329018483713 0.016064516129032261
decision_type=2 2 2 2 2 10 2 2 2 2 2 2 2 2
left_child=2 -2 -1 4 6 -5 7 8 9 -4 12 -12 -9 -11
right_child=1 -3 3 5 -6 -7 -8 10 -10 13 11 -13 -14 -15
leaf_value=-0.00057341142983374142 0.023948951172480058 -0.0079588968116656757 -0.0026300360425055664 0.032102172065595944 -0.020927206849000693 -0.011310690216635264 0.027765478417440037 -0.03047651981773411 -0.015972542762089769 -0.0042296955841479708 0.030398092250181193 -0.012838582910460342 -0.0033290047120926158 0.030312106640222415
leaf_weight=1797.04913623631 11.879907237365844 6.9080947693437329 25.919430158566684 33.689437218941748 38.642150216735899 9.7485304344445449 10.522658349946139 17.310431474819779 12.36492949631065 8.8216039538383466 14.14519805647433 9.0422626938670856 72.450430725701153 44.095302367117256
leaf_count=27024 159 78 474 479 558 184 140 286 219 226 195 117 984 663
internal_value=0.000190786 0.01301 4.50382e-05 0.00373764 0.000203794 0.0221974 0.00439724 0.00255777 0.0111333 0.0160837 -0.00454506 0.0142508 -0.00989625 0.0246857
internal_weight=2112.59 18.788 2093.8 296.752 253.314 43.438 214.672 204.15 91.2013 78.8363 112.948 23.1875 89.7609 52.9169
internal_count=31786 237 31549 4525 3862 663 3304 3164 1582 1363 1582 312 1270 889
is_linear=0
shrinkage=0.05


Tree=376
num_leaves=15
num_cat=0
split_feature=41 41 35 28 37 7 24 2 17 4 31 18 39 23
split_gain=1.97878 4.12355 2.82103 2.47104 2.21996 2.21946 3.40707 4.88757 5.11791 3.45361 3.05302 2.72332 2.64109 2.58386
threshold=-0.062687678561342094 -0.057088843239907809 -0.040528236886355255 3.5000000000000004 -0.017714302527759514 7.324851551597539 0.025390069623859403 0.047917119489783173 2.1188405932310816 -0.093500820857388242 -0.18837535480104975 0.11486486486486493 0.0028156772447657957 -0.0017888605568333602
decision_type=2 2 2 2 2 10 2 2 2 2 2 2 2 2
left_child=2 4 -1 -4 -2 -3 -7 8 9 -8 -9 -11 -10 -12
right_child=1 5 3 -5 -6 6 7 10 12 11 13 -13 -14 -15
leaf_value=-0.027648684853602747 0.031589841780028743 -0.00038527238016434139 -0.015194100962657187 0.013987222410043146 -0.0014471013160976993 -0.0084690001767892941 0.026121643145224444 -0.019123951078309533 0.0035214944628463273 0.011750433992561874 -0.013225421540679084 -0.018212036397330503 0.042267854663275872 0.014606472791562318
leaf_weight=10.495123233646156 11.013807566836478 1939.4069001222961 8.3489833977073449 10.905362844467161 6.8334432486444703 26.003156487829983 6.854672557674351 12.23226999863982 6.5945867374539402 8.5744608864188212 7.5550571270287064 13.213092490099369 18.654624853283167 22.18718746304512
leaf_count=167 144 29393 159 219 110 344 106 148 63 136 75 224 178 304
internal_value=6.99805e-05 0.000267116 -0.0117635 0.000810001 0.021392 3.28873e-05 0.00644034 0.0107038 0.0200052 0.00408629 -0.00209659 -0.00642805 0.0344029 0.00665078
internal_weight=2108.87 2079.12 29.7495 19.2543 17.8473 2061.28 121.869 95.866 53.8914 28.6422 41.9745 21.7876 25.2492 29.7422
internal_count=31770 31225 545 378 254 30971 1578 1234 707 466 527 360 241 379
is_linear=0
shrinkage=0.05


Tree=377
num_leaves=15
num_cat=0
split_feature=4 12 38 27 23 34 38 41 39 37 37 37 37 0
split_gain=2.90764 6.01901 5.14136 3.29706 2.65011 2.37906 2.25453 4.31778 4.78395 3.40366 5.55225 3.16084 3.61474 3.32342
threshold=0.14852627793507747 68.566535254497879 0.11549094207670536 6.5000000000000009 0.039555189506442552 0.044975369458127974 -3.1466454278155216 -0.018767978769634399 0.0035979348822813154 -0.0059590295513755045 -0.02779570784516849 -0.047661793222785014 -0.038106489967134831 -0.019539209081072314
decision_type=2 2 2 2 2 2 2 2 2 2 2 2 2 2
left_child=4 2 -2 -3 6 -6 7 -1 -9 10 -10 13 -13 -8
right_child=1 3 -4 -5 5 -7 11 8 9 -11 -12 12 -14 -15
leaf_value=0.020381284048860228 -0.0074107897759586143 -0.016395093798170789 0.039986904012162053 0.0078832870892436967 -0.022621368420597629 0.0040630938648800767 -0.0094842465537697419 -0.028169573636762969 -0.01736532711358418 -0.020127907492013347 0.03002363398933754 -0.016956594722696519 -0.00034339911171795659 0.023317027663302414
leaf_weight=32.453703324310482 5.9149546986445811 16.282137574627995 16.51655259821564 35.793095648288727 19.381500672083352 10.679012642242013 7.6527114929631379 8.5274650207720679 5.1825022683478918 3.8806888824328807 14.48737173527479 28.329537122510374 1877.5105056269094 21.783897674642503
leaf_count=542 66 262 192 564 368 206 161 197 129 80 223 576 27731 354
internal_value=8.01318e-05 0.00946024 0.0284159 -0.000478999 -0.000286566 -0.0139142 -4.75294e-05 0.00879888 -0.00408742 0.0080387 0.0165489 -0.000364427 -0.000634071 0.0146507
internal_weight=2104.38 74.5067 22.4315 52.0752 2029.87 30.0605 1999.81 64.5317 32.078 23.5506 19.6699 1935.28 1905.84 29.4366
internal_count=31651 1084 258 826 30567 574 29993 1171 629 432 352 28822 28307 515
is_linear=0
shrinkage=0.05


Tree=378
num_leaves=15
num_cat=0
split_feature=43 34 27 17 0 35 33 2 30 10 20 21 35 33
split_gain=2.58625 7.76543 4.30097 3.39323 2.93986 3.75923 7.78553 4.16306 6.2256 6.19116 6.14184 4.07914 3.9736 4.09643
threshold=0.9525418275418277 -0.030011547344110819 7.5000000000000009 2.404694228183287 0.016587468649042373 0.0079247965093993695 0.94324282865470177 0.04497269566501539 7.2500000000000009 0.53410275124008866 1.5041070042258216 0.45030864197530868 0.006281582325657232 0.89686630666012124
decision_type=2 2 2 2 2 2 2 2 2 2 2 8 2 2
left_child=4 2 -2 -3 -1 12 7 8 10 11 -7 -10 -6 -14
right_child=1 3 -4 -5 5 6 -8 -9 9 -11 -12 -13 13 -15
leaf_value=-0.00066126673909034143 -0.0092743034543859969 -0.0040447030823488736 0.031571482865409541 -0.021034789480999641 0.006712181688902078 0.014860054135888062 0.01419546085061787 -0.014546845961582778 0.041015543483768395 -0.0018139444635076375 -0.018679007576261713 -0.0056587420136840587 0.041762531030323062 -0.0046014150006661869
leaf_weight=1578.7770950007252 6.9910633023828295 70.76934331189841 13.814742773771284 49.269507910124958 110.35156100057065 14.710189351812003 68.922970988787711 65.586544518359005 15.743770661763849 30.257965156808496 43.820887030567974 4.6186094889417282 12.716443218290808 5.2653964255005112
leaf_count=24627 77 983 167 553 1215 225 1123 969 218 447 754 72 139 67
internal_value=-0.000195383 -0.00661808 0.018709 -0.0115805 0.000284067 0.0042517 0.000546767 -0.0050819 0.000993422 0.0131684 -0.00974375 0.0314004 0.0110018 0.0301389
internal_weight=2091.62 140.845 20.8058 120.039 1950.77 371.994 243.661 174.738 109.151 50.6203 58.5311 20.3624 128.333 17.9818
internal_count=31636 1780 244 1536 29856 5229 3808 2685 1716 737 979 290 1421 206
is_linear=0
shrinkage=0.05


Tree=379
num_leaves=15
num_cat=0
split_feature=39 14 39 5 28 11 34 16 32 21 30 41 32 39
split_gain=2.03614 5.32558 2.93677 3.25266 5.21081 3.15514 3.00864 3.00489 2.9849 2.7412 2.60972 4.70188 4.22074 5.47459
threshold=0.001356391560087678 0.50795287631147035 0.0016558931583486218 -0.117713910411382 4.5000000000000009 0.43588848060141044 1.0000000180025095e-35 0.20340106447315667 0.086785347483738465 0.51965002005615735 7.2500000000000009 -0.026279751146227378 0.066890380313199119 0.0037159571762567403
decision_type=2 2 2 2 2 2 2 10 2 10 2 2 2 2
left_child=1 -1 3 -2 -5 -6 8 -8 -7 -9 12 -12 13 -4
right_child=2 -3 10 4 5 6 7 9 -10 -11 11 -13 -14 -15
leaf_value=0.022328274352271069 0.03349325102902475 -0.012715905505177014 -0.0048707330330148915 0.033733651887764518 -0.025155513749789922 -0.0081398859954035507 0.01462552172317721 -0.022169345393089811 0.02766104287926844 0.0063210605006813678 -0.0062841197344414281 0.0033008460944796373 -0.0035290638391703051 0.011204003396460348
leaf_weight=8.1136064026504737 7.3540230710059395 65.983801323920488 88.05678247846663 8.2195871248841268 6.1556165851652613 5.7527897637337473 10.111169682815669 18.166065029799942 13.641068493947385 10.438431505113838 145.87935844855383 845.02635957766324 750.65011417819187 119.97823559259996
leaf_count=94 90 818 1572 108 69 77 123 242 142 161 2324 11831 11890 2201
internal_value=0.000161406 -0.00770972 0.000467034 0.0095737 0.00514223 -0.000685783 0.00369397 -0.0044602 0.0175497 -0.012379 7.05654e-05 0.0018653 -0.00178454 0.00444529
internal_weight=2103.53 74.0974 2029.43 79.8388 72.4847 64.2651 58.1095 38.7157 19.3939 28.6045 1949.59 990.906 958.685 208.035
internal_count=31742 912 30830 1012 922 814 745 526 219 403 29818 14155 15663 3773
is_linear=0
shrinkage=0.05


Tree=380
num_leaves=15
num_cat=0
split_feature=27 12 11 37 36 39 39 39 34 2 39 36 20 16
split_gain=1.74235 3.38963 3.89794 2.53071 1.75895 4.13567 4.25528 3.80519 4.03073 3.942 3.49042 3.17172 4.07464 4.66446
threshold=1.0000000180025095e-35 69.672524779932957 0.43072766142066399 -0.022695813572268349 0.019080608230889199 0.0045365474481034963 0.0046090420763447376 0.0061811628630807627 0.067305387052161283 0.057789877805421004 0.0037307622036984417 0.010410331117528428 11.033124888967892 0.51056195605474863
decision_type=2 2 2 2 2 2 2 2 2 2 2 2 2 8
left_child=1 2 -1 -4 11 10 -7 8 -8 -9 -6 -2 -13 -14
right_child=4 -3 3 -5 5 6 7 9 -10 -11 -12 12 13 -15
leaf_value=-0.010613003174841269 -0.00064031528289516337 -0.012299636084367793 -0.0074896082717452756 0.023584193772269425 0.0067826753495518616 0.027392939240405687 -0.019385717406169296 0.01640280838763751 0.014943882307303003 -0.014640814620475366 -0.031328567237438154 0.0089089897937681805 0.010327330036112324 -0.023196333048878123
leaf_weight=10.516772045753894 1702.8649712051265 12.726456219330428 5.3202083120122543 37.645913763903081 5.9932961110025671 6.8294828105717889 39.732922859955579 26.635187608655542 6.6660678870975962 10.595246497076003 18.490951460320503 173.62795458734035 14.434220899827777 18.858171302825212
leaf_count=161 25296 195 102 497 121 96 701 544 92 238 396 2575 231 335
internal_value=-2.32466e-05 0.00766426 0.0130602 0.0193569 -0.000292891 -0.00616621 -0.000819414 -0.00453873 -0.0134797 0.00688079 -0.0224314 7.57809e-05 0.00584501 -0.00921119
internal_weight=2090.94 66.2094 53.4829 42.9661 2024.73 114.943 90.4589 83.6294 46.399 37.2304 24.4842 1909.79 206.92 33.2924
internal_count=31580 955 760 599 30625 2188 1671 1575 793 782 517 28437 3141 566
is_linear=0
shrinkage=0.05


Tree=381
num_leaves=15
num_cat=0
split_feature=32 34 39 34 27 2 35 43 32 39 27 12 38 43
split_gain=1.82277 5.83578 11.3843 7.67157 7.04151 6.63757 6.10899 5.02754 4.20198 4.33489 3.88978 3.22392 5.04577 4.50005
threshold=0.20837467172454044 -0.00809388926100779 0.0044318812238088043 -0.0067092879215515369 8.5000000000000018 0.030234596335323997 -0.0061905963148472789 0.80969148222669363 0.20154833392205349 0.0027591676164005663 4.5000000000000009 38.844386748399693 -0.59137847657365283 0.84386081560283699
decision_type=2 2 2 2 2 2 2 2 2 2 2 2 2 2
left_child=8 2 6 -3 -4 -6 -2 -8 -1 -10 -9 -5 13 -13
right_child=1 3 4 11 5 -7 7 10 9 -11 -12 12 -14 -15
leaf_value=0.0011118260129268068 -0.033793972623134411 0.027910469250269535 -0.016552778910351479 -0.010716670911845442 0.035814311449958704 -0.0072781682813374332 0.010789974419551823 0.0082009598073189572 0.043677599150276761 -0.0021710819741522789 -0.024945327835685191 0.021643849889415052 -0.0009531615130914979 -0.0027992050005575943
leaf_weight=780.07977317785844 40.029562577605247 18.912932954728603 13.903882492333649 70.116902195848525 20.439508029259745 11.533893616870044 19.296918127685785 8.9096590429544431 6.8606245778501025 8.3237726651132089 32.327540881931782 43.434012237936258 994.44720526132733 29.115803252905607
leaf_count=12690 680 228 179 1010 291 164 267 89 80 102 348 605 14607 355
internal_value=-0.000177967 -0.00132791 -0.0105572 -0.000118357 0.00939221 0.0213873 -0.0196719 -0.00846753 0.00170192 0.0242324 -0.0176714 -0.00070469 1.55554e-07 0.0122863
internal_weight=2097.73 1302.47 146.441 1156.03 45.8773 31.9734 100.564 60.5341 795.264 15.1844 41.2372 1137.11 1067 72.5498
internal_count=31695 18823 2018 16805 634 455 1384 704 12872 182 437 16577 15567 960
is_linear=0
shrinkage=0.05


Tree=382
num_leaves=15
num_cat=0
split_feature=30 41 30 18 19 34 35 17 3 10 19 18 37 44
split_gain=2.04716 2.64279 2.3242 3.26363 4.7851 5.17215 3.98726 4.63246 3.84245 6.98619 3.66149 3.45308 3.38896 3.96435
threshold=22.250000000000004 0.021602899829638648 8.8500000000000014 0.067470417864487348 0.011720249063300762 -0.009894429985293161 0.0031292784298893044 -1.9014241257799516 0.047077993951537785 0.47529159128350235 0.0095006519935292039 0.074936600573541443 -0.013413613066275197 0.94636864813039312
decision_type=2 2 2 2 2 2 2 2 2 2 2 2 2 2
left_child=2 -2 -1 -4 5 11 7 -7 9 -6 -8 -5 -11 -14
right_child=1 -3 3 4 8 6 10 -9 -10 12 -12 -13 13 -15
leaf_value=-0.00098351519554465633 -0.015513962413177308 0.0146133851372462 -0.011853183739064013 0.025660054891285502 -0.0074163435127955289 0.0034770850015315826 0.017269868349119658 0.033408891484236244 -0.0097033589557480055 0.023857136457402714 -0.0020778012253002002 -0.0041019499898856306 -0.0018617929408921278 0.020464526081465893
leaf_weight=1511.5992848919705 35.415055803023279 4.742828424088656 30.872426686808467 5.9951858902350059 87.896621030755341 20.220938613638282 41.727521594613791 38.377449061721563 78.321701426059008 30.746069148182869 49.308220464736223 81.021496084518731 62.183537906501442 23.740698087960482
leaf_count=23774 455 57 359 82 1290 291 586 433 1028 407 720 1282 785 234
internal_value=-0.000200596 -0.0107317 2.99625e-05 0.00279708 0.00377233 0.00893978 0.0144278 0.0241655 -0.000630702 0.00299154 0.0072279 -0.000768543 0.0108151 0.00509306
internal_weight=2102.17 40.1579 2062.01 550.412 519.539 236.651 149.634 58.5984 282.889 204.567 91.0357 87.0167 116.67 85.9242
internal_count=31783 512 31271 7497 7138 3394 2030 724 3744 2716 1306 1364 1426 1019
is_linear=0
shrinkage=0.05


Tree=383
num_leaves=15
num_cat=0
split_feature=28 23 5 34 37 40 36 36 27 41 19 38 37 37
split_gain=2.09118 3.60801 3.46093 8.20011 8.72693 6.28023 5.73926 5.72951 6.53759 5.72348 6.89159 5.28684 5.26714 4.92639
threshold=2.5000000000000004 0.039555189506442552 -0.049799163025957043 -0.015624999999999943 0.0024442116493876846 1.0000000180025095e-35 -0.0094455986027354704 0.01297477702949479 21.500000000000004 0.0045770913092937357 0.012421992385643723 2.2062777724047375 -0.0044134932594628298 -0.0095829661711613872
decision_type=2 2 2 2 2 2 2 2 2 2 2 2 2 2
left_child=1 -1 -2 13 5 -5 -6 -8 9 10 -9 12 -7 -4
right_child=2 -3 3 4 6 11 7 8 -10 -11 -12 -13 -14 -15
leaf_value=-0.0012971788293112405 0.0048070952556585646 -0.021645813917659289 -0.002535594532914417 0.0019605472280446799 0.031513249210816503 -0.0036934669168429256 -0.0054500549703286561 -0.02670188487905022 0.042177725784553415 0.015663369096424566 0.020166143052096866 -0.013694079434874874 0.030402872023556883 -0.019433836954888543
leaf_weight=869.95396931329742 452.46176347788423 17.381788972765207 99.022946056909859 87.331436031963676 7.5925764925777903 12.393410904332994 338.60451151430607 19.824045405723158 7.9951524119824162 33.271624282002449 7.1941629759967318 6.8071161229163399 62.608563516288996 73.899926824495196
leaf_count=13692 6797 295 1591 1114 108 134 4707 334 123 553 104 91 731 1208
internal_value=2.28015e-05 -0.00181484 0.00137343 -0.000698192 0.00214974 0.0115458 -0.00177648 -0.00277267 0.0099697 0.00279558 -0.013022 0.0210757 0.02489 -0.0101004
internal_weight=2096.34 887.336 1209.01 756.545 583.623 169.141 414.482 406.889 68.285 60.2898 27.0182 81.8091 75.002 172.923
internal_count=31582 13987 17595 10798 7999 2070 5929 5821 1114 991 438 956 865 2799
is_linear=0
shrinkage=0.05


Tree=384
num_leaves=15
num_cat=0
split_feature=15 21 0 14 0 2 1 17 3 31 20 33 39 16
split_gain=2.15684 4.47042 3.92599 3.49835 5.26728 4.18869 4.23688 3.94577 4.60581 3.81402 3.61988 3.42637 3.66597 3.00208
threshold=1.5047645162095142 0.036309523809523812 0.010037439199687916 1.0346632847801127 0.013514940494877227 0.029157764977868154 0.019789601418223172 -2.3371196525340108 -0.027726527090810523 0.16110964736695965 17.566226909774542 0.86587559676191805 0.0027388345650072761 0.68835194032584568
decision_type=2 8 2 2 2 2 2 2 2 2 2 2 2 8
left_child=1 2 -1 5 11 6 7 -3 10 -7 -9 -5 -13 -2
right_child=13 3 -4 4 -6 9 -8 8 -10 -11 -12 12 -14 -15
leaf_value=-0.00025427422312965193 0.0027295504096406936 -0.024308040997308936 0.034924392974608115 0.010282362384231679 -0.015789391941604971 -0.010704302596195035 -0.024977176781978902 -0.027664201757516216 0.0018447382662256685 0.01973774292461156 0.010321717764894383 0.01775665057563516 -0.019739074917615521 -0.0014565679806877382
leaf_weight=18.824232914485041 855.46481756772846 22.8518679253757 8.6159577053040248 92.449182481970638 30.716820662841201 13.991789037361739 41.185554247349501 21.905942547135059 100.42185127921402 18.588468973524868 5.3005687417462459 4.7658039703965214 17.573556872550398 848.20786105562001
leaf_count=258 13164 389 107 1313 392 176 608 319 1376 238 73 64 257 13034
internal_value=-0.000128484 -0.00342249 0.0144719 -0.00492585 0.00110221 -0.00877597 -0.0115635 -0.00720709 -0.0033442 0.00697944 -0.01981 0.00609269 -0.00995536 0.000647243
internal_weight=2100.86 397.192 27.4402 369.751 145.505 224.246 191.666 150.48 127.628 32.5803 27.2065 114.789 22.3394 1703.67
internal_count=31768 5570 365 5205 2026 3179 2765 2157 1768 414 392 1634 321 26198
is_linear=0
shrinkage=0.05


Tree=385
num_leaves=15
num_cat=0
split_feature=17 28 7 9 13 38 34 37 17 5 6 3 14 5
split_gain=1.84137 2.72494 2.69458 4.6164 2.41828 2.26212 4.30008 2.40631 2.06311 3.08486 1.76297 4.78297 6.50276 7.05523
threshold=3.3072196619928382 1.0000000180025095e-35 2.4708738290093888 2.8745019670056187 0.012069118308104818 3.6313680379621429 0.026867705937473455 0.030085610979655012 3.222517037624165 -1.0000000180025095e-35 2.2122819339968252 0.049695616832982077 1.0413798933830787 -0.096912101080801602
decision_type=2 2 10 2 2 2 2 2 2 2 2 2 2 2
left_child=5 -2 -3 -4 -5 8 -7 -8 10 -10 11 12 -1 -14
right_child=1 2 3 4 -6 6 7 -9 9 -11 -12 -13 13 -15
leaf_value=-1.7240307514371262e-06 -0.027980834671005622 -0.014583707067533589 0.022324330552511259 0.0088045860494701395 -0.023668685622931843 -0.013230644456520958 0.043159488310915095 0.00066159775177718552 0.031821716387457163 -0.0038489560473392347 -0.0010962214248802199 -0.006344039773191746 -0.0063207710636195699 0.014519333461706977
leaf_weight=430.4433525246568 8.6325418278574926 21.258680627681315 15.910028719343247 6.2511807251721612 8.9684384632855636 5.1986297043040421 6.2213769406080228 4.9615989066660404 7.6368746710941222 9.8173211682587844 1187.9709881613962 139.6134899421595 48.265557177364826 189.06204964313656
leaf_count=6512 125 269 180 67 95 102 83 63 104 122 18137 2274 740 2740
internal_value=0.000203769 -0.00801487 -0.00257368 0.00651127 -0.0114519 0.000470009 0.0166482 0.0303343 0.000297413 0.0153689 0.000127491 0.0019237 0.00368658 0.0102381
internal_weight=2090.21 61.0209 52.3883 31.1296 15.2196 2029.19 16.3816 11.183 2012.81 17.4542 1995.36 807.384 667.771 237.328
internal_count=31613 736 611 342 162 30877 248 146 30629 226 30403 12266 9992 3480
is_linear=0
shrinkage=0.05


Tree=386
num_leaves=15
num_cat=0
split_feature=10 18 27 5 5 16 21 11 42 43 21 11 44 37
split_gain=2.87202 3.16082 10.7506 4.55564 3.87908 3.47873 3.24555 4.43394 3.46301 3.27588 3.22737 3.4685 3.211 3.17544
threshold=0.44887725232821168 0.070408884979026032 4.5000000000000009 0.0082060637954276556 0.10332669622543568 0.22901341741755696 0.58631602914389813 0.47856115648150871 0.35929915048543698 0.33054349348648276 0.4139459665144597 0.47312134396186128 0.56708724419141421 -0.019005351759760144
decision_type=2 2 2 2 2 8 10 2 2 2 8 2 2 2
left_child=-1 2 -2 5 12 -4 7 10 9 -9 11 -3 -5 -11
right_child=1 6 3 4 -6 -7 -8 8 -10 13 -12 -13 -14 -15
leaf_value=-0.0026210805917449868 -0.014634808032285066 0.005821026319105191 0.025905816301325841 -0.0027796216604167659 -0.0066982257599989652 -0.0016100705545261181 0.0036576774806001259 -0.0022869758245618993 -0.0048238200754713977 -0.01329525346664292 -0.0038864455031406286 0.027934558252853205 0.033556428810221021 0.02182905854515408
leaf_weight=590.11787266517058 34.86112442985177 107.57456116890535 9.9532610904425365 6.0976342018693677 6.7209119088947764 47.356323738582432 548.96810026094317 53.597973316442221 537.450325130485 4.3262325078248969 60.304717000573874 17.409272813238204 44.644037563353777 30.944381943438202
leaf_count=9514 480 1550 152 85 96 648 8717 850 7435 87 933 247 547 477
internal_value=0.000323017 0.00147828 0.00825333 0.0155261 0.0249192 0.00486408 0.000705687 -0.0013012 -0.00331062 0.00561024 0.00539964 0.00985732 0.0293323 0.0164049
internal_weight=2100.33 1510.21 149.633 114.772 57.4626 57.3096 1360.58 811.607 626.319 88.8686 185.289 124.984 50.7417 35.2706
internal_count=31818 22304 2008 1528 728 800 20296 11579 8849 1414 2730 1797 632 564
is_linear=0
shrinkage=0.05


Tree=387
num_leaves=15
num_cat=0
split_feature=41 35 36 30 27 30 19 16 27 28 27 41 27 38
split_gain=2.24908 2.42703 4.71597 3.77531 3.01145 2.93169 3.77275 5.07773 3.45671 2.81902 6.51007 5.80429 5.78373 4.66581
threshold=0.072703264347917865 0.0079247965093993695 0.0066635131426282532 8.6500000000000004 10.500000000000002 12.15 0.0093680346328330454 1.1789991872967567 4.5000000000000009 4.5000000000000009 13.500000000000002 -0.0056062508716655515 5.5000000000000009 2.60223967079739
decision_type=2 2 2 2 2 2 2 8 2 2 2 2 2 2
left_child=1 2 5 4 -4 -1 -7 8 -8 -3 12 -12 -11 -14
right_child=-2 9 3 -5 -6 6 7 -9 -10 10 11 -13 13 -15
leaf_value=0.001950339326241432 0.019617350380358497 -0.00024290319544754743 0.021248602365424401 0.034508238165899367 -0.0069222728873342054 -0.015859001537561129 0.010755134024839422 0.015998483592609126 -0.0099236800251076493 -0.012247822888910052 0.014014242295594021 -0.02084823638403268 0.0042174720510152509 0.039064023765105121
leaf_weight=1127.3565532783978 10.18896711245179 552.99081702530384 11.001326598227026 13.802526023238896 19.12546250410378 49.507945747114718 21.480077442713082 31.136855747550726 86.79308692086488 34.34089379850775 10.310315136797724 80.571054058149457 41.962702455930412 8.0832945853471738
leaf_count=17189 187 8493 156 163 259 631 271 407 1155 516 162 1380 629 102
internal_value=0.000445979 0.000305818 0.00155134 0.0167966 0.0049251 0.000980905 -0.00470526 -0.000332342 -0.0055276 -0.00201521 -0.0074452 -0.0163686 0.00254299 0.0128829
internal_weight=2098.65 2088.46 1360.2 43.9293 30.1268 1316.27 188.918 139.41 108.273 728.259 175.268 90.8814 84.3869 50.046
internal_count=31700 31513 20231 578 415 19653 2464 1833 1426 11282 2789 1542 1247 731
is_linear=0
shrinkage=0.05


Tree=388
num_leaves=15
num_cat=0
split_feature=1 10 10 35 23 42 44 1 39 38 36 4 36 35
split_gain=1.9939 4.47463 4.54539 3.34281 3.10069 2.04561 2.04612 2.44084 4.14239 2.97029 4.12289 6.35187 4.44993 2.78663
threshold=0.048782041125722715 0.57909884667441613 0.46313099351521764 0.041275974390654897 0.037167588074381259 0.99664429530201348 0.38608590441621299 -0.034797701219631764 0.0049193005963097123 -2.8803997340281895 -0.016542620546745487 -0.068262885866958042 -0.013507471031474204 -0.04935260507573843
decision_type=2 2 2 2 2 2 2 2 2 2 2 2 2 2
left_child=5 2 -2 4 -4 6 -1 8 9 13 -11 -12 -13 -8
right_child=1 -3 3 -5 -6 -7 7 -9 -10 10 11 12 -14 -15
leaf_value=-0.005369413568614435 -0.017259006884962725 -0.0099049914923593305 0.027538681094885126 -0.011618948347298068 -0.0072920553073392291 -0.014172191023150885 0.017795637066654615 0.00019350245198736501 -0.0070917953832452529 0.039107700135660485 -0.011004994848059285 -0.011168952155409213 0.027220272794277151 -0.016205848827970624
leaf_weight=145.75153560377657 5.8853202564641824 21.890304496511817 42.712539579719305 4.7664011879824093 5.2677792683243743 19.954011436551809 4.481851275078955 1722.4218158582225 32.794260545633733 12.10092524345964 20.692163837142289 6.4342040601186445 33.938766631297767 12.238095371052621
leaf_count=2660 96 303 482 114 75 226 90 25440 669 179 335 151 517 240
internal_value=0.000373097 0.00785027 0.0147366 0.0194919 0.0233873 5.49457e-05 0.000232689 0.000688535 0.00735901 0.0127272 0.0168648 0.00983081 0.0205456 -0.00509312
internal_weight=2091.33 80.5223 58.632 52.7467 47.9803 2010.81 1990.85 1845.1 122.68 89.886 73.1661 61.0651 40.373 16.7199
internal_count=31577 1070 767 671 557 30507 30281 27621 2181 1512 1182 1003 668 330
is_linear=0
shrinkage=0.05


Tree=389
num_leaves=15
num_cat=0
split_feature=10 38 35 35 38 41 36 6 5 38 13 37 37 35
split_gain=1.91724 3.18346 6.22915 6.34639 4.48824 4.27974 3.89948 3.89142 3.86638 3.93885 3.80015 3.70429 4.16324 3.40874
threshold=0.45234245528233114 -1.4957047045106977 -0.030562576303378327 -0.016557064420928577 -1.6468089343045891 -0.012623164502424953 -0.0040287719207373609 1.5676628917763582 -0.14590550165664742 -2.1556372015925054 0.012814892276549717 -0.01399383740639387 -0.0045238459832314662 -0.04935260507573843
decision_type=2 2 2 2 2 2 2 2 2 2 2 2 2 2
left_child=1 2 6 10 8 -6 13 -3 -5 11 -4 -10 -13 -1
right_child=-2 7 3 4 5 -7 -8 -9 9 -11 -12 12 -14 -15
leaf_value=0.0071009375059405654 0.0010040214939418984 0.013439777269487066 0.022198015660834361 0.013701209608619511 0.035226858940595782 -0.011179677855523274 0.022274575185202566 -0.0070300026052761873 -0.02107912320182356 -0.026021959002149587 0.004506337447140657 0.029412919056112555 -0.009419691553401395 -0.018228358038512759
leaf_weight=13.87390167545527 1485.4214344252832 20.483261512592435 55.946579914540052 10.536726566962896 7.441535534337163 5.1371214222162944 4.0514084231108418 311.59359163558111 8.9849498835392314 29.820760617963973 66.951103391125798 9.032597269862892 10.007412374019617 58.864616993814707
leaf_count=245 21873 289 951 149 119 68 52 4674 180 528 1183 115 163 1171
internal_value=3.3364e-05 -0.00230887 0.00159958 0.00615453 -0.00455674 0.0184853 -0.0101297 -0.00558675 -0.00976594 -0.0147905 0.0131131 -0.00070904 0.0112885 -0.0132511
internal_weight=2098.15 612.726 280.649 203.859 80.9611 12.5787 76.7899 332.077 68.3824 57.8457 122.898 28.025 19.04 72.7385
internal_count=31760 9887 4924 3456 1322 187 1468 4963 1135 986 2134 458 278 1416
is_linear=0
shrinkage=0.05


Tree=390
num_leaves=15
num_cat=0
split_feature=15 28 39 41 7 27 7 4 41 37 41 16 24 14
split_gain=2.24004 4.07886 5.01825 4.80916 4.2249 3.90997 7.03701 4.84302 5.90363 5.46732 4.30664 4.07479 3.96777 3.57001
threshold=1.5047645162095142 2.5000000000000004 0.0042699395462071068 -0.021059268980753078 0.71887243907420251 12.500000000000002 1.9460312299326417 0.051332862883870185 -0.011867815586514617 0.011355615130314691 -0.003216514890359012 1.0976663836017269 0.031386626242624817 0.93175473709129852
decision_type=2 2 2 2 8 2 8 2 2 2 2 8 2 2
left_child=1 2 3 -1 -5 6 12 11 -9 -10 -8 -7 -3 -4
right_child=-2 5 13 4 -6 7 10 8 9 -11 -12 -13 -14 -15
leaf_value=0.010167516091567883 0.0010853617936177659 0.0061799285482044214 -0.013931436202935271 0.015947804983775012 -0.022538284745771825 -0.017111594864878798 0.0044517953055070196 -0.024540332449544528 0.036595426654598993 -0.0086122801288493877 0.03470475885354609 0.0035741107903206623 -0.018873706837516206 0.0090136375005187945
leaf_weight=12.432957943528889 1699.3264377601445 37.330986004322767 20.20583994500339 4.2870326302945605 82.341313811019063 61.734951202291995 22.862139225006104 4.2440596185624626 15.133735711686315 7.6036217324435702 23.571061987429857 34.693922528065741 20.446270106360316 46.99197799526155
leaf_count=177 26155 504 334 74 1193 965 273 80 194 109 285 405 256 693
internal_value=0.000296628 -0.00307718 -0.00890862 -0.0157904 -0.0198674 0.00128217 0.00821282 -0.00466214 0.0125512 0.0226502 0.02169 -0.00985983 -0.00348316 0.00162724
internal_weight=2093.21 393.88 166.259 99.0613 86.6283 227.621 104.21 123.41 26.9814 22.7374 46.4332 96.4289 57.7773 67.1978
internal_count=31697 5542 2471 1444 1267 3071 1318 1753 383 303 558 1370 760 1027
is_linear=0
shrinkage=0.05


Tree=391
num_leaves=15
num_cat=0
split_feature=7 42 27 37 44 35 30 34 8 5 14 41 10 1
split_gain=1.67567 2.92911 2.67798 3.16611 3.37755 3.14714 2.15989 2.01598 1.97815 4.17822 2.59527 2.33862 2.40158 2.22226
threshold=0.73730493593109114 0.074227119681665149 17.500000000000004 0.010102207323958947 0.80533943101502647 -0.0085873781396103559 13.300000000000002 -0.002786324346851526 -0.26355370587000881 0.13030229728342937 0.61821716097315371 -0.01629409233529305 0.50256421317091393 -0.023809523809523666
decision_type=8 2 2 2 2 2 2 2 2 2 2 2 2 2
left_child=1 7 3 4 6 -6 -3 -1 9 10 11 -2 -13 -12
right_child=8 2 -4 -5 5 -7 -8 -9 -10 -11 13 12 -14 -15
leaf_value=-0.02780616772629135 -0.017478099487298934 0.027581170730489043 -0.010426799573776221 -0.0048690900718045141 -0.01956748142852105 0.014643416803985799 -0.0043416763515308071 0.0066455340354089169 -4.5825963985264811e-05 0.019783130823609836 0.00077285573259245699 0.019579434631391411 -0.007732213443819475 -0.024846718906068228
leaf_weight=5.3530582850798965 8.7262941962107998 39.347931587602943 11.398132843896745 18.47395925829187 7.4443965982645777 9.648731352761386 4.6008587907999745 4.5344686601310951 1911.0397150050849 7.612272258847951 10.602953705936669 12.498630814254286 11.086751264519988 31.874615844339132
leaf_count=74 149 570 174 345 96 126 59 62 28989 96 172 186 153 539
internal_value=-5.7849e-05 0.0060745 0.00904153 0.012284 0.0174508 -0.00131254 0.0241371 -0.0150809 -0.000382363 -0.00773816 -0.0116035 -0.000581117 0.00763422 -0.0190438
internal_weight=2094.24 100.802 90.914 79.5159 61.0419 17.0931 43.9488 9.88753 1993.44 82.4015 74.7892 32.3117 23.5854 42.4776
internal_count=31790 1506 1370 1196 851 222 629 136 30284 1295 1199 488 339 711
is_linear=0
shrinkage=0.05


Tree=392
num_leaves=15
num_cat=0
split_feature=40 33 39 39 39 27 23 36 27 20 20 33 4 34
split_gain=2.1414 5.9564 5.64631 10.1329 8.59033 6.7206 6.45254 6.34097 6.00948 5.23006 6.90995 8.88695 6.05446 5.20521
threshold=1.0000000180025095e-35 0.10079428606612895 0.0036957040200277257 0.0027004803966359692 0.003966913716812571 15.500000000000002 -0.0015932441469274081 -0.016188370435476159 1.0000000180025095e-35 12.935494542534721 4.3502348573577043 0.020168124194969838 0.077791011671445545 -0.04956677086688676
decision_type=2 2 2 2 2 2 2 2 2 2 2 2 2 2
left_child=2 -2 3 9 5 6 -4 -7 -5 10 12 -12 -1 -10
right_child=1 -3 4 8 -6 7 -8 -9 13 -11 11 -13 -14 -15
leaf_value=0.023257495639676884 -0.018563061271940278 0.0023627400011279024 0.036210982011274949 0.020410379280275753 -0.0006269392619034646 0.023178535337443934 -0.0017455523050505708 -0.020580685453443243 -0.00038308833404706547 0.0095199006747752699 0.033065147860334446 -0.012940307675862418 -0.014268442817776991 -0.01909694535977639
leaf_weight=30.571058592759073 30.119459139183164 1102.7446771613322 38.239277338609099 8.5206001102924329 383.08486976847053 8.7204121537506598 14.509674921631811 16.089400134049356 48.119459001347423 108.43044510763139 6.6361771496012798 129.13921810220927 11.469730470329521 161.26511745294556
leaf_count=373 554 16193 473 124 6471 109 272 249 790 1503 112 1916 154 2420
internal_value=0.000256483 0.00172726 -0.00147051 -0.00510349 0.00251772 0.0171474 0.0265231 -0.00389185 -0.0130977 0.00110247 -0.00415037 -0.00959721 0.0125911 -0.0149055
internal_weight=2097.66 1132.86 964.795 504.152 460.644 77.5588 52.749 24.8098 217.905 286.247 177.816 135.775 42.0408 209.385
internal_count=31713 16747 14966 7392 7574 1103 745 358 3334 4058 2555 2028 527 3210
is_linear=0
shrinkage=0.05


Tree=393
num_leaves=15
num_cat=0
split_feature=18 19 16 2 37 33 32 39 5 39 0 17 39 36
split_gain=2.15759 4.21189 3.91706 4.07618 3.69711 3.29435 6.2642 3.91384 3.46855 4.06619 3.44075 4.75091 3.6902 4.88475
threshold=0.087785088027591593 0.011895943660161411 0.99049370848925622 -0.031208326051346099 0.01987328164378022 0.8925897165677521 0.94623128549303048 0.0023729402593236095 -0.054119086123107389 0.0044139709770341746 0.0039937329152004439 -2.477020673844113 0.0044518089568097328 0.003735417485551507
decision_type=2 2 8 2 2 2 2 2 2 2 2 2 2 2
left_child=1 4 3 -3 5 8 7 -7 9 -1 11 -10 13 -12
right_child=-2 2 -4 -5 -6 6 -8 -9 10 -11 12 -13 -14 -15
leaf_value=0.014156678395731037 -0.00058802076257135629 -0.0074936041084196457 -0.010291086400934337 0.030341259615150353 -0.0080194819026491466 0.042925161553337976 -0.007232463344561681 0.0036080711629757401 0.003921281316276613 -0.011946517524064434 0.010306603051047292 -0.016344449339633235 0.023018754449748907 -0.011561072258670214
leaf_weight=78.380251949653029 1622.9655263521709 6.771583952009677 7.8288905490189782 30.147715027909726 76.55848524812609 14.736659262329342 15.891003691591321 10.780470771715043 48.362098482437432 14.164869410917161 50.367974827066064 61.474036631174386 17.006118167191744 42.401472186669707
leaf_count=1105 25043 116 122 403 1225 168 246 133 696 263 544 899 235 548
internal_value=0.00028119 0.00322706 0.0170095 0.0233357 0.00161422 0.00378297 0.0162265 0.0296272 0.00190252 0.00975378 -0.0015495 -0.007639 0.00461071 0.000231605
internal_weight=2097.84 474.872 44.7482 36.9193 430.123 353.565 41.4081 25.5171 312.157 92.5451 219.612 109.836 109.776 92.7694
internal_count=31746 6703 641 519 6062 4837 547 301 4290 1368 2922 1595 1327 1092
is_linear=0
shrinkage=0.05


Tree=394
num_leaves=15
num_cat=0
split_feature=30 44 21 21 43 43 1 36 5 33 23 33 0 36
split_gain=2.69727 3.14651 2.92604 2.48491 2.42446 3.82348 3.12025 3.16763 4.34941 4.99004 5.05575 4.2493 4.04585 4.00105
threshold=15.550000000000002 0.87698612862547298 0.49052634276342771 0.17147331154684101 0.33054349348648276 0.30877418081326496 -0.038149406970521986 0.0048422470992396391 -0.049799163025957043 0.12100874516981901 -0.016287928617347899 0.019512659432705123 -0.0042073466868194345 -0.010929219439252289
decision_type=2 2 8 10 2 2 2 2 2 2 2 2 2 2
left_child=4 2 3 -2 5 6 -1 8 9 12 -11 -10 -8 -13
right_child=1 -3 -4 -5 -6 -7 7 -9 11 10 -12 13 -14 -15
leaf_value=0.011606380811828736 -0.0066308670677588145 -0.012317302695638056 -0.008739065849031535 0.018822620579551846 0.0019932058274122057 -0.016444045022443812 -0.013478800556471118 0.006725891626539241 0.024441048234623869 0.018878359325397307 -0.0015949238217528865 0.0053236324586217422 0.012708455358234536 -0.015627961718714303
leaf_weight=41.516199489124119 11.097787726670502 80.384091073647141 29.530248651280999 24.636089599691331 1448.2584329908714 37.119674385525286 66.802139632869512 79.198076378088444 3.8779259519651523 48.363467486575246 67.706236210651696 25.147674132138491 14.335736420005558 122.26477588899434
leaf_count=678 142 1060 485 363 21656 578 1278 1287 53 644 900 443 219 1916
internal_value=0.000458763 -0.00598996 0.00212519 0.011074 0.000953354 -0.00201133 -0.00070821 -0.00202388 -0.00407933 0.000837627 0.00736315 -0.0103103 -0.00838283 -0.0119964
internal_weight=2100.24 145.648 65.2641 35.7339 1954.59 506.332 469.212 427.696 348.498 197.208 116.07 151.29 81.1379 147.412
internal_count=31702 2050 990 505 29652 7996 7418 6740 5453 3041 1544 2412 1497 2359
is_linear=0
shrinkage=0.05


Tree=395
num_leaves=15
num_cat=0
split_feature=2 31 39 42 11 3 5 32 27 38 24 38 38 31
split_gain=1.84859 3.54207 2.2606 1.66271 2.31856 2.30806 1.98402 5.0521 3.9194 5.99659 3.38577 3.72059 3.32542 3.20127
threshold=0.08632490524731197 0.69818686376825345 0.0044067389675453887 0.99664429530201348 0.55468819944086289 0.053947060043920032 0.1617109850195674 0.94485473798533814 17.500000000000004 0.27266902786743819 0.037314895059202512 -0.29887779743064175 0.83864118110102004 -0.07133375178436574
decision_type=2 2 2 2 2 2 2 2 2 2 2 2 2 2
left_child=3 -2 -3 6 5 -5 -1 8 9 10 11 -8 -10 -9
right_child=1 2 -4 4 -6 -7 7 13 12 -11 -12 -13 -14 -15
leaf_value=-9.5668545484428629e-05 -0.016141865202268769 0.027747807485506579 -0.0080240510044916665 0.01259538862793509 -0.026705143243046042 -0.016334825951283709 0.019738602353946092 0.011157649302087461 0.012022066830259802 0.029040495359515434 -0.021743569901517591 -0.016229568980099536 -0.025417800269409475 -0.014108710280602184
leaf_weight=1889.0371471955441 37.007512266747653 4.7555048614740354 4.8973679570481181 11.266022909432655 8.7069914117455465 6.968235094100236 18.571349308826036 14.005515413358806 7.225589828565715 41.153955196030438 7.0582461543381205 6.0011567417532197 7.3192864963784814 34.53432235866785
leaf_count=28816 568 79 81 115 92 88 261 229 112 486 76 72 99 562
internal_value=-8.16159e-05 -0.00942313 0.0130539 0.000153207 -0.0111664 0.000403621 0.000330947 0.0060552 0.012983 0.0175467 0.000669714 0.00969554 -0.00850107 -0.00645727
internal_weight=2098.51 46.6604 9.65287 2051.85 26.9412 18.2343 2024.91 135.869 87.3296 72.7847 31.6308 24.5725 14.5449 48.5398
internal_count=31736 728 160 31008 295 203 30713 1897 1106 895 409 333 211 791
is_linear=0
shrinkage=0.05


Tree=396
num_leaves=15
num_cat=0
split_feature=42 20 23 18 39 39 33 33 39 34 35 38 32 22
split_gain=1.80672 3.46311 6.16487 4.42901 4.30441 7.06637 6.3651 9.46911 8.01204 14.5516 8.84025 7.98109 7.67648 8.73725
threshold=0.093988412780359104 10.528430037740474 -0.010401465455874779 0.079396562949909474 0.0042804379101259405 0.0039354115544055776 0.84474389019082696 0.95017730496453912 0.0052131927921316825 -0.027388659353165919 -0.019428401108437878 0.88157380319982825 0.072036036036036047 1.0000000180025095e-35
decision_type=2 2 2 2 2 2 2 2 2 2 2 2 2 2
left_child=-1 4 3 -3 5 -2 8 11 9 12 -11 -8 13 -6
right_child=1 2 -4 -5 6 -7 7 -9 -10 10 -12 -13 -14 -15
leaf_value=0.0048059823464965921 0.00058102048723771211 0.022869963824937514 -0.010196725602237009 -0.0009509830053217943 -0.022048887195321776 -0.012820121652612711 0.013373408082894176 0.0089264607897684613 -0.00070010234268695528 0.054990696293770562 0.018209138814430526 -0.0186874991566559 -0.024240940763790481 0.026906428759600726
leaf_weight=174.8344403905794 750.32359741674736 15.671441311948 217.57653309917077 343.67966511426494 9.4532260838896054 108.1468655820936 20.833325443789363 98.811629610601813 114.32857624348253 18.123586281202734 94.690112677402794 85.372486025560647 22.764052190352231 21.331695774104446
leaf_count=2684 10534 240 3522 5466 235 1660 290 1536 1885 213 1253 1443 388 326
internal_value=1.31421e-05 -0.000434384 -0.00365747 0.000387447 0.000957408 -0.00117166 0.00469405 -0.00198405 0.00952111 0.0163609 0.0262011 -0.0120799 -0.00483719 0.0108933
internal_weight=2095.94 1921.11 576.928 359.351 1344.18 858.47 485.709 205.017 280.691 166.363 112.814 106.206 53.549 30.7849
internal_count=31675 28991 9228 5706 19763 12194 7569 3269 4300 2415 1466 1733 949 561
is_linear=0
shrinkage=0.05


Tree=397
num_leaves=15
num_cat=0
split_feature=43 39 18 4 17 24 28 39 3 4 39 23 36 36
split_gain=2.53973 2.44543 2.00594 4.68935 4.05011 3.82688 3.83707 6.58926 5.62792 5.59004 6.54273 4.22282 4.95801 5.18637
threshold=0.02702826096881706 0.0020150009117974222 0.11399758265623809 0.069221683359586797 -2.3243807040052924 0.019348118414972131 2.5000000000000004 0.004724542383615981 -0.052631578947368411 -0.029511700396507076 0.002896581562938936 -0.014943804785796875 -0.01405368333066964 0.024758260213609943
decision_type=2 2 2 2 2 2 2 2 2 2 2 2 2 2
left_child=1 -1 3 -2 -4 -6 7 8 -7 -10 -11 12 -9 -14
right_child=2 -3 4 -5 5 6 -8 11 9 10 -12 -13 13 -15
leaf_value=0.011534433108392798 0.0026640088748736516 -0.019650597994486443 -0.0081967862079886586 -0.011154305369231808 -0.019597130108727694 0.0081856920802915092 0.0029816668743388691 -0.0095221455287311449 -0.02492467015173918 0.011058920924105641 -0.013079664623689063 -0.0022150669146467484 0.029764174152995988 -0.014543894030062683
leaf_weight=4.4469213038682964 872.88931706920266 24.286400213371962 179.58035905379802 61.100709677208215 19.487204346805811 36.501416231039912 562.26416630437598 12.263037400320171 56.215405046008527 35.382019290700555 90.521501825191081 80.11670150142163 34.925088072195649 4.7841642629355183
leaf_count=61 13011 391 3282 956 315 621 8043 248 797 531 1293 1246 505 103
internal_value=-0.0002223 -0.01383 2.04726e-06 0.00170545 -0.00142985 -8.9852e-05 0.000431 -0.00364271 -0.00889393 -0.0124444 -0.00613282 0.00505596 0.0154752 0.0233964
internal_weight=2074.76 28.7333 2046.03 933.99 1112.04 932.461 912.973 350.709 218.62 182.119 125.904 132.089 51.9723 39.7093
internal_count=31403 452 30951 13967 16984 13702 13387 5344 3242 2621 1824 2102 856 608
is_linear=0
shrinkage=0.05


Tree=398
num_leaves=15
num_cat=0
split_feature=43 41 20 38 38 41 35 27 39 41 27 35 27 32
split_gain=2.40292 3.10998 5.27317 3.14163 6.74418 5.81146 5.26502 6.86176 4.82376 4.78262 3.94493 3.93921 7.03665 3.69881
threshold=0.59191836734693892 -0.050925154213402039 14.859285643532793 -2.146029016680473 -1.8883700445283365 -0.031335347746104351 -0.030281434618783961 14.500000000000002 0.0036736841119307186 -0.0018596184680999548 20.500000000000004 -0.023150700314426894 20.500000000000004 0.35588265202359165
decision_type=2 2 2 2 2 2 2 2 2 2 2 2 2 2
left_child=1 2 -1 13 5 -5 7 8 -6 10 -7 12 -8 -3
right_child=-2 3 -4 4 6 9 11 -9 -10 -11 -12 -13 -14 -15
leaf_value=0.022625519482799873 0.0015803025531652489 0.0049697124720201828 -0.014451719130468027 0.011264262345310375 -0.0079530664479944401 -0.036225406897279357 -0.025679013908607023 -0.020600672574415391 0.041463519458534936 0.0042990215266083169 0.0051613294037008246 -0.0022014825516327267 0.026454712079220323 -0.021339549563516969
leaf_weight=25.680328751914203 1063.9165946966968 188.85384355066344 9.9221601719036681 10.662855012342332 4.6769362203776899 39.200432110577822 33.251914089079946 5.0255210986360899 14.983259950764475 10.301223929040132 5.2965510953217736 666.31825518235564 3.5800856426358214 9.4326753020286542
leaf_count=431 15233 3307 172 198 97 747 659 107 191 172 84 10109 45 177
internal_value=-8.14819e-05 -0.00180201 0.0117852 -0.00234653 -0.00375039 -0.0185326 -0.00230352 0.0183618 0.0304789 -0.0247876 -0.0312753 -0.00315354 -0.0180553 0.00322408
internal_weight=2091.1 1027.19 35.6025 991.584 793.297 65.4611 727.836 24.6857 19.6602 54.7982 44.497 703.15 36.832 198.287
internal_count=31729 16496 603 15893 12409 1201 11208 395 288 1003 831 10813 704 3484
is_linear=0
shrinkage=0.05


Tree=399
num_leaves=15
num_cat=0
split_feature=13 9 6 27 0 30 28 18 8 30 4 38 23 38
split_gain=2.24286 4.07346 2.33507 2.33462 2.20532 2.20186 3.58698 5.4686 4.20446 3.455 4.66061 3.32743 3.21735 3.1115
threshold=0.0075966363067410123 0.59469356545492347 1.8922158463037857 5.5000000000000009 -0.010763538561997075 7.2500000000000009 5.5000000000000009 0.058146164249158062 -0.046434030454045434 8.8500000000000014 0.012506413188251077 -1.4485866376015337 0.0051216980358186346 -2.7692931296177146
decision_type=2 2 2 2 2 2 2 2 2 2 2 2 2 2
left_child=1 2 -1 -4 -3 13 7 -7 9 10 11 -8 -11 -2
right_child=5 4 3 -5 -6 6 8 -9 -10 12 -12 -13 -14 -15
leaf_value=-0.001190714093651938 0.0075295755432078565 0.016326819084194154 -0.0002326569092976846 0.032830107133911261 -0.0093229464381861075 -0.024255635170377016 0.0047666023394942747 0.0032396250687713106 -0.0096620599061826296 0.022212223313385304 0.01783764758705976 -0.031779095352948913 -0.010538266727397987 -0.0028593822047140553
leaf_weight=10.218641212210057 73.62465534824878 6.1615828694775692 6.7133615156635669 19.820316140539944 30.004659773781896 13.526730842888353 8.1147000240162033 843.97094187373295 133.2236498920247 27.588567739352584 8.6732928808778507 11.633920450694861 6.4699626127257934 887.88988853618503
leaf_count=118 1363 76 78 251 348 159 127 11851 1990 376 138 192 108 14455
internal_value=1.67385e-05 0.00834068 0.0190171 0.0257543 -0.00350077 -0.000304432 0.00127219 0.0026678 -0.00475692 0.005643 -0.0066483 -0.0188333 0.0154381 -0.00202905
internal_weight=2087.63 72.9186 36.7523 26.5337 36.1662 2014.72 1053.2 857.498 195.704 62.4804 28.4219 19.7486 34.0585 961.515
internal_count=31630 871 447 329 424 30759 14941 12010 2931 941 457 319 484 15818
is_linear=0
shrinkage=0.05


Tree=400
num_leaves=15
num_cat=0
split_feature=35 36 35 37 41 36 17 36 23 39 36 6 36 8
split_gain=2.00952 6.83725 3.70611 3.08448 2.34289 2.04136 2.82856 2.75842 6.62091 2.61905 2.26351 4.75456 2.37786 4.90105
threshold=-0.04935260507573843 -0.016188370435476159 -0.044065163916618182 -0.028525828205926414 -0.039676660588014327 -0.025203512139094438 -1.8758019976719205 -0.019791020723335658 -0.0057215176306857343 0.004152001833112891 -0.017464181104227535 4.6613654906965971 -0.016542620546745487 1.4339832084660575
decision_type=2 2 2 2 2 2 2 2 2 2 2 2 2 2
left_child=1 3 4 -1 -2 6 -4 8 9 -7 11 -9 13 -12
right_child=2 -3 5 -5 -6 7 -8 10 -10 -11 12 -13 -14 -15
leaf_value=0.0019916191239742888 -0.00035110139884188772 -0.023753489827797999 -0.022591677854052462 0.0346286370283789 -0.034610240109897689 0.038857464932774179 0.013430617160552008 -0.024519084555245339 -0.01055017156018646 0.0098611427478306202 0.030824992414403951 0.014409004534800622 -0.00063369260878789677 -0.015779963178659852
leaf_weight=12.779781681485474 8.2283046012744325 6.6064067194238296 16.427334451116625 13.904159544035792 8.1010349337011558 10.480130710639058 3.6150721488520494 20.726845683064315 21.540512924082577 26.009333894588053 11.166016822680833 7.4204723136499515 1903.7082881839015 4.8826498026028267
leaf_count=241 115 106 391 196 139 131 56 394 486 462 172 129 28416 85
internal_value=-0.000530522 0.0108211 -0.000741533 0.0217787 -0.0214763 -0.000521952 -0.01471 -0.000343968 0.00995239 0.0218683 -0.000675403 -0.013631 -0.000450532 0.0162656
internal_weight=2075.6 33.2903 2042.31 26.6839 16.3293 2025.98 20.0424 2005.93 58.03 36.4895 1947.9 28.1473 1919.76 16.0487
internal_count=31519 543 30976 437 254 30722 447 30275 1079 593 29196 523 28673 257
is_linear=0
shrinkage=0.05


Tree=401
num_leaves=15
num_cat=0
split_feature=41 9 34 34 28 38 35 12 21 23 37 35 32 32
split_gain=1.73759 3.49504 3.02919 4.82695 7.69436 6.07834 3.47249 7.38408 4.93551 3.2927 2.72429 5.9891 5.11453 4.48208
threshold=0.072703264347917865 1.0474719452108918 0.053987460888296208 0.049218152463001326 1.5000000000000002 1.4152582355796539 0.021276595744680885 66.213195287637902 0.94791666666666674 0.012093109837192475 0.040779422722397214 0.025132824131779422 0.99042864993588575 0.9755097960815674
decision_type=2 2 2 2 2 2 2 2 10 2 2 2 2 2
left_child=2 -2 3 -1 -5 -6 7 9 -9 -4 -8 -12 13 -13
right_child=1 -3 6 4 5 -7 10 8 -10 -11 11 12 -14 -15
leaf_value=-4.9824268562107024e-05 -0.011676952054653869 0.030827480115148923 0.040403550242392949 -0.018774108280370742 -0.0010815738413452755 0.041750946883295947 -0.026562224785132926 -0.013985650138675771 0.019424662866956061 -0.0058355560448609877 -0.031452406587278763 -0.0066061650866508633 -0.020007786552593797 0.037625315459885789
leaf_weight=1919.6949304095469 4.5371171589940769 7.3359490819275379 8.8083148971199972 8.2233512187376601 12.24153812043369 19.108408946543932 26.212888448964804 50.389156737364829 9.1989877913147193 3.7692446410655966 8.798609232529996 7.2059308621101144 6.4298420809209338 9.9035623557865602
leaf_count=28724 87 126 133 184 158 285 483 828 182 66 170 191 109 156
internal_value=-4.32369e-05 0.0159379 -0.000171846 0.000327729 0.0165939 0.0271775 -0.00739603 0.000102231 -0.00772344 0.0288283 -0.0159188 -0.00488962 0.00880998 0.0217154
internal_weight=2101.86 11.8731 2089.98 1959.27 39.5733 31.3499 130.717 72.1657 59.5881 12.5776 58.5508 32.3379 23.5393 17.1095
internal_count=31882 213 31669 29351 627 443 2318 1209 1010 199 1109 626 456 347
is_linear=0
shrinkage=0.05


Tree=402
num_leaves=15
num_cat=0
split_feature=43 30 20 7 36 0 38 39 32 39 33 1 41 28
split_gain=4.37243 2.96286 1.83527 1.75765 1.53448 2.23182 2.23165 8.91262 10.0886 9.63012 8.43655 5.9162 4.7717 4.88784
threshold=0.97993288590604044 5.9500000000000011 35.366413114420219 2.3698575413276708 0.030757561690817895 0.0089994375703036384 1.9642410337103478 0.0054438148240849816 0.95986577181208055 0.0037159571762567403 0.95325425316060575 0.04314223151189412 -0.014166586330062179 1.5000000000000002
decision_type=2 2 2 10 2 2 2 2 2 2 2 2 2 2
left_child=2 -2 4 -4 6 -6 -1 9 -9 10 -8 12 13 -11
right_child=1 -3 3 -5 5 -7 7 8 -10 11 -12 -13 -14 -15
leaf_value=-0.00053400910299777925 0.012178917552804142 -0.021874175946125368 -0.0031080440900965512 0.02915094752295809 0.0080124204818645267 -0.022803989854859767 0.012399523965369681 0.0029838704226232515 0.044365665395304871 0.034132049298653669 -0.016897634993002075 0.017125732818801327 -0.018067131054671278 -0.017298507176551476
leaf_weight=1682.5714094555005 4.4223073273897162 30.275583824142814 5.5926380828022939 5.539957333356142 5.9392284327186671 11.592757273931054 143.77704674750566 34.778848957270384 21.589268205687404 5.5342190442606789 24.918558038305491 12.670387356542049 94.604141226038337 4.1168419942259789
leaf_count=25193 68 393 76 52 130 412 2034 457 347 98 533 184 1624 69
internal_value=-0.000110846 -0.0165467 0.00020643 0.0170045 7.3544e-05 -0.0129031 0.000217428 0.00386888 0.0211567 0.000151798 0.00771011 -0.010622 -0.0146237 0.0137769
internal_weight=2087.92 34.6979 2053.23 11.1326 2042.09 17.532 2024.56 341.989 56.3681 285.621 168.696 116.926 104.255 9.65106
internal_count=31670 461 31209 128 31081 542 30539 5346 804 4542 2567 1975 1791 167
is_linear=0
shrinkage=0.05


Tree=403
num_leaves=15
num_cat=0
split_feature=43 23 24 0 5 41 16 12 37 35 34 37 37 29
split_gain=1.94501 4.97819 5.74323 4.247 4.09414 3.58366 3.42214 4.10814 2.877 3.58664 4.30652 2.86075 2.98791 3.7627
threshold=0.83895461267205107 0.0065143547103776464 0.037903656590996496 0.0078398951134368584 0.10776602376683565 0.019446431268331014 1.3568134549457664 63.240198892267955 0.020505714054483652 0.018916326234903084 -0.012513113405746011 -0.027308107739361039 0.013807950514553415 2.5000000000000004
decision_type=2 2 2 2 2 2 10 2 2 2 2 2 2 2
left_child=-1 8 3 -3 5 6 7 -5 9 11 -11 -2 -13 -14
right_child=1 2 -4 4 -6 -7 -8 -9 -10 10 -12 12 13 -15
leaf_value=0.0010957638308580365 0.0097138072720427751 -0.0050356178364264741 -0.016226077343340289 -0.0068617814633808632 -0.00052448436641009961 -0.0041245792977145914 -0.0035270615627988849 0.029552442031089528 -0.021394088376588474 -0.017188987490705531 0.023900739884960678 -0.010619192880614425 -0.010859252890627065 0.026661354183683279
leaf_weight=1584.945467533078 19.216048697009683 58.299777568783611 28.898665301967412 6.9551494270563117 52.674977263435721 15.266013158485292 10.773346459493039 56.088675140403211 26.328949145972729 4.9935146542266038 16.083529372699559 186.38936292007565 9.212763300165534 8.4854503236711025
leaf_count=25034 303 914 350 93 756 243 152 769 379 87 229 2124 120 101
internal_value=0.000237906 -0.00246712 0.00292797 0.00602298 0.0105876 0.0168368 0.0211585 0.0253261 -0.00700045 -0.00505186 0.0127366 -0.00697304 -0.00873892 0.00904038
internal_weight=2084.61 499.666 228.957 200.058 141.758 89.0832 73.8172 63.0438 270.71 244.381 21.077 223.304 204.088 17.6982
internal_count=31654 6620 3277 2927 2013 1257 1014 862 3343 2964 316 2648 2345 221
is_linear=0
shrinkage=0.05


Tree=404
num_leaves=15
num_cat=0
split_feature=37 39 16 37 39 20 18 35 38 14 33 33 14 37
split_gain=2.36098 4.09883 7.63217 7.09036 8.86864 8.70382 6.65791 6.64028 3.34017 5.37958 3.26286 6.55163 4.5105 4.64959
threshold=0.018181721662552833 0.0037159571762567403 2.0119832593237823 0.028246771510514804 0.0025797172387320181 1.3716993622370681 0.08439017254862248 0.010262018900702665 3.068142964877667 0.77377508854093235 0.84474389019082696 0.8925897165677521 0.66590870339513686 0.021861865858208266
decision_type=2 2 8 2 2 2 2 2 2 2 2 2 2 2
left_child=8 2 3 4 -2 -6 -3 -7 -1 -10 -8 -12 -13 -14
right_child=1 6 -4 -5 5 7 10 -9 9 -11 11 12 13 -15
leaf_value=-0.00076110078045980888 -0.0076600215486366799 -0.014535722857098549 -0.017597468430536892 -0.0056623475453810726 0.0028826201463940512 0.0079394276654426617 0.013993529546030843 0.059532364017437216 0.0088911508573113647 -0.031252004561535214 -0.019603098212059071 0.026006445678327262 -0.028096346429708832 0.003676529866445444
leaf_weight=1641.5668692397885 14.275664866901932 57.034743365831673 14.876758940517901 23.374021562747657 16.500039739534259 10.148764984682201 54.255517730489373 23.864362918771803 10.528290545567872 17.079086557962 28.752237267792225 16.2804642515257 7.3804025985300532 161.93142058467492
leaf_count=24460 270 920 238 340 247 128 845 336 181 344 482 253 113 2600
internal_value=-0.000227072 0.00306141 0.0115006 0.0170915 0.0251181 0.0342372 0.000257502 0.0471287 -0.00107824 -0.0169272 0.00360694 0.000718801 0.00429878 0.00152534
internal_weight=2097.85 428.674 103.04 88.1629 64.7888 50.5132 325.635 34.0131 1669.17 27.6074 268.6 214.345 185.592 169.312
internal_count=31757 6772 1559 1321 981 711 5213 464 24985 525 4293 3448 2966 2713
is_linear=0
shrinkage=0.05


Tree=405
num_leaves=15
num_cat=0
split_feature=11 30 12 20 10 33 41 30 38 33 34 0 41 37
split_gain=2.26479 3.5889 3.68612 4.34352 3.25123 2.37206 2.9681 2.17129 1.40758 5.95713 7.24562 10.6086 6.87589 7.38547
threshold=0.60148946018995519 8.4500000000000011 68.839201642552325 10.864201157867955 0.66732758557926475 0.32400886802295259 0.015042761079517188 12.450000000000001 -2.146029016680473 0.22184936614466819 -0.002786324346851526 -0.016119994435479176 -0.0033927593332847557 -0.0047751718301601289
decision_type=2 2 2 2 2 2 2 2 2 2 2 2 2 2
left_child=8 4 3 -3 5 -2 -7 -5 9 12 -11 -12 13 -1
right_child=1 2 -4 7 -6 6 -8 -9 -10 10 11 -13 -14 -15
leaf_value=0.0049199974481764445 -0.011253073778423342 0.039097797248002802 -0.0062844315102353514 0.01606508423824415 -0.018466843330243583 0.023876772795384527 -0.0096900290202188693 -0.016628471287555222 -0.00066288761174673316 0.029645732855181847 0.029538038233312098 -0.025809615370277202 -0.024113320531947046 -0.026864084695171809
leaf_weight=210.99785737274215 8.3907086327672022 17.341278629377488 9.210216321051119 5.294137464836238 13.460622364189474 17.010920219123367 6.1744682602584353 5.0234981682151556 1686.7751910048537 35.176710384897888 9.6955525893718022 16.182497944682837 22.64199291029945 14.996130346320568
leaf_count=3952 124 213 115 68 193 235 92 61 25135 454 167 248 451 224
internal_value=0.000251771 0.00815325 0.0186986 0.0267062 -0.00148545 0.00728843 0.0148044 -8.48216e-05 -9.19487e-05 0.00297888 0.0163264 -0.00364772 -0.000555951 0.00227509
internal_weight=2078.37 81.9059 36.8691 27.6589 45.0367 31.5761 23.1854 10.3176 1996.47 309.691 61.0548 25.8781 248.636 225.994
internal_count=31732 1101 457 342 644 451 327 129 30631 5496 869 415 4627 4176
is_linear=0
shrinkage=0.05


Tree=406
num_leaves=15
num_cat=0
split_feature=44 10 34 0 43 6 28 16 35 27 35 35 36 24
split_gain=2.59496 2.63452 2.89145 3.0529 2.56627 2.43732 2.48963 1.96052 4.09526 4.47865 4.80695 4.08896 4.86972 4.41502
threshold=0.40724352671255332 0.45646562054051881 -0.028111658474562758 0.0054932481705937128 0.99664429530201348 1.7424626586113947 3.5000000000000004 0.16424309848073379 -0.027882131225878123 1.5000000000000002 -0.01464100260651857 -0.012711892936479922 -0.0058479786953711246 0.028665640265982062
decision_type=2 2 2 2 2 2 2 10 2 2 2 2 2 2
left_child=1 2 -1 5 7 -4 -7 8 -2 -10 -11 12 -12 -13
right_child=4 -3 3 -5 -6 6 -8 -9 9 10 11 13 -14 -15
leaf_value=-0.0063921561740242529 0.016641591637123976 -0.010341346792234783 -0.0021408825511656077 -0.011223164130176835 -0.022874316469025845 0.040597854933556866 -0.0010230945972656762 0.001895598899612299 0.015075521312274848 -0.016155241299552679 0.036508289750236823 0.0039232835379682035 -0.0049858673084583437 -0.0090231765299574242
leaf_weight=38.314759433735162 22.567716802004725 101.45174423139542 7.1369201615452829 6.3069790471345177 6.2601828482002011 9.7270025415346009 4.4338120175525537 1515.79856055649 25.734146932139993 69.685651082545519 9.5288400389254111 108.90174577478319 11.736415138468145 153.34311570739374
leaf_count=754 363 1858 124 118 91 132 81 22839 336 1145 108 1577 150 2042
internal_value=0.000411991 -0.00546715 0.00223457 0.0133523 0.000936391 0.0213801 0.0306998 0.00107343 -0.00201569 -0.0033291 -0.0048618 -0.00185405 0.0170178 -0.00367412
internal_weight=2090.93 167.371 65.9195 27.6047 1923.56 21.2977 14.1608 1917.3 401.498 378.93 353.196 283.51 21.2653 262.245
internal_count=31718 3067 1209 455 28651 337 213 28560 5721 5358 5022 3877 258 3619
is_linear=0
shrinkage=0.05


Tree=407
num_leaves=15
num_cat=0
split_feature=35 35 41 38 41 38 37 38 32 39 39 32 39 41
split_gain=2.06863 8.04171 6.73271 7.49386 5.00441 10.8193 8.04727 8.12698 7.89303 7.88471 9.25375 7.03919 6.88645 6.75527
threshold=-0.02086707618589306 -0.019428401108437878 -0.0047915119784239226 -1.7256091583122464 -0.004515505509429917 -2.3244344039772766 -0.0093048258668829691 -2.4456336715088405 0.28814414414414419 0.004152001833112891 0.0039244857059892889 0.020478054235392788 0.0050538153238726532 -0.004000984096430126
decision_type=2 2 2 2 2 2 2 2 2 2 2 2 2 2
left_child=4 2 3 -2 6 13 9 -8 12 10 -1 -9 -7 -6
right_child=1 -3 -4 -5 5 8 7 11 -10 -11 -12 -13 -14 -15
leaf_value=0.00094655415923132827 0.045482946118293031 -0.00017076598478680041 -0.010939027660093539 0.0023853282005623796 0.032475177049583373 0.063340124473026768 0.011892391590889832 0.010034604571250537 -0.0098360408663193989 -0.010831661876765583 0.034172616562324003 -0.027639163338863144 -0.00061411865048167447 -0.017104392857013456
leaf_weight=99.960369358770549 21.045885877683755 1651.8875382302795 11.430190159007905 17.410951324738566 3.7007855083793393 11.389601679518824 17.558488967828453 11.892321232706307 6.365110700018703 94.659325554501265 21.616677102632821 80.142742073629051 5.5355409272015086 30.689872679300606
leaf_count=1788 258 23935 156 256 59 155 228 208 113 2020 336 1528 108 552
internal_value=-0.000295968 0.000454325 0.0192827 0.0284904 -0.00358829 0.00944414 -0.00600325 -0.0167155 0.0325151 -0.000318953 0.00797074 -0.0225049 0.0470533 -0.00832416
internal_weight=2085.29 1701.77 49.887 38.4568 383.511 57.6809 325.83 109.594 23.2903 216.236 121.577 92.0351 16.9251 34.3907
internal_count=31700 24605 670 514 7095 987 6108 1964 376 4144 2124 1736 263 611
is_linear=0
shrinkage=0.05


Tree=408
num_leaves=15
num_cat=0
split_feature=4 32 42 2 7 19 19 36 34 34 33 27 4 38
split_gain=2.04377 4.29939 3.2829 2.93581 2.16346 2.25974 3.79294 1.80355 1.79302 5.6836 4.25459 7.13417 5.87002 5.26501
threshold=0.14852627793507747 0.99110953058321483 0.90614513422818799 0.062344640014632031 2.0220161031757997 0.013972261726648947 0.016072670898209036 0.0014831621027966426 -0.069653726723941004 -0.056482522305613923 0.040336248389939676 13.500000000000002 -0.04153660377291634 -2.7266757897863756
decision_type=2 2 2 2 10 2 2 2 2 2 2 2 2 2
left_child=8 2 3 7 -4 -6 -7 -2 -1 -10 11 12 -11 -13
right_child=1 -3 4 -5 5 6 -8 -9 9 10 -12 13 -14 -15
leaf_value=0.0065900733427635408 0.0044639153611611667 -0.01581930548979768 -0.01625809354878955 -0.0035266489541752226 -0.0061688027901438862 0.035467812443539887 -0.0039947552308119477 0.040922093459133078 -0.015244058468014604 0.0052434871201896271 -0.00054818716837488337 0.026797311105611617 0.047383978182040105 -0.010660075282095029
leaf_weight=87.110112891532481 5.7957106987014475 11.35335613042116 6.6350503191351882 5.8773523643612853 12.783557854592802 8.4305427893996256 9.4820601977407915 13.537921838462351 58.644374602939934 17.417582571506504 1792.947810464073 7.2207338577136388 13.599303252995012 35.671733574941754
leaf_count=1596 90 227 86 102 175 92 122 196 1250 299 26336 115 197 806
internal_value=8.28834e-05 0.00797732 0.0131484 0.0254358 0.00282611 0.00865069 0.018265 0.0331558 -0.000226022 -0.000550653 -4.95965e-05 0.0113139 0.027733 -0.00221498
internal_weight=2086.51 73.8956 62.5422 25.211 37.3312 30.6962 17.9126 19.3336 2012.61 1925.5 1866.86 73.9094 31.0169 42.8925
internal_count=31689 1090 863 388 475 389 214 286 30599 29003 27753 1417 496 921
is_linear=0
shrinkage=0.05


Tree=409
num_leaves=15
num_cat=0
split_feature=35 35 41 39 39 28 41 32 34 46 41 34 41 34
split_gain=2.24967 8.78194 7.02542 5.801 7.02452 8.95959 8.90928 6.9763 6.76897 6.72596 6.40343 5.98376 5.9036 7.15145
threshold=-0.020542863206408021 -0.019428401108437878 -0.0053916309632637818 0.0036736841119307186 0.0041169336424687454 5.5000000000000009 -0.004515505509429917 0.14126625883470931 -0.093884379758956762 1.0000000180025095e-35 -0.038417598865471962 -0.0040592728733846997 -0.018536337560868251 -0.031102803971017997
decision_type=2 2 2 2 2 2 2 2 2 2 2 2 2 2
left_child=3 2 -2 9 5 7 8 10 -6 -1 -5 -8 -12 -14
right_child=1 -3 -4 4 6 -7 11 -9 -10 -11 12 -13 13 -15
leaf_value=-0.014750783447310682 0.033925642278723009 0.00066274809525694459 -0.0090248881606931949 -0.0052372503615677945 0.016278918082983086 -0.020076641554337853 0.027061476160470856 -0.020595954724074189 -0.01405077465425484 0.014844347314161708 0.048523412233001773 -0.012553251363880823 -0.025469916284550937 0.027840601200912158
leaf_weight=127.13875641580671 29.946199636906385 1651.9597743104678 10.637166995555161 10.616038896143435 17.34722092654556 11.335115395020692 27.959361056797206 4.9064796483144155 117.06813161307946 18.324320400133729 26.322691874578588 9.9802418416365963 5.4816566742956665 11.428753642365342
leaf_count=2544 398 23900 140 147 324 267 427 75 2396 253 377 204 104 144
internal_value=0.000474106 0.00126217 0.0229129 -0.00293674 0.00181472 0.0146027 -0.00365079 0.0223429 -0.00969307 -0.0106532 0.0276728 0.0163923 0.0354591 0.00869082
internal_weight=2080.45 1692.54 40.5834 387.909 242.446 70.0907 172.355 58.7556 134.415 145.463 53.8491 37.9396 43.2331 16.9104
internal_count=31700 24438 538 7262 4465 1114 3351 847 2720 2797 772 631 625 248
is_linear=0
shrinkage=0.05


Tree=410
num_leaves=15
num_cat=0
split_feature=14 20 32 33 36 18 39 42 4 2 42 44 15 43
split_gain=2.51646 3.44782 3.51434 3.4229 3.5708 3.34594 3.24028 2.87115 2.62265 2.60648 2.49087 3.15963 2.42425 3.96854
threshold=0.62709347277184746 18.016573229313931 0.94485473798533814 0.8925897165677521 -0.0079339755193866251 0.16241897873927214 0.0018365128750446492 0.093988412780359104 0.035914616477860657 -0.015975482592703257 0.92882472137791294 0.96996240601503769 3.0062832019676895 0.95735588288779794
decision_type=2 2 2 2 2 2 2 2 2 2 2 2 2 2
left_child=1 2 3 4 5 -1 9 -6 -4 -3 -9 -12 -2 -14
right_child=12 6 8 -5 7 -7 -8 10 -10 -11 11 -13 13 -15
leaf_value=0.030375643796802951 -0.0015802132414908865 -0.0043099646378927945 -0.021707054239436294 0.03179605916467914 0.022295230060441207 -0.0075454293099119982 -0.011148483735677703 -0.0071903648284644562 0.0069602221147997412 0.029657906014245262 0.021399220551030728 -0.012400354893359243 0.0066333241586438944 -0.012357990300646441
leaf_weight=20.911228965967897 1653.861783426255 9.6408827044069749 10.733513162471356 14.523129750043152 10.52687303163111 5.2917747283354393 47.046541032381356 51.64472050126642 12.52416275674477 5.7349993512034407 15.907553082332017 6.4033427238464347 188.38717055693269 27.364912985824049
leaf_count=348 24777 106 203 180 155 111 729 747 259 71 170 71 3364 425
internal_value=-0.000339481 0.00477344 0.00883253 0.0120964 0.00824903 0.0227355 -0.00481982 0.00273661 -0.00776979 0.0125283 -0.00128295 0.0112043 -0.000927402 0.00399921
internal_weight=2080.5 210.889 148.466 125.209 110.685 26.203 62.4224 84.4825 23.2577 15.3759 73.9556 22.3109 1869.61 215.752
internal_count=31716 3150 2244 1782 1602 459 906 1143 462 177 988 241 28566 3789
is_linear=0
shrinkage=0.05


Tree=411
num_leaves=15
num_cat=0
split_feature=31 15 7 5 31 44 1 15 16 3 44 43 7 21
split_gain=2.16902 4.06333 2.99455 3.70161 2.93417 2.59444 2.6935 3.23528 2.50768 2.44869 2.67468 2.3845 2.2004 2.13623
threshold=0.59092179397238642 2.6824363243111189 2.735494561063136 0.030832494521224722 0.74413430774773015 0.29595918367346946 -0.023059399655307674 2.3362402942715979 0.12442694667220346 -0.021242379929718943 0.83895461267205107 0.18797682556071821 2.5232104014668333 0.39361986178423986
decision_type=2 2 8 2 2 2 2 2 8 2 2 2 10 8
left_child=-1 5 3 -3 -5 -2 7 8 -7 12 -11 -8 -10 -13
right_child=1 2 -4 4 -6 6 11 -9 9 10 -12 13 -14 -15
leaf_value=0.00107469640015587 -0.021903210000022672 0.0022882850240417093 -0.0018741156336076065 -0.0017835218578175214 0.035883852695487564 -0.013969994622082255 -0.017127875191263794 -0.011537792476672174 0.0079637985396177387 0.011404690823599163 -0.021457871800264233 9.6740996243643664e-05 0.033760540124569971 -0.00788447088801064
leaf_weight=1506.1391110653058 16.114152709953487 36.364271096885204 68.28456841269508 6.2384304269216981 16.153465174604207 5.3755995677784076 35.470195549773052 18.7688201921992 23.223826019093394 10.412567310500888 5.4036302734166375 158.6497317138128 13.029476291034369 172.51478171534836
leaf_count=22382 284 672 1196 90 248 96 591 355 446 199 97 2325 205 2629
internal_value=7.04469e-05 -0.00249792 0.00527363 0.013076 0.0269797 -0.00468273 -0.00381858 0.0045165 0.0102657 0.0137725 -0.00228016 -0.00558868 0.0202033 -0.00411637
internal_weight=2092.14 586.004 127.041 58.7562 22.3919 458.963 442.849 76.2139 57.4451 52.0695 15.8162 366.635 36.2533 331.165
internal_count=31815 9433 2206 1010 338 7227 6943 1398 1043 947 296 5545 651 4954
is_linear=0
shrinkage=0.05


Tree=412
num_leaves=15
num_cat=0
split_feature=8 7 35 8 12 10 7 7 16 36 41 36 36 4
split_gain=1.72546 2.95235 4.05784 3.81091 3.18335 3.4593 3.56209 5.31131 3.86534 2.81456 3.07498 2.92383 2.54697 2.49559
threshold=3.2219612262176729 4.5587165365410236 -0.025927545843038576 0.22477955701617944 72.698137409943158 0.62313676914047067 5.6931520301758809 7.8858839340959372 0.40377311695394486 -0.017896348368980127 0.039618598762843467 -0.02146407740643241 -0.0070649852630866863 0.14852627793507747
decision_type=2 8 2 2 2 2 8 10 8 2 2 2 2 2
left_child=1 13 -3 -4 5 6 12 -8 -9 11 -11 -2 -5 -1
right_child=9 2 3 4 -6 -7 7 8 -10 10 -12 -13 -14 -15
leaf_value=-0.00029089443497580189 -0.005311896087273546 -0.010648913378604651 0.032443055113300076 -0.0021637862822839536 -0.0062198141024199013 -0.0086963239290181252 -0.0079145885703708167 -0.0076287952456014123 0.032496939918247918 -0.0083235194270596027 0.014486418024485102 0.028011710440708174 0.030166139139020179 0.010845068684673441
leaf_weight=1664.5669660719577 10.51637178566307 24.396904572378844 12.008435511030255 6.5144361341372123 32.404116049408913 15.780061226338146 30.731843443587422 6.2025624271482256 15.429950550198553 157.73154411185533 11.7114847516641 8.181995567865668 32.351133636198938 46.87367146089673
leaf_count=25802 188 498 139 101 461 188 384 70 159 2281 222 137 433 677
internal_value=0.000227937 0.000686893 0.00676296 0.00981904 0.00681453 0.010863 0.0145222 0.00515383 0.0217196 -0.00427449 -0.00637692 0.0121033 0.0251182 4.48054e-05
internal_weight=2075.4 1887.26 175.819 151.423 139.414 107.01 91.2299 52.3644 21.6325 188.141 169.443 18.6984 38.8656 1711.44
internal_count=31740 28912 2433 1935 1796 1335 1147 613 229 2828 2503 325 534 26479
is_linear=0
shrinkage=0.05


Tree=413
num_leaves=15
num_cat=0
split_feature=44 24 39 19 30 35 27 31 43 7 6 19 16 16
split_gain=1.77001 5.45263 2.20063 2.70096 2.88818 2.84537 2.39401 2.78961 2.4838 2.34164 2.15567 4.01553 3.43299 3.88985
threshold=0.99326591692363519 0.020453654666170995 0.0057631990788440789 0.012905544853919027 7.1500000000000012 0.010824630282632699 14.500000000000002 0.26701305302806755 0.94636864813039312 7.324851551597539 2.5761603374918756 0.017630589798525057 0.35412760987271524 0.52460537470199808
decision_type=2 2 2 2 2 2 2 2 2 8 2 2 8 8
left_child=10 -2 3 5 -5 6 8 -8 -3 -4 11 -1 -13 -14
right_child=1 2 9 4 -6 -7 7 -9 -10 -11 -12 12 13 -15
leaf_value=0.00069806008493594469 -0.018908629562638581 0.015072384076099916 0.00062300574027294498 0.014331046889168118 -0.017909180399063106 -0.01054903232984767 0.040216694210411574 -0.000327692468492101 -0.011306418622147388 0.040916752220194197 -0.0018964955138157922 -0.003000535517880141 0.041804180994032589 0.007258639041774019
leaf_weight=1031.4340589861386 13.274038105271755 21.084380209445957 5.5154684688895914 6.3379177916795042 14.388214083388446 7.878704907372593 11.394694274291398 5.6153089031577101 9.2057619541883451 6.3451930135488519 900.40660840459168 17.53093562182039 11.239137217402456 21.746508594602346
leaf_count=16070 156 255 81 80 149 95 126 76 97 80 13845 220 119 252
internal_value=0.000241725 0.00653549 0.0111955 0.00701809 -0.00718113 0.0125051 0.0169866 0.0297984 0.0065893 0.0279206 -9.47007e-05 0.00140659 0.0145074 0.0229826
internal_weight=2083.4 101.04 87.7656 75.905 20.7261 55.1789 47.3001 17.01 30.2901 11.8607 1982.36 1081.95 50.5166 32.9856
internal_count=31701 1195 1039 878 229 649 554 202 352 161 30506 16661 591 371
is_linear=0
shrinkage=0.05


Tree=414
num_leaves=15
num_cat=0
split_feature=16 28 39 39 39 41 36 28 4 5 3 22 14 35
split_gain=1.86006 4.14089 5.18654 3.99791 6.45034 5.28837 5.24898 6.39979 4.52486 4.48683 6.02471 4.41372 4.62045 4.09658
threshold=0.37080475874424423 2.5000000000000004 0.0045931966221864637 0.0030475271591457148 0.003966913716812571 0.01469941466937741 0.0098314078763553931 5.5000000000000009 -0.0071500542371432099 0.057258263170299924 0.032149245704558134 3.5000000000000004 0.938140066042365 -0.028853091353091217
decision_type=10 2 2 2 2 2 2 2 2 2 2 2 2 2
left_child=1 2 -1 -3 6 8 7 9 13 -5 -11 -10 -13 -6
right_child=-2 3 -4 4 5 -7 -8 -9 11 10 -12 12 -14 -15
leaf_value=-0.010304439954365141 0.0014019621353471706 -0.003993142182500852 0.00265208178904485 0.032274146015952319 0.0075213686928751553 0.015319095609258957 -0.012395208509916263 -0.010122937456308661 0.014988234307347907 -0.014040650304976901 0.027220715530806419 0.016666316743336306 -0.026105714449624142 -0.019487594613777276
leaf_weight=218.44002069626004 1297.2107083469164 190.57157747726887 115.41096598934382 51.278066068887711 15.272002148441969 33.547745959833264 11.995060639455913 13.296746205538509 34.243662246968597 14.363075440749528 11.579989956691859 5.5652863346040276 13.068536048755048 56.235479864291847
leaf_count=3457 20025 2689 1917 641 236 465 176 201 509 167 139 70 158 908
internal_value=0.000241373 -0.00167355 -0.00585238 0.00144994 0.00543292 -0.000968233 0.014881 0.0189552 -0.00578331 0.0242733 0.00579933 0.00505526 -0.0125078 -0.0136047
internal_weight=2082.08 784.868 333.851 451.017 260.446 157.933 102.513 90.5179 124.385 77.2211 25.9431 52.8775 18.6338 71.5075
internal_count=31758 11733 5374 6359 3670 2346 1324 1148 1881 947 306 737 228 1144
is_linear=0
shrinkage=0.05


Tree=415
num_leaves=15
num_cat=0
split_feature=43 35 32 32 36 33 28 35 32 33 33 32 34 36
split_gain=2.33397 2.41691 7.01033 7.30467 5.92553 5.83879 7.12559 4.70338 8.3499 10.4372 10.5832 9.53105 7.63292 5.97265
threshold=0.99203174603174615 -0.022994371587846171 0.03478523895946764 0.04029551851050011 -0.0019681281891534281 0.048865768377963505 2.5000000000000004 -0.024001063742417835 0.046638081034054195 0.089197312588401703 0.16780870136574838 0.40336248389939672 -0.055487256980164205 -0.014202789231759603
decision_type=2 2 2 2 2 2 2 2 2 2 2 2 2 2
left_child=1 7 4 -4 5 6 -3 8 -1 12 -11 13 -10 -12
right_child=-2 2 3 -5 -6 -7 -8 -9 9 10 11 -13 -14 -15
leaf_value=-0.010852230986685545 -0.017605713078245398 -0.016369844598893332 -0.02800563633591123 0.00047445665195280972 -0.012194807844288735 0.041568088034978433 0.021958751927972413 -0.01946933628279679 -0.0033538950989845523 -0.021382484619058215 0.00023460530399021636 -0.028536834169621855 0.032237657533644451 0.033625701160885528
leaf_weight=129.65604112483561 13.917037744075058 14.145814670249818 17.826117294840515 1643.1229819394648 12.958148531615732 18.769833753816783 30.136858088895679 37.160985996481031 20.884731024969369 43.971211893018335 24.616629647091028 8.7666871044784767 41.995718688704073 24.55620834603906
leaf_count=2658 192 274 377 23835 197 227 445 697 422 920 401 158 658 300
internal_value=-0.000122761 3.70308e-05 0.000786425 8.56587e-05 0.0151488 0.0212514 0.00929632 -0.00384166 -0.0015772 0.00582498 -0.00410798 0.00965909 0.0210402 0.0184741
internal_weight=2082.49 2068.57 1736.96 1660.95 76.0107 63.0525 44.2827 331.608 294.447 164.791 101.911 57.9395 62.8804 49.1728
internal_count=31761 31569 25355 24212 1143 946 719 6214 5517 2859 1779 859 1080 701
is_linear=0
shrinkage=0.05


Tree=416
num_leaves=15
num_cat=0
split_feature=17 4 34 12 14 42 20 17 4 42 17 23 19 16
split_gain=2.71396 5.01304 4.27174 4.06975 4.30937 3.5555 6.76556 4.79308 3.93283 4.46917 4.28593 4.20997 3.83486 3.71232
threshold=2.54575217007962 -0.013472431077694245 -0.017387350425144107 60.217964081729441 1.1497254288462757 0.95159022430532325 7.0959977086317085 2.4796395388835566 0.1185510809939352 0.92165387894288153 2.3023757895855606 0.022544815366535079 0.0070231998771784722 0.15972415984663721
decision_type=2 2 2 2 2 2 2 2 2 2 2 2 2 8
left_child=5 3 -3 -2 -5 8 7 13 9 12 -11 -10 -1 -7
right_child=1 2 -4 4 -6 6 -8 -9 11 10 -12 -13 -14 -15
leaf_value=0.0087109118292436599 -0.015220167016267182 -0.025560028483286087 -0.005009510603159145 0.017182433453916263 -0.0091221785995636295 -0.00675911854836167 -0.0086189201017412686 -0.014904350451670701 0.030387298322709429 -0.018246810572571517 0.0059466631628036235 0.0034637733780682129 -0.0011225481009139123 0.018277816956865211
leaf_weight=103.0024662418291 13.631767635233698 22.996246513910592 325.86634738976136 57.853040546178818 17.168591528199613 14.367228215560315 48.258258079644293 10.679630553349851 14.809221485629676 62.139486549422145 22.373171948827803 60.528254747390747 1204.8986374624074 110.85326034389436
leaf_count=1419 219 264 4284 762 214 179 577 121 206 830 278 988 20052 1420
internal_value=-0.000542264 -0.00401997 -0.00670617 0.00634428 0.0109688 0.000388173 0.00684038 0.012441 -0.000441859 -0.00105886 -0.0118676 0.010318 -0.000317899 0.015256
internal_weight=2089.43 437.516 348.863 88.6534 75.0216 1651.91 184.158 135.9 1467.75 1392.41 84.5127 75.3375 1307.9 125.22
internal_count=31813 5743 4548 1195 976 26070 2297 1720 23773 22579 1108 1194 21471 1599
is_linear=0
shrinkage=0.05


Tree=417
num_leaves=15
num_cat=0
split_feature=20 21 39 2 24 27 37 37 42 35 39 14 37 39
split_gain=2.68699 3.75198 5.2065 3.90047 3.83448 3.465 3.19457 5.8519 6.44405 6.65159 5.79011 12.1286 6.52467 7.20413
threshold=3.7826771911030748 0.49930555555555561 0.0023729402593236095 0.030571242193689566 0.037424976712377052 11.500000000000002 0.015409690528585209 0.010102207323958947 0.92620200242050843 -0.025388280882427613 0.0035979348822813154 0.68519008463572262 0.028900596424032091 0.0024609579680497304
decision_type=2 10 2 2 2 2 2 2 2 2 2 2 2 2
left_child=1 4 3 -3 -1 -5 7 -2 9 -9 11 -8 13 -13
right_child=6 2 -4 5 -6 -7 10 8 -10 -11 -12 12 -14 -15
leaf_value=-0.0054109053376867272 0.00081214595533879376 0.03789399717296757 -0.0025415013187611688 0.018571236754966955 -0.025743505159660209 -0.0048308128515651312 -0.015543061065227482 0.023128912120423641 0.0086330831852911363 -0.023007608792435155 0.0013747240952498973 -0.007303164711125687 -0.013039139252544558 0.04513192545395648
leaf_weight=251.19221461657435 1114.2368378713727 7.8466512933373442 291.48956131562591 24.811736496165395 21.291651043109596 30.289156711660326 15.977285902015863 4.7185649350285521 26.094855280593038 69.031457882840186 187.40641186852008 6.3356892224401227 5.0191282611340275 34.411288917995989
leaf_count=3463 17376 109 4361 338 243 440 321 74 323 1217 2886 101 67 495
internal_value=-0.00035509 -0.00308049 0.000323973 0.0128036 -0.00743492 0.00637537 0.000819119 -0.000246972 -0.0115415 -0.0187747 0.00591673 0.0185671 0.0308332 0.0370718
internal_weight=2090.15 626.921 354.437 62.9475 272.484 55.1009 1463.23 1214.08 99.8449 73.75 249.15 61.7434 45.7661 40.747
internal_count=31814 8954 5248 887 3706 778 22860 18990 1614 1291 3870 984 663 596
is_linear=0
shrinkage=0.05


Tree=418
num_leaves=15
num_cat=0
split_feature=40 34 34 34 35 38 36 16 16 0 34 32 35 4
split_gain=2.27199 6.37227 4.23451 6.46846 12.1587 9.68765 5.91624 5.21572 4.19737 4.02171 3.97206 4.37362 5.49429 4.02086
threshold=1.0000000180025095e-35 0.0017196779367885109 -0.023734142157258217 -0.0046647246180501747 -0.018086606044514893 -1.0742974724831011 -0.010266781607440044 0.18625707215012557 1.2881852573427135 -0.017812486323936724 -0.00093121494938147576 0.29553833065507146 -0.0092371642453270546 0.036734512106825552
decision_type=2 2 2 2 2 2 2 10 10 2 2 2 2 2
left_child=1 10 -2 4 6 -6 -4 -7 9 -3 13 12 -12 -1
right_child=2 8 3 -5 5 7 -8 -9 -10 -11 11 -13 -14 -15
leaf_value=-0.0015604936611217706 -0.012237069072088165 0.012647492567173142 0.01831720578984387 0.00099933018289630258 0.055092672952372856 -0.0054811602312792463 -0.034228129274972818 0.019779482954741634 0.014796036354480645 -0.015480532521081881 0.050135007331399556 -0.004569372722217622 -0.0052458169381324228 0.011187894484145474
leaf_weight=704.49930294137448 46.906455155462027 10.286355654709039 3.8758960794657495 962.80211501964368 11.881169220432637 26.530442320741713 13.718647537752984 63.435899060219526 10.722941174171863 132.37370308302343 8.4715538024902326 11.438902840018271 5.4089648351073292 62.765528646297753
leaf_count=11564 810 161 57 14448 161 317 312 763 145 1744 104 162 65 903
internal_value=0.000221476 -0.00158153 0.00173229 0.00239124 0.0131202 0.0197556 -0.021161 0.0124339 -0.0107376 -0.0130928 0.000246572 0.0179976 0.0328801 -0.000451938
internal_weight=2075.12 945.967 1129.15 1082.24 119.442 101.848 17.5945 89.9663 153.383 142.66 792.584 25.3194 13.8805 767.265
internal_count=31716 14848 16868 16058 1610 1241 369 1080 2050 1905 12798 331 169 12467
is_linear=0
shrinkage=0.05


Tree=419
num_leaves=15
num_cat=0
split_feature=37 36 32 38 37 36 33 35 4 33 34 27 32 41
split_gain=2.4426 5.26152 6.63605 6.52536 7.46964 7.10775 8.67708 6.88007 5.44523 4.70458 7.24042 5.12936 4.58599 4.49071
threshold=-0.012068568656862842 0.0041625878251899682 0.071147356580427465 -1.0401311596865048 -0.01800763498220875 -0.011885785103346589 0.054189387583892627 -0.012711892936479922 -0.0010198825497332862 0.089197312588401703 -0.024769122482261482 2.5000000000000004 0.30396078431372553 -0.026279751146227378
decision_type=2 2 2 2 2 2 2 2 2 2 2 2 2 2
left_child=1 2 3 5 7 6 -1 -5 -7 11 -11 -8 -3 -10
right_child=-2 12 -4 4 -6 8 9 -9 13 10 -12 -13 -14 -15
leaf_value=-0.0048582614924231908 0.0011995395253090577 -0.0041608505140052965 -0.011835130689360037 0.054186455431161185 -0.013345176479470406 -0.015824383825508444 -0.0068050608558814681 -0.0080339873667825551 -0.009256928821953744 -0.020496254156455743 0.027586606487595422 0.037090715546842713 0.034044984432045289 0.040966848981759577
leaf_weight=86.952144149225205 1613.2826248817146 12.496724909171464 169.56559208966792 11.570397257804874 7.051634617149829 89.996736934408545 6.5221305936574927 4.4854137003421792 6.0178986275568604 13.021246445365252 8.8449053131043893 29.531429765745997 12.487777460366486 3.8433037037029845
leaf_count=1842 23541 172 2722 164 111 1757 103 77 106 277 94 421 170 81
internal_value=0.000280612 -0.00290408 -0.0042493 0.000682109 0.0235117 -0.00190105 0.00512588 0.0390242 -0.0118539 0.0193096 0.000467723 0.0292882 0.017428 0.0175148
internal_weight=2075.67 462.387 437.403 267.837 23.1074 244.73 144.872 16.0558 99.8579 57.9197 21.8662 36.0536 24.9845 9.8612
internal_count=31638 8097 7755 5033 352 4681 2737 241 1944 895 371 524 342 187
is_linear=0
shrinkage=0.05


Tree=420
num_leaves=15
num_cat=0
split_feature=37 37 35 44 4 17 2 3 31 23 39 39 23 9
split_gain=1.76513 2.40084 3.31379 3.32215 2.51543 4.34315 4.19636 5.43523 2.32295 2.31206 4.72869 4.14999 3.60466 3.24472
threshold=0.055498251672459926 0.049001476752028934 0.022598265626705697 0.9127250452753809 0.13938094904480627 2.4487380106358247 0.0092744794558640171 0.037252547913113949 0.72833481471187889 0.017519596391057827 0.0015910998057128663 0.0042804379101259405 0.022544815366535079 2.035908208251771
decision_type=2 2 2 2 2 2 2 2 2 2 2 2 2 2
left_child=1 4 3 -3 9 6 -6 -8 -7 -1 -11 13 -13 -12
right_child=-2 2 -4 -5 5 8 7 -9 -10 10 11 12 -14 -15
leaf_value=-0.00026874568127580479 -0.011371648236844984 0.034143322434758497 -0.01022540831227484 -0.0037215290958379933 -0.016658923030051714 -0.016018538315229904 0.043320260154399062 0.0082848536742147396 0.012182429142167472 0.017786613904318516 -0.016168884372757927 -0.012107842348875429 0.009685113021558724 0.00058893985934872013
leaf_weight=1705.2267900863662 31.853893901221454 12.757149863988166 7.817338263615965 7.2599311936646691 5.5895588193088761 19.64272293262184 11.979463199153541 41.609013204462826 6.1648918967694035 15.506482332944868 112.56923350458965 24.233345524873585 49.462539326399565 37.839413900859654
leaf_count=25458 650 184 138 94 99 257 113 625 89 225 1999 380 827 653
internal_value=-0.000525185 -0.000330117 0.0130838 0.0224112 -0.000545756 0.00762975 0.0147292 0.0191455 -0.00839808 -0.000921659 -0.00546774 -0.00742984 0.00220498 -0.0120697
internal_weight=2089.51 2057.66 27.8344 20.0171 2029.82 84.9857 59.178 53.5885 25.8076 1944.84 239.611 224.105 73.6959 150.409
internal_count=31791 31141 416 278 30725 1183 837 738 346 29542 4084 3859 1207 2652
is_linear=0
shrinkage=0.05


Tree=421
num_leaves=15
num_cat=0
split_feature=30 11 44 20 12 16 0 14 15 11 32 24 19 19
split_gain=1.80477 1.70882 3.87135 3.4059 4.78403 1.79951 1.65754 1.68175 1.68568 3.6223 2.88927 2.98741 3.30653 3.16299
threshold=3.4500000000000006 0.3732178420470233 0.78731780867817069 5.6601077240829767 31.353044190466878 0.52460537470199808 0.048839270449049905 2.4106533153392316 2.8669100209422997 0.44162711305849445 0.99042864993588575 0.033459074403878471 0.0094035805613256716 0.0077805491866948092
decision_type=2 2 2 2 2 8 2 2 2 2 2 2 2 2
left_child=-1 2 -2 -4 -5 -6 7 8 -3 -10 11 12 13 -11
right_child=1 6 3 4 5 -7 -8 -9 9 10 -12 -13 -14 -15
leaf_value=-0.014669041420057006 -0.007626800459525386 -0.00057068899456992216 -0.010251584248344199 -0.0023487046639381138 0.0077984956661043964 0.045481613162458745 -0.017104175159572514 0.017188592346277988 -0.0097975147162734193 0.012110122165308551 -0.010709673997168014 -0.0020593105708144013 0.017517853390819446 -0.006809005261661203
leaf_weight=15.387380653293802 20.840793633833528 1702.4102512439713 6.2216582233086219 11.083491184748711 6.8630386441946056 12.206385876983402 9.0213641095906478 9.3734872648492438 38.674741678405553 41.461405634880066 19.581317757256329 58.195648689754307 84.647733274381608 37.62553643528372
leaf_count=242 347 25514 86 186 107 152 116 118 705 620 365 967 1530 670
internal_value=0.000134953 0.000280911 0.00844149 0.0174569 0.0238192 0.0363568 2.71119e-05 0.000147328 2.37222e-05 0.00358204 0.00587986 0.0075473 0.0109216 0.00323969
internal_weight=2073.59 2058.21 57.2154 36.3746 30.1529 19.0694 2000.99 1991.97 1982.6 280.186 241.512 221.93 163.735 79.0869
internal_count=31725 31483 878 531 445 259 30605 30489 30371 4857 4152 3787 2820 1290
is_linear=0
shrinkage=0.05


Tree=422
num_leaves=15
num_cat=0
split_feature=33 33 28 5 28 41 34 32 37 28 15 37 36 14
split_gain=2.37104 4.8188 8.82897 7.10803 8.03877 5.56669 6.42671 5.30391 7.08635 5.17543 4.59076 6.15513 6.07523 4.5787
threshold=0.0739497887148894 0.040899966543994651 1.0000000180025095e-35 -0.013351542744880871 4.5000000000000009 -0.025814060101948724 -0.04956677086688676 0.055363984674329507 -0.068628324984787034 1.0000000180025095e-35 2.0063609804151237 -0.017517134918888341 -0.014202789231759603 1.02505518449114
decision_type=2 2 2 2 2 2 2 2 2 2 2 2 2 2
left_child=1 3 13 4 7 -4 -7 8 -1 -5 -6 12 -12 -3
right_child=-2 2 5 9 10 6 -8 -9 -10 -11 11 -13 -14 -15
leaf_value=0.023534205786457128 0.0011683018138394427 -0.0020507780023984309 -0.024200244275610711 -0.016601305533620655 -0.012846539639673325 0.0210645472699433 -0.012487136201095738 0.017979958753431766 -0.02233028916470952 0.027770172699568298 0.022937923336728464 0.038000029568295832 -0.014512783647957554 0.031318876329793272
leaf_weight=5.4515109919011584 1720.8907311430667 24.330405815504491 70.931736637372524 4.5346631505526593 13.115335947833954 14.581984921358524 48.436903350055218 8.0903968280181271 65.667889832984656 31.31153181521222 15.097773468121881 16.099278540350497 18.619067255407575 12.114256447181104
leaf_count=77 25033 406 1267 80 242 242 945 166 1569 490 214 275 408 193
internal_value=0.000405212 -0.00332739 -0.00921636 0.00240817 -0.00278253 -0.0150583 -0.00374585 -0.0130234 -0.0174997 0.020812 0.0101172 0.0167833 0.00305352 0.0114816
internal_weight=2069.27 348.383 170.395 177.987 142.141 133.951 63.0189 79.2098 71.1194 35.8462 62.9315 49.8161 33.7168 36.4447
internal_count=31607 6574 3053 3521 2951 2454 1187 1812 1646 570 1139 897 622 599
is_linear=0
shrinkage=0.05


Tree=423
num_leaves=15
num_cat=0
split_feature=23 36 36 7 37 36 37 38 38 35 28 38 32 3
split_gain=2.21996 3.93839 5.57951 4.57479 3.80244 3.75408 5.35978 6.43386 5.62826 4.65127 7.47552 7.17245 5.43486 4.52722
threshold=-0.0055375154060738332 0.013307880894562809 0.010138403077681215 1.609875215040304 0.017882962818339457 -0.013683548682436096 0.0084712259033655774 -2.7266757897863756 -2.8301304463335089 -0.025388280882427613 5.5000000000000009 -0.5595759265079242 0.046638081034054195 -0.026617058024251624
decision_type=2 2 2 8 2 2 2 2 2 2 2 2 2 2
left_child=1 2 -1 -4 -3 6 7 8 -2 10 11 12 -7 -11
right_child=5 4 3 -5 -6 9 -8 -9 -10 13 -12 -13 -14 -15
leaf_value=0.002409198097030817 -0.011434772892497891 -0.020081427381416314 0.040361999087553474 0.0055343604083191401 0.0013042525572406277 -0.0045977413271356526 0.021888853154834104 -0.028615790623502758 0.025613131507693451 -0.01063894725330837 -0.020903386133019505 -0.016250112158449206 0.03988562625379042 0.00019742551581191471
leaf_weight=775.08571008592844 29.005488835275173 31.716852743644267 13.009533191099761 23.814314887858927 46.600604148115963 7.4851112710312 6.7328000571578732 36.888609669636935 9.6762886941432935 102.26757237035781 8.3811882324516755 6.7014170270413151 27.563319120556116 948.29667043406516
leaf_count=11793 665 675 188 326 849 124 113 808 149 1750 275 116 349 13473
internal_value=0.000461673 0.002341 0.00338563 0.0211929 -0.00804185 -0.000956451 -0.0109366 -0.015038 -0.000296218 -0.000164119 0.0139947 0.0224868 0.0309976 -0.000902843
internal_weight=2073.23 890.227 811.91 36.8238 78.3175 1183 82.3032 75.5704 38.6818 1100.7 50.131 41.7498 35.0484 1050.56
internal_count=31653 13831 12307 514 1524 17822 1735 1622 814 16087 864 589 473 15223
is_linear=0
shrinkage=0.05


Tree=424
num_leaves=15
num_cat=0
split_feature=21 14 5 23 42 12 38 28 41 41 38 35 34 21
split_gain=2.41118 2.80671 4.24564 5.62499 4.93285 5.01506 5.94059 5.84983 5.0769 7.16391 4.86139 5.87981 6.36424 5.16875
threshold=0.82642654856591957 1.1040352711108807 -0.15428580475602419 0.0015102731264797777 0.71815131177547287 59.373682541518583 2.1488243549470787 2.5000000000000004 -0.003216514890359012 0.018605441129927684 -2.146029016680473 -0.0011542640321934858 0.012453454202321692 0.42642973856209154
decision_type=8 2 2 2 2 2 2 2 2 2 2 2 2 10
left_child=1 -1 -3 4 -4 -6 7 8 -7 -10 -5 -12 -13 -14
right_child=-2 2 3 10 5 6 -8 -9 9 -11 11 12 13 -15
leaf_value=-7.7868304772533417e-05 -0.003629922267045442 -0.013528078429459807 0.017880808363291759 0.019423940395188466 -0.014059925006565513 0.0020441356806378012 -0.013702598227303251 -0.0034666193671405617 0.04928732783765441 -0.0084673636236013202 -0.014536949345438878 0.016501217569252154 -0.016203883701431342 0.0040630164768543347
leaf_weight=1251.2665948707145 295.88832086371258 26.896480209194124 118.96280487347394 24.939585860352963 26.734584000892937 15.031311440281568 17.846849678084254 23.543491745367646 20.525186887010936 5.1330690048634997 62.26415016874671 52.895083419047296 44.576114613562822 82.118719976395369
leaf_count=18862 5189 416 1886 429 405 185 251 242 240 68 1014 602 635 1233
internal_value=0.000511066 0.00121051 0.00427336 0.00536717 0.0110474 0.00311927 0.00920079 0.0160944 0.0265534 0.0382366 0.000403644 -0.0019114 0.0027411 -0.00341214
internal_weight=2068.62 1772.73 521.467 494.571 227.777 108.814 82.0799 64.2331 40.6896 25.6583 266.794 241.854 179.59 126.695
internal_count=31657 26468 7606 7190 3277 1391 986 735 493 308 3913 3484 2470 1868
is_linear=0
shrinkage=0.05


Tree=425
num_leaves=15
num_cat=0
split_feature=35 33 37 27 32 38 37 34 14 27 38 38 32 35
split_gain=1.7992 5.15861 4.12928 3.89974 6.71644 7.10118 3.59889 4.43334 2.73946 2.65735 2.49606 6.40443 6.3768 4.64539
threshold=-0.034244403714352771 0.18797682556071821 -0.024506591610810421 4.5000000000000009 0.039139093137254909 -2.6025961158895181 -0.026125988270423391 -0.078975162875503088 0.84417571245090683 17.500000000000004 -2.7266757897863756 -2.8301304463335089 0.10726270373921382 -0.030562576303378327
decision_type=2 2 2 2 2 2 2 2 2 2 2 2 2 2
left_child=1 2 6 -4 5 -5 7 8 -1 -3 11 12 13 -2
right_child=10 9 3 4 -6 -7 -8 -9 -10 -11 -12 -13 -14 -15
leaf_value=-0.017719335237401514 -0.013359664149274515 0.030347265502053963 0.0056036834975822748 0.02912411197543141 -0.041494028047353138 -0.022592190863405068 0.031825194183332899 -0.021800901613939449 0.014933163790634349 -0.0075475701233196218 -0.00011810988989210195 0.029256789430543845 -0.020634640451348316 0.015993884644519438
leaf_weight=3.8677043421193984 13.893743323162196 8.595737796276806 10.435821732506154 6.3705600290559259 22.357143385335803 10.962066682055591 2.9455166533589354 16.213410142809153 22.102967834100127 4.5041754385456434 1868.7929262637626 21.124645974487066 20.305775608867407 47.6186768328771
leaf_count=76 228 117 168 107 555 187 40 417 393 73 27930 296 425 709
internal_value=-4.28109e-05 -0.00616877 -0.0103747 -0.0195575 -0.0260601 -0.00131917 0.000758023 -0.00455383 0.00799476 0.0188321 0.000308588 0.0077014 0.000771583 0.00885794
internal_weight=2080.09 108.355 95.2552 50.1256 39.6898 17.3326 45.1296 42.1841 25.9707 13.0999 1971.74 102.943 81.8182 61.5124
internal_count=31721 2133 1943 1017 849 294 926 886 469 190 29588 1658 1362 937
is_linear=0
shrinkage=0.05


Tree=426
num_leaves=15
num_cat=0
split_feature=2 2 42 20 14 20 41 36 18 10 21 41 20 14
split_gain=2.06103 2.50031 3.54692 2.98856 3.19664 2.51426 3.35294 2.44096 2.84494 2.67227 2.32277 4.21011 3.80425 3.59117
threshold=-0.052260244029158347 -0.060481623332254424 0.61721443965517253 7.2275222373369266 1.2402147901934897 15.653667721881037 -0.012422106998583008 -0.0020909724987539509 0.12054676386401603 0.45004109952308624 0.82642654856591957 0.025441600373895094 1.6544503778885151 1.8627277088813179
decision_type=2 2 2 2 2 2 2 2 2 2 8 2 2 2
left_child=1 5 3 -3 -5 7 -7 8 -1 -10 -2 13 -13 -12
right_child=10 2 -4 4 -6 6 -8 -9 9 -11 11 12 -14 -15
leaf_value=-0.012081374840584655 0.00047102057381619047 -0.0070313648683232467 -0.010230245461072103 0.027845707141044285 -0.0058265056576363577 -0.018297892495686415 0.016594087010291157 -0.010962988410380507 0.00011011762598068464 0.023992729897671816 -0.011468135595845207 -0.0018941176111058255 0.025680834509966666 0.011010028466316206
leaf_weight=7.9012677357532075 1708.5882859951816 7.7128613404929629 10.199381385929881 37.896122234873474 6.5912222275510421 23.765514072030786 4.7922601522877804 12.908620584756134 18.665874363388866 26.653563139028847 144.30206255288795 37.198658761568367 13.390170496888457 16.163848594762385
leaf_count=168 25237 167 199 642 119 466 67 211 370 474 2459 661 228 236
internal_value=0.000311445 0.00572573 0.0130869 0.0181389 0.0227722 0.000461541 -0.0108426 0.00576224 0.010412 0.0151445 -0.000145336 -0.00503047 0.007058 -0.00893962
internal_weight=2076.73 157.087 62.3996 52.2002 44.4873 94.6871 28.5578 66.1293 53.2207 45.3194 1919.64 211.055 50.5888 160.466
internal_count=31704 2883 1127 928 761 1756 533 1223 1012 844 28821 3584 889 2695
is_linear=0
shrinkage=0.05


Tree=427
num_leaves=15
num_cat=0
split_feature=34 34 34 5 37 20 14 34 6 7 14 5 28 39
split_gain=2.25844 5.85516 4.96339 5.05509 4.36376 3.1936 3.21619 3.16677 6.57799 3.97596 3.39002 8.75852 4.88303 4.67742
threshold=0.00077474572044156098 -0.00809388926100779 -0.0067092879215515369 -0.066666666666666693 0.001738959584736133 17.78935827221736 0.80757938515529981 0.0030767158806387367 2.2858227689422845 2.0863218504100609 0.70049445641363695 0.035916922942488612 3.5000000000000004 0.0032908722955549224
decision_type=2 2 2 2 2 2 2 2 2 8 2 2 2 2
left_child=1 -1 -3 4 5 6 -4 8 9 -2 11 -9 -13 -14
right_child=7 2 3 -5 -6 -7 -8 10 -10 -11 -12 12 13 -15
leaf_value=-0.00042131219384207409 -0.0069706052302158789 0.02676501693991918 0.034254422529275845 -0.00058879244781046881 0.033455519539070874 -0.016958334507104638 -0.0021990340702572882 -0.015678853392518306 -0.027661119482899066 0.031399726580977859 2.3428273430353514e-05 -0.01213772874022594 0.0024633315922414998 0.036624932704107167
leaf_weight=829.94199730688706 15.938359580002727 28.807360973209143 5.7272190209478202 111.46818704064935 19.832268171012402 7.9711672198027363 12.605733273550866 108.71925214491785 28.204619221389294 5.2467335965484372 849.25557277305052 16.273514883592725 23.807898495346308 13.350540973246096
leaf_count=13702 217 335 78 1382 232 100 153 1843 343 76 12562 228 290 164
internal_value=-0.000286611 0.00139428 0.0092775 0.00535637 0.0183733 0.00347461 0.014089 -0.00189607 -0.0136549 0.00671342 -0.0012575 -0.00776631 0.00829749 0.0176252
internal_weight=2077.15 1016.35 186.412 157.605 46.1364 26.3041 18.333 1060.8 49.3897 21.1851 1011.41 162.151 53.432 37.1584
internal_count=31705 15982 2280 1945 563 331 231 15723 636 293 15087 2525 682 454
is_linear=0
shrinkage=0.05


Tree=428
num_leaves=15
num_cat=0
split_feature=43 36 35 36 21 32 32 41 32 34 36 32 41 10
split_gain=1.71807 2.25949 1.87014 4.92943 5.06958 4.32978 5.3315 5.70896 4.27622 4.4854 5.82163 5.06385 4.04958 4.60111
threshold=0.020168124194969838 0.0027401994585563032 -0.0014764642505332157 -0.00018058561141565119 0.80334967320261452 0.19466056898497361 0.093988412780359104 -0.026279751146227378 0.49832214765100674 -0.0067092879215515369 0.00069651119557767604 0.76515903122264384 0.0066536500960927012 0.57003777497823449
decision_type=2 2 2 2 10 2 2 2 2 2 2 2 2 2
left_child=1 -1 3 -2 5 6 7 -5 12 10 -10 -12 13 -4
right_child=2 -3 8 4 -6 -7 -8 -9 9 -11 11 -13 -14 -15
leaf_value=-0.020582322255631114 0.0004972454176163754 0.01157660231722858 0.0022162323004334575 0.0250324775461102 -0.0096332055290475338 0.0052951780568067288 0.046185947832428791 -0.019117801175298089 -0.015224039224202887 -0.00067547734955953004 0.03584566593433125 -0.0094387912754759426 -0.024369796543823621 -0.016395709595617609
leaf_weight=15.606957280077042 861.02270100079477 3.7914081094786516 88.822985989972949 13.249496230855586 18.484290980733931 42.438749951310456 16.828412697650492 7.6472968216985455 7.700839363038539 895.12775389361195 21.554281471297148 5.7249411828815928 28.067552981898189 47.102581565268338
leaf_count=255 14108 65 1112 179 269 549 208 127 104 13453 291 59 350 594
internal_value=-2.23691e-05 -0.0132125 0.000134001 0.00174028 0.0120424 0.0173125 0.0286296 0.00830379 -0.00127643 5.26693e-05 0.0164399 0.0263521 -0.0085931 -0.00458629
internal_weight=2073.17 19.3984 2053.77 959.671 98.6482 80.164 37.7252 20.8968 1094.1 930.108 34.9801 27.2792 163.993 135.926
internal_count=31723 320 31403 15440 1332 1063 514 306 15963 13907 454 350 2056 1706
is_linear=0
shrinkage=0.05


Tree=429
num_leaves=15
num_cat=0
split_feature=8 18 39 17 36 8 5 40 36 19 24 14 38 33
split_gain=2.79527 2.70532 4.31078 3.40571 2.6901 2.28154 2.84988 4.40571 2.19473 2.13516 3.60418 3.42488 4.10407 4.85546
threshold=3.2219612262176729 0.2044963049011661 0.0022726561462590345 2.7221887438295531 -0.017896348368980127 2.6939897522511536 0.053303668711565562 1.0000000180025095e-35 -0.02146407740643241 0.0069521001245466717 0.017762342738482824 0.77979910732180946 -0.69639027607285786 0.80546234153616714
decision_type=2 2 2 2 2 2 2 2 2 2 2 2 2 2
left_child=5 2 3 -2 8 9 7 -7 -4 11 -11 -1 -13 -14
right_child=1 -3 4 -5 -6 6 -8 -9 -10 10 -12 12 13 -15
leaf_value=0.014327327666690407 0.022707529492615015 0.011118382436908322 -0.0068902742644331664 -0.0097788451631271832 -0.012735873165516696 -0.00012481820974606533 -0.0028098537280042612 0.029243634280211296 0.022724951946607168 -0.011465711001061791 0.00083681491070439228 0.012929685912293938 -0.026495682676853056 0.0050652257141243807
leaf_weight=67.832539094612002 15.371357768774034 18.628826812840998 10.257840868085625 9.6637417096644622 129.64610332483426 22.513588121626526 28.262589342426509 24.379201256670058 6.2749220449477425 56.81276623159647 1612.7999693243764 25.899307135492563 18.70974036026746 22.341938126832247
leaf_count=896 224 277 187 104 1952 335 423 352 115 809 25081 361 238 291
internal_value=0.000664671 -0.00503915 -0.00706275 0.0106272 -0.0103437 0.00125262 0.00950975 0.0164902 0.00701681 0.000883374 0.000385207 0.00681984 -0.00125355 -0.010634
internal_weight=2069.39 189.843 171.214 25.0351 146.179 1879.55 75.1554 46.8928 16.5328 1804.4 1669.61 134.784 66.951 41.0517
internal_count=31645 2859 2582 328 2254 28786 1110 687 302 27676 25890 1786 890 529
is_linear=0
shrinkage=0.05


Tree=430
num_leaves=15
num_cat=0
split_feature=39 36 36 28 27 39 28 27 38 35 37 34 34 37
split_gain=2.07673 4.60913 3.9023 8.40389 6.4706 6.097 8.27042 8.20837 5.31444 5.63632 4.5622 7.22773 5.17975 4.6196
threshold=0.0043325440964272375 0.017341672856556859 -0.016188370435476159 2.5000000000000004 15.500000000000002 0.0039354115544055776 1.0000000180025095e-35 7.5000000000000009 -2.6463620581385934 -0.012964719938154455 -0.011874836926434594 -0.035364245612604199 0.062237725140349427 -0.0087668589723875461
decision_type=2 2 2 2 2 2 2 2 2 2 2 2 2 2
left_child=1 2 3 4 -1 10 7 -7 -8 -10 11 -4 13 -12
right_child=-2 -3 5 -5 -6 6 8 -9 9 -11 12 -13 -14 -15
leaf_value=0.010963515303713686 0.0023732360799044536 -0.018360973094305465 0.0012750940365991903 0.029450292979828936 -0.030522201913196063 0.04201807123734163 0.022337412286913966 -0.0071850542921414575 -0.037183096336360022 -0.011230020015178366 0.013200946857991459 -0.01913033719189414 -0.020008547539322252 0.0010361855633138622
leaf_weight=18.678510077297691 705.02545906277373 32.019791763275862 103.70191789465025 27.45308753894642 10.884536173194645 8.7646433878690022 4.3520795917138448 19.024016128852963 26.485722227022052 86.09506546612829 80.964301186613739 68.917116265743971 22.163664957974106 860.62272870913148
leaf_count=330 11543 661 1816 375 238 139 77 338 508 1183 1134 1070 451 11878
internal_value=0.000177666 -0.000956629 -0.000473355 0.0117795 -0.00651654 -0.00106236 -0.0105468 0.0123747 -0.0162781 -0.0186573 0.000186439 -0.00718084 0.00153626 0.0021464
internal_weight=2075.15 1370.13 1338.11 57.0161 29.563 1281.09 144.722 27.7887 116.933 112.581 1136.37 172.619 963.751 941.587
internal_count=31741 20198 19537 943 568 18594 2245 477 1768 1691 16349 2886 13463 13012
is_linear=0
shrinkage=0.05


Tree=431
num_leaves=15
num_cat=0
split_feature=43 43 5 16 43 37 24 24 16 6 20 5 42 31
split_gain=1.90742 4.00898 3.57434 2.43135 2.19467 2.38413 2.34415 3.30942 2.56071 2.72635 2.51986 4.56908 2.2385 3.39676
threshold=0.053768714506969552 0.02702826096881706 -0.1302618394684105 0.72516757246717423 0.0739497887148894 0.006138689081722771 0.015236100899679915 0.016729386822638689 0.43373858415196692 5.1508939996378178 2.6249413921611309 -0.020964269835556822 0.23766434020451227 0.69818686376825345
decision_type=2 2 2 10 2 2 2 2 10 2 2 2 2 2
left_child=1 2 -1 -3 5 -2 8 12 -6 10 -10 -12 -8 -14
right_child=4 3 -4 -5 6 -7 7 -9 9 -11 11 -13 13 -15
leaf_value=0.014919139452716857 -0.019153223129535275 0.023444654414042764 -0.016706251928264373 -0.00098061131923636905 -0.0076150954569258441 0.0065563263225158434 0.010773598881734799 2.0672754173335854e-05 -0.0027809256231052307 -0.0072555589644937944 0.002241794128082663 0.039978514563735419 -0.023766612662285389 0.0034386988653601655
leaf_weight=9.2381375888362545 24.813919732812792 30.406891188584268 20.170818399637938 13.758366422727702 14.233149717561899 9.9716758979484421 5.8177108559757462 1851.4716648771428 8.8656441960483772 9.1969359079375845 13.760878831148142 16.589494109153755 32.356770636513829 14.912015666253863
leaf_count=151 405 464 313 222 173 139 82 28582 98 105 172 181 433 231
internal_value=4.01055e-05 0.00768214 -0.00604753 0.0165098 -0.000259182 -0.0118855 -2.39847e-05 -0.000347959 0.00912315 0.0142963 0.0195996 0.0256058 -0.0120997 -0.0156761
internal_weight=2075.56 73.5742 29.409 44.1653 2001.99 34.7856 1967.2 1904.56 62.6461 48.413 39.216 30.3504 53.0865 47.2688
internal_count=31751 1150 464 686 30601 544 30057 29328 729 556 451 353 746 664
is_linear=0
shrinkage=0.05


Tree=432
num_leaves=15
num_cat=0
split_feature=31 18 33 36 28 32 39 16 24 37 14 36 38 38
split_gain=2.45072 3.61982 2.72476 8.00512 8.67344 5.28264 4.33913 3.26513 3.84245 3.09919 2.86658 3.75945 2.65081 3.55474
threshold=0.060286965602924951 0.22114222888217369 0.94229740174802312 0.0069712103027379521 1.5000000000000002 0.99042864993588575 0.0054774236102395268 0.39080613440270612 0.036136824177442559 0.039564750737256633 0.7548400198824573 0.021658889079917979 3.1441195097511021 2.7847162849617901
decision_type=2 2 2 2 2 2 2 8 2 2 2 2 2 2
left_child=-1 2 9 7 6 10 -5 -4 -9 12 -6 -12 13 -2
right_child=1 -3 3 4 5 -7 -8 8 -10 -11 11 -13 -14 -15
leaf_value=0.0021865365513534635 -0.0012129888453688681 -0.011318632534691292 0.010378139619684892 -0.0219014845639217 0.0017207238581243901 -0.00050508576411586179 0.01464940765598808 -0.018845205880541355 0.014986822414755498 -0.019262203580531909 0.052339101060512205 0.013693137102660924 -0.014950975232240869 0.014640372612399706
leaf_weight=779.36103040538728 991.58507861639373 80.168365721590817 15.72979376465082 14.993634367361667 6.2667544363066545 13.870538303628562 9.2393683078698796 41.515080168377608 6.3237053081393233 19.085750993806869 19.545367320999503 14.750898528844116 28.506579146720469 31.669239034876227
leaf_count=11447 15312 1206 284 332 114 218 162 732 85 332 314 225 574 464
internal_value=-2.01657e-05 -0.00135331 -0.000650975 0.00573202 0.0159645 0.0263318 -0.0078436 -0.00717155 -0.013378 -0.0015215 0.034557 0.0395746 -0.00110995 -0.00065353
internal_weight=2072.61 1293.25 1213.08 142.235 78.6666 54.4336 24.233 63.5686 47.8388 1070.85 40.563 34.2963 1051.76 1023.25
internal_count=31801 20354 19148 2466 1365 871 494 1101 817 16682 653 539 16350 15776
is_linear=0
shrinkage=0.05


Tree=433
num_leaves=15
num_cat=0
split_feature=14 27 6 32 33 37 21 11 36 24 16 20 23 38
split_gain=2.45941 3.55834 4.02807 3.2616 4.38541 5.73308 3.20475 3.10511 3.17332 2.88079 3.24672 2.78514 3.10035 2.74266
threshold=0.62709347277184746 18.500000000000004 1.6857275250515185 0.9592666334826615 0.88932633420822405 0.002121048636178791 0.28339895013123367 0.4504006403974779 -0.011104386496241734 0.030876166723629122 0.32761647343585149 13.914880829532148 0.0031454790887326394 -2.2071098490091989
decision_type=2 2 2 2 2 2 8 2 2 2 8 2 2 2
left_child=1 3 -3 4 5 7 -5 -1 -9 11 -11 12 -7 -4
right_child=-2 2 13 6 -6 9 -8 8 -10 10 -12 -13 -14 -15
leaf_value=0.00057940045961604638 -0.00029132965426237242 0.019795374480494524 0.0098409229116529426 0.01173051174393343 0.029859130146777876 -0.021515291536406526 -0.025231937574648491 -0.0038666424571430652 0.024749857901972462 0.0094507921083416668 -0.032832276435946287 0.016293148588949532 0.01141103163976926 -0.022102589195606284
leaf_weight=30.569854643195868 1860.2935559514444 5.7945684706792226 5.5448288191109922 6.1074756635352943 20.11655805632472 12.740928743965926 9.2141728335991502 10.250560434535144 50.243495797738433 3.799861756153402 10.618948089890182 13.613881728611885 7.9079155381768933 24.526810250245035
leaf_count=454 28598 93 79 133 265 168 204 172 642 43 161 204 120 410
internal_value=0.000294346 0.00534403 -0.00820153 0.00826792 0.0104214 0.00668857 -0.011237 0.0138336 0.0199759 -0.00672056 -0.0221249 0.00175408 -0.00913915 -0.0156493
internal_weight=2071.34 211.05 35.8662 175.184 159.862 139.745 15.3216 91.0639 60.4941 48.6815 14.4188 34.2627 20.6488 30.0716
internal_count=31746 3148 582 2566 2229 1964 337 1268 814 696 204 492 288 489
is_linear=0
shrinkage=0.05


Tree=434
num_leaves=15
num_cat=0
split_feature=43 19 3 21 41 41 9 21 30 37 30 11 43 16
split_gain=2.11004 3.70317 5.3074 4.47587 5.715 3.12858 2.78173 3.17726 2.29075 2.22833 2.19951 2.16262 2.0575 2.5894
threshold=0.9525418275418277 0.0099799193915192427 0.022126953818284115 0.70208333333333339 -0.0018596184680999548 -0.013606487765982776 1.230915717273354 0.60752627627627642 8.6500000000000004 0.0054517666688891362 6.2500000000000009 0.49336255305535126 0.94636864813039312 0.7818257952458999
decision_type=2 2 2 10 2 2 2 8 2 2 2 2 2 10
left_child=12 10 -3 6 5 -5 -4 8 -8 -6 -2 -7 -1 -14
right_child=1 2 3 4 9 11 7 -9 -10 -11 -12 -13 13 -15
leaf_value=0.00040604095864965503 0.001396792199952125 0.028941882664443086 -0.024784015395926211 -0.0048957395287534868 -0.019524745499964802 -0.00012114731097096524 0.020684366440230261 -0.023724412364438216 -0.0086698418484377465 0.0032568032049723064 -0.029667911873989469 0.039297922577711697 0.030637303416194157 -0.007302558477339724
leaf_weight=1927.1475728023797 7.1391501547768739 7.8167780237272373 27.049351595342159 6.7261385116726187 15.662190604954956 4.3524220380932119 10.369509154930716 6.0742588452994815 7.9207607489079228 19.831409148871899 16.697126481682062 11.758640777319668 7.1376500092446786 4.6140613649040461
leaf_count=29894 107 91 318 88 214 61 117 71 77 312 198 158 98 63
internal_value=0.000123104 -0.00566593 -0.00165408 -0.00499952 0.00438153 0.0215553 -0.0150877 -0.00193576 0.00884007 -0.00796553 -0.0217349 0.0311423 0.000558768 0.0180076
internal_weight=2080.3 141.398 117.561 109.745 58.3308 22.8372 51.4139 24.3645 18.2903 35.4936 23.8363 16.1111 1938.9 11.7517
internal_count=31867 1812 1507 1416 833 307 583 265 194 526 305 219 30055 161
is_linear=0
shrinkage=0.05


Tree=435
num_leaves=15
num_cat=0
split_feature=21 3 22 39 37 41 12 37 38 0 6 37 37 37
split_gain=1.71963 2.80765 3.6622 4.42137 4.11427 4.10453 3.99334 2.92704 3.57517 2.86082 2.83148 2.74417 3.69349 2.90395
threshold=0.82642654856591957 0.066441558822283878 1.0000000180025095e-35 0.0041294735289663107 -0.032461811036311954 0.0018018461994551151 73.687853919843988 -0.035786874103375992 -1.521783173290356 -0.025446746651040682 1.5911551948023683 -0.057239565701855392 -0.042416239857843312 -0.035288521670153943
decision_type=8 2 2 2 2 2 2 2 2 2 2 2 2 2
left_child=11 2 3 7 -4 10 9 -2 -9 -6 -5 -1 -13 -14
right_child=1 -3 4 5 6 -7 -8 8 -10 -11 -12 12 13 -15
leaf_value=0.026722251106905088 -0.016268973919952173 0.0033330300539964643 0.013336121932149843 0.015808380804447502 0.0084060818922174815 0.021394856330792373 0.0050627599411928841 0.026664625117851337 -0.0052570949981607159 -0.023645063676371467 -0.017415100304342339 -0.020158810584908114 0.01702619558694619 0.00078400886558040108
leaf_weight=5.2747379420325151 3.6187408380210391 104.53941609151661 9.4740612320601922 3.4429140770807853 5.2208652971312395 5.3400265965610734 15.932573119644074 23.847690341062844 10.536874787881969 69.167333012446761 43.222996605560184 15.788299099542199 22.983841475099325 1731.6693018479273
leaf_count=75 98 1770 185 54 83 83 247 430 181 1146 922 331 438 25717
internal_value=0.000362422 -0.00314512 -0.0067071 0.000654671 -0.0130614 -0.00850992 -0.0163846 0.0127273 0.0174569 -0.0210078 -0.0136713 0.000951033 0.000799213 0.00104454
internal_weight=2070.06 294.343 189.804 90.0092 99.7948 52.0059 90.3208 38.0033 34.3846 74.3882 46.6659 1775.72 1770.44 1754.65
internal_count=31760 5199 3429 1768 1661 1059 1476 709 611 1229 976 26561 26486 26155
is_linear=0
shrinkage=0.05


Tree=436
num_leaves=15
num_cat=0
split_feature=18 6 39 38 33 34 23 39 20 39 38 5 38 39
split_gain=1.81704 4.57238 3.81479 5.63921 7.95737 6.02813 4.78407 8.94954 7.10134 6.62276 5.8807 4.45362 3.77244 4.75616
threshold=0.13210193691225691 1.5676628917763582 0.0035733542282337829 1.3461022486663994 0.9826073805202663 -0.030011547344110819 -0.016018349537742834 0.0052428145311921347 10.788617279378281 0.0042975452724997414 -0.12382212272990435 -0.049799163025957043 2.2683693872708326 0.0050905236056680587
decision_type=2 2 2 2 2 2 2 2 2 2 2 2 2 2
left_child=1 -1 -2 5 -5 -4 11 8 9 -8 -11 -7 13 -6
right_child=2 -3 3 4 12 6 7 -9 -10 10 -12 -13 -14 -15
leaf_value=0.015083730261656769 -0.0052567001827760144 0.00082902244000562374 -0.0036509348559578911 -0.013099680925132893 0.026533446700885751 0.028055142047857258 0.0032401767171619349 -0.012431468506348853 -0.01302226668908029 0.048609780831959347 0.010813247936665021 0.00057637505679319012 0.034726057830294206 -0.016401335349865896
leaf_weight=54.153550357557833 371.08753079734743 1167.3540300591849 130.06897250795737 107.64362906804308 5.4151577521115604 47.495375111699104 40.194878845009953 48.248177275061607 18.212767580524087 19.75759138353169 24.029872800223529 20.801417365670204 9.1010882928967458 11.943920048885046
leaf_count=836 5553 17806 2426 1670 112 568 595 740 246 219 320 250 157 208
internal_value=0.000285407 0.0015199 -0.0014789 0.00144822 -0.00709882 0.00478812 0.00977567 0.0045005 0.0127014 0.0186982 0.0311016 0.0202961 0.0155156 -6.9452e-05
internal_weight=2075.51 1221.51 854 482.913 134.104 348.809 218.74 150.443 102.195 83.9823 43.7875 68.2968 26.4602 17.3591
internal_count=31706 18642 13064 7511 2147 5364 2938 2120 1380 1134 539 818 477 320
is_linear=0
shrinkage=0.05


Tree=437
num_leaves=15
num_cat=0
split_feature=41 34 32 34 13 28 28 41 27 41 32 34 5 23
split_gain=1.9815 5.59324 6.42553 7.61168 5.06379 5.02127 5.00507 7.68688 6.42564 4.32581 5.28219 3.98125 3.92479 5.81449
threshold=0.017079516985028968 0.012453454202321692 0.79932885906040274 0.033001984421534521 0.017489731415760715 2.5000000000000004 3.5000000000000004 0.042333410263414535 13.500000000000002 0.038275234990393821 0.9127250452753809 0.068897096457460907 0.047784501239185657 -0.00059463993813135818
decision_type=2 2 2 2 2 2 2 2 2 2 2 2 2 2
left_child=-1 4 -3 12 -2 9 7 11 -9 10 -5 -7 13 -4
right_child=1 2 3 5 -6 6 -8 8 -10 -11 -12 -13 -14 -15
leaf_value=-0.00083789638137549746 0.031766101140972662 -0.016554406270147776 0.025904936463765689 0.0087427375261827107 -0.012245670318045056 0.035843753959500187 -0.0018511887724871766 -0.030296632203618841 0.019205782275111827 0.01081645867303742 -0.025119747722464076 -0.0079647825078180117 0.027933179852937348 -0.0083875725959638697
leaf_weight=1694.3465175719466 23.023376053199176 39.530341103672981 15.346045944839714 12.300270603038369 5.5901984851807347 27.288248877972368 116.03538566501811 9.429547071456911 7.4749507056549183 13.548795236274598 43.614633290097117 4.2659179121255866 35.622647849842906 27.233431949280202
leaf_count=25857 287 517 191 191 54 397 1869 129 161 311 904 56 438 363
internal_value=-0.000104116 0.0031335 0.00125275 0.00373318 0.0226251 -0.000867966 0.00390513 0.0165727 -0.00901986 -0.0116742 -0.0175644 0.0296418 0.0167234 0.00539524
internal_weight=2074.65 380.304 351.69 312.16 28.6136 233.958 164.494 48.4587 16.9045 69.4637 55.9149 31.5542 78.2021 42.5795
internal_count=31725 5868 5527 5010 341 4018 2612 743 290 1406 1095 453 992 554
is_linear=0
shrinkage=0.05


Tree=438
num_leaves=15
num_cat=0
split_feature=43 30 4 41 21 20 41 28 14 4 10 23 42 20
split_gain=1.9185 5.04125 2.006 5.45043 5.51536 2.77995 4.17394 2.74191 3.14858 2.73104 2.64651 3.2412 3.25138 3.23673
threshold=0.97993288590604044 5.9500000000000011 0.12170053884407396 1.0000000180025095e-35 0.21287525879917188 2.1670335721108578 0.019129599566807768 5.5000000000000009 1.773359147716258 0.094689221259940073 0.50982685011720152 0.015868701399265665 0.76418929283632475 0.31049700221077042
decision_type=2 2 2 2 10 2 2 2 2 2 2 2 2 2
left_child=2 -2 9 4 -4 6 -5 8 -8 -1 11 -11 -13 -12
right_child=1 -3 3 5 -6 -7 7 -9 -10 10 13 12 -14 -15
leaf_value=0.00041651239211223739 0.023272889197628585 -0.017968976172472142 -0.015588762664045026 -0.016106802598742746 0.031252221668818851 0.017727972110779883 0.016689530562751749 -0.017595168699632704 -0.01270771933364611 -0.016079213124523827 0.0059370731078349781 -0.0092865773079464555 0.024040331771007794 -0.019639702941749337
leaf_weight=1815.603297872236 4.732693498954176 31.805774190463126 4.612674210220578 33.207586219534278 26.12002547737211 13.424035731703041 34.264750149101019 5.9768348624929777 7.8455733563750973 10.097955137491224 13.629597776103763 8.1725817630067485 14.961854597553609 47.420620899647474
leaf_count=28022 74 403 73 450 322 187 565 116 124 135 223 183 222 678
internal_value=0.000169581 -0.0104687 0.000385747 0.00638453 0.0230243 0.000101804 -0.0036673 0.00563099 0.0104451 -2.39273e-05 -0.00809932 0.00300264 0.012709 -0.0139124
internal_weight=2071.88 36.5385 2035.34 125.451 30.7327 94.7188 81.2947 48.0872 42.1103 1909.89 94.2826 33.2324 23.1344 61.0502
internal_count=31777 477 31300 1837 395 1442 1255 805 689 29463 1441 540 405 901
is_linear=0
shrinkage=0.05


Tree=439
num_leaves=15
num_cat=0
split_feature=6 9 8 18 7 43 26 21 39 34 10 8 2 42
split_gain=2.02361 3.83629 3.73914 3.41576 4.33655 3.46461 3.72277 4.01137 4.0661 3.44688 3.37783 2.99641 3.82806 4.32794
threshold=2.2122819339968252 -0.48204204528229455 0.082719348842907506 0.20071824237315727 4.4270764040269368 0.7886751402725295 3.5000000000000004 0.50281746031746044 0.0037861545186720215 0.02978733544068685 0.37805811375263926 1.1415393139953667 -0.042597323699010918 0.45932156646442368
decision_type=2 2 2 2 10 2 2 8 2 2 2 2 2 2
left_child=1 -1 -2 4 5 6 7 -3 -9 -10 -5 12 13 -4
right_child=2 3 11 10 -6 -7 -8 8 9 -11 -12 -13 -14 -15
leaf_value=-0.010661199127852563 0.0068930705529779398 0.00814089271476795 0.014056722851156337 0.016892864266884303 0.026173340830234749 -0.0026008447078951554 0.020625132048883554 0.0067299959989790201 -0.013485236264964458 0.0062482143367190183 -0.0091059672541812364 0.00055702590964675327 -0.0064795323275101784 -0.011774047560987235
leaf_weight=47.121076216455549 139.45346225006506 289.00459176534787 46.443181117996573 9.919553623069076 17.665636045858264 156.87270617811009 34.652561985887587 81.910850925371051 71.315477306488901 27.715311127714813 80.720329799223691 647.00246849516407 405.243573310785 19.256848648190498
leaf_count=716 2139 4359 833 152 254 2221 597 1278 1288 452 1197 9774 6043 396
internal_value=0.00057604 0.0025058 -0.000682633 0.0033754 0.00459516 0.00382684 0.00583104 0.00453451 -0.00128971 -0.00792765 -0.00552628 -0.00165412 -0.00466582 0.00618842
internal_weight=2074.3 816.898 1257.4 769.777 679.137 661.471 504.599 469.946 180.942 99.0308 90.6399 1117.95 470.944 65.7
internal_count=31699 12514 19185 11798 10449 10195 7974 7377 3018 1740 1349 17046 7272 1229
is_linear=0
shrinkage=0.05


Tree=440
num_leaves=15
num_cat=0
split_feature=35 0 38 36 37 27 37 32 32 21 27 35 36 37
split_gain=2.14181 2.99626 3.07814 2.66808 2.74529 3.26525 2.47858 4.88523 2.58494 1.90156 1.8422 1.8306 6.68033 7.17517
threshold=-0.034244403714352771 -0.0064867647809127562 -1.9542955865826201 -0.0037626273605646516 -0.019005351759760144 4.5000000000000009 -0.027308107739361039 0.060504372584909503 0.010256679991584264 0.49052634276342771 19.500000000000004 -0.027882131225878123 -0.0052034644451917069 -0.0093048258668829691
decision_type=2 2 2 2 2 2 2 2 2 8 2 2 2 2
left_child=1 3 -3 4 6 -6 8 -8 10 -10 -1 12 13 -2
right_child=11 2 -4 -5 5 -7 7 -9 9 -11 -12 -13 -14 -15
leaf_value=0.02005979337570896 0.0094930254796318937 0.023938417550461531 -0.013490926100061454 0.018409778757309137 0.0052196993465909733 -0.028327729680826572 0.023690349140711334 -0.020568368511788268 0.0067241600086533409 -0.025298677954283422 -0.011936859122589662 -0.00032860174890767381 0.034841278980183209 -0.018837305127675001
leaf_weight=5.5326155219227058 69.330265703611076 9.6945720193907601 4.7408980801701537 3.1705899890512219 7.3795578684657803 30.247537828981876 12.693898051977163 5.067524814978241 3.5314331026747849 18.553334295284003 3.5398166952654719 1848.2540394237731 12.280043562874196 26.971588048152626
leaf_count=83 1314 134 80 28 115 621 205 188 73 486 88 27524 183 505
internal_value=-0.000330938 -0.0071474 0.0113376 -0.0105631 -0.0125721 -0.0219078 -0.00402562 0.00931849 -0.0118692 -0.0198821 0.00777005 4.91564e-05 0.00621067 0.00102032
internal_weight=2060.99 104.152 14.4355 89.7163 86.5457 37.6271 48.9186 17.7614 31.1572 22.0848 9.07243 1956.84 108.582 96.3019
internal_count=31627 2101 214 1887 1859 736 1123 393 730 559 171 29526 2002 1819
is_linear=0
shrinkage=0.05


Tree=441
num_leaves=15
num_cat=0
split_feature=11 13 38 15 43 4 34 24 34 33 34 15 24 37
split_gain=1.53681 4.82639 3.07974 2.94833 3.57464 2.92915 3.98616 5.09148 2.47761 3.06907 2.70293 2.46454 3.96927 3.54095
threshold=0.43983693632938636 0.013470777714020381 -2.117890124090164 1.3960766436434413 0.33054349348648276 -0.019773597632138259 -0.010366330966608215 0.023049730340933373 -0.021990028292057536 0.10726270373921382 -0.0051991517739988493 2.8669100209422997 0.034670596304306307 -0.017038341228885975
decision_type=2 2 2 2 2 2 2 2 2 2 2 2 2 2
left_child=1 2 8 4 -3 6 -4 -8 9 -1 -10 -2 -13 -14
right_child=11 3 5 -5 -6 -7 7 -9 10 -11 -12 12 13 -15
leaf_value=0.0036300834347503352 0.00043494469190867981 -0.0033892591516220781 -0.012869208992868648 0.00045682427183572715 0.029482341186839029 -0.018776702013680244 0.029247607605418519 -0.0099656239520723097 0.02716635739776992 -0.026237386927789583 -0.0078910801755741455 0.0089309631340447025 0.010230632139415158 -0.014785376705445075
leaf_weight=26.416845467407256 1480.1710740404669 11.954502625390889 39.972774777561426 126.0305006261915 16.401137159205973 66.800114396959543 11.91512569319457 12.521842619404195 10.659208895638587 7.1077906349673858 5.6604691650718442 198.83110307715833 17.765582014806569 34.33270509634167
leaf_count=498 22004 153 690 2098 208 1012 167 170 154 137 92 3479 346 510
internal_value=0.00061882 -0.00245512 -0.00789648 0.00397369 0.0171933 -0.0117967 -0.00372647 0.0108745 0.00250983 -0.00528574 0.0160078 0.00121982 0.00575067 -0.00610601
internal_weight=2066.54 335.44 181.054 154.386 28.3556 131.21 64.4097 24.437 49.8443 33.5246 16.3197 1731.1 250.929 52.0983
internal_count=31718 5379 2920 2459 361 2039 1027 337 881 635 246 26339 4335 856
is_linear=0
shrinkage=0.05


Tree=442
num_leaves=15
num_cat=0
split_feature=23 20 18 38 20 32 37 32 33 28 37 38 38 35
split_gain=1.93272 4.52896 5.42993 7.00192 4.28986 3.61961 3.53608 3.45791 4.10573 3.29344 3.22502 4.50935 3.59346 4.45229
threshold=-0.0095643920968473389 10.208746918286138 0.12098667027507896 0.78323546445782055 4.0153912981270743 0.0080322580645161307 -0.044479677119035825 0.013704416388980149 0.023811023622047248 3.5000000000000004 -0.01399383740639387 1.0004320864899527 -0.29887779743064175 -0.016448035592688145
decision_type=2 2 2 2 2 2 2 2 2 2 2 2 2 2
left_child=4 -2 10 -4 -1 6 -6 -7 -9 -8 -3 12 13 -12
right_child=1 2 3 -5 5 7 9 8 -10 -11 11 -13 -14 -15
leaf_value=-0.014643106997350962 5.3641224038812889e-05 -0.016094099957908493 -0.028432174424901466 0.0030237688390770344 0.01459420044712711 0.018234548328901878 -0.038010366345928304 -0.01458622505796983 0.0034961390393841263 0.00082669957301224916 0.012036234500999015 -0.011614924770306734 0.021277320724534719 -0.011441176999893391
leaf_weight=32.351485233288258 1108.2424013833515 29.03803962469101 48.869959626812488 25.017408991232514 4.3278920073062208 32.619203549809754 9.7602047678083199 28.213395433034748 603.02244825055823 8.3314995281398279 36.801637455821037 43.072391253896058 25.673326563090086 34.084303103387356
leaf_count=481 16450 597 864 375 61 583 282 625 9167 128 603 726 341 455
internal_value=-0.000198756 -0.00131193 -0.0074263 -0.018265 0.00188829 0.00276787 -0.0150946 0.00347944 0.00257966 -0.0238189 -0.00228917 0.00103887 0.00697731 0.000737474
internal_weight=2069.43 1350.8 242.557 73.8874 718.626 686.275 22.4196 663.855 631.236 18.0917 168.67 139.632 96.5593 70.8859
internal_count=31738 20411 3961 1239 11327 10846 471 10375 9792 410 2722 2125 1399 1058
is_linear=0
shrinkage=0.05


Tree=443
num_leaves=15
num_cat=0
split_feature=39 39 14 35 37 39 16 37 15 32 41 34 37 5
split_gain=2.24777 9.16761 7.3088 4.97667 6.88723 7.14716 6.90068 5.79098 5.05587 4.96052 4.8449 6.76269 6.68062 5.38193
threshold=0.0030475271591457148 0.0029595148600636404 1.2637645910322821 -0.00399840127897677 -0.01946975325348543 0.0024301695347584691 0.38677000987187932 -0.002472213097714226 2.4857661105729907 0.57094918504314485 -0.0064946877540210659 0.00077474572044156098 -0.0082696705766192573 -0.043921164314499821
decision_type=2 2 2 2 2 2 10 2 2 2 2 2 2 2
left_child=1 2 3 4 -1 8 -7 -5 10 -9 12 -12 13 -6
right_child=-2 -3 -4 7 5 6 -8 9 -10 -11 11 -13 -14 -15
leaf_value=-0.024295255247840635 0.0011290104006109918 -0.025143990488338416 0.011781850325118495 0.0091844346766525344 0.019886355140105505 -0.0017449288259914959 0.025840843040194367 -0.022367185562777378 0.012694975071461735 -0.0061112529148379261 0.020980238217529285 -0.017266851142239675 -0.021738285070625168 -0.016988673333147877
leaf_weight=18.074971963185817 1322.7149756541476 36.479300083126873 92.541906177066267 43.866437712684274 19.557199074886743 36.010076373815536 53.570955789182335 55.885630482807755 40.507761149667203 236.43976531364024 26.240966415032744 13.767322829924522 60.895125616341829 11.853741569444535
leaf_count=435 20788 631 1294 566 274 525 780 661 642 3506 326 208 934 170
internal_value=-0.000107654 -0.00229417 -0.000951063 -0.00294125 0.00196178 0.00419089 0.0152458 -0.00700055 -0.0018069 -0.00954288 -0.00654721 0.00736287 -0.0126448 0.00554862
internal_weight=2068.41 745.691 709.212 616.67 280.478 262.403 89.581 336.192 172.822 292.325 132.314 40.0083 92.3061 31.4109
internal_count=31740 10952 10321 9027 4294 3859 1305 4733 2554 4167 1912 534 1378 444
is_linear=0
shrinkage=0.05


Tree=444
num_leaves=15
num_cat=0
split_feature=43 35 40 36 39 21 3 14 15 34 27 39 39 35
split_gain=1.89264 1.74763 5.68781 5.29633 6.55344 6.03712 5.83043 5.37312 5.06625 5.06855 7.65307 4.68819 4.62169 6.97945
threshold=0.99664429530201348 -0.0097783613914085837 1.0000000180025095e-35 -0.00042550144136405116 0.0023461645425991427 0.77013888888888904 0.019075945023989242 1.3414846877050199 2.8390866411632802 -0.009894429985293161 11.500000000000002 0.001403602489404882 0.0027004803966359692 1.0000000180025095e-35
decision_type=2 2 2 2 2 10 2 2 2 2 2 2 2 2
left_child=1 3 12 4 7 -5 -6 8 9 -1 -11 -12 13 -3
right_child=-2 2 -4 5 6 -7 -8 -9 -10 10 11 -13 -14 -15
leaf_value=-0.023249686892717645 -0.020424033361042541 0.01351968180463373 0.0010062323557772192 0.029837197371291681 0.0022243601782555643 -0.01457758186147565 0.025787231220442824 0.022777237677633368 0.01458583381628629 -0.021061057279863311 -0.0095271326073874708 0.042570206135998816 -0.011069682022462661 -0.010844995351616787
leaf_weight=68.39449913892895 6.1088571138679972 54.963912457227707 1013.6946368145291 26.963928204961121 558.64712240314111 6.7111458610743275 22.646406981162727 7.1481799874454728 10.98714509885758 12.256384456530215 4.2570078652352077 7.455296091735363 201.57990555651486 52.735750736668706
leaf_count=1103 89 676 14920 373 9977 105 254 109 201 170 72 99 2757 677
internal_value=0.000159106 0.00027007 -0.000811146 0.00223385 0.0012181 0.0202454 0.00335443 -0.00967906 -0.0128714 -0.0167189 0.00271307 0.0264495 -0.00668903 0.00163753
internal_weight=2054.55 2048.44 1322.97 725.467 691.792 33.6751 581.294 110.499 103.35 92.3632 23.9687 11.7123 309.28 107.7
internal_count=31582 31493 19030 12463 11985 478 10231 1754 1645 1444 341 171 4110 1353
is_linear=0
shrinkage=0.05


Tree=445
num_leaves=15
num_cat=0
split_feature=0 23 33 32 33 35 35 33 33 10 39 27 39 33
split_gain=1.90401 1.79898 2.72975 9.13869 5.63676 5.30253 4.15895 7.28639 4.27248 3.7923 3.67737 6.79694 4.96551 3.6399
threshold=0.048839270449049905 0.010960735062520046 0.87053001277139219 0.92134420697412833 0.79932885906040274 0.013260130544136941 0.0074051600143832949 0.94229740174802312 0.93656382740889799 0.56526770845523444 0.0044318812238088043 8.5000000000000018 0.0046672180860561274 0.83895461267205107
decision_type=2 2 2 2 2 2 2 2 2 2 2 2 2 2
left_child=1 -1 3 4 10 9 8 -8 -4 -5 -3 -12 -13 -6
right_child=-2 2 6 5 13 -7 7 -9 -10 -11 11 12 -14 -15
leaf_value=0.0011918254962264997 -0.01860560443461216 -0.0091163688353262905 0.016104285012522802 0.021571491505500168 0.028252795780512083 0.047324706321022869 -0.02088066606294732 -0.00089504707627072817 -0.0077269279287252683 -0.015684126202100541 -0.017406488724239621 0.038375778833275032 0.0026892048020549179 -0.001493277595177922
leaf_weight=1544.6650072033517 8.3539508506655675 155.00853552436456 33.131736842915416 10.149926219135528 17.886671952903271 10.522226305678485 77.541281003970653 102.96817982150242 32.778404382988811 7.7436445690691462 17.171531904488802 11.498051203787325 25.863514708355069 17.810574140399694
leaf_count=23222 116 2582 466 132 262 127 1316 1891 496 102 256 132 484 269
internal_value=0.000214648 0.000335558 -0.00219476 0.00124013 -0.00206184 0.0257818 -0.00595809 -0.00981165 0.0045434 0.00554451 -0.00526006 0.00554642 0.016905 0.0150514
internal_weight=2073.09 2064.74 520.074 273.655 245.239 28.4158 246.42 180.509 65.9101 17.8936 209.542 54.5331 37.3616 35.6972
internal_count=31853 31737 8515 4346 3985 361 4169 3207 962 234 3454 872 616 531
is_linear=0
shrinkage=0.05


Tree=446
num_leaves=15
num_cat=0
split_feature=41 21 36 41 2 39 39 22 9 33 39 16 39 39
split_gain=1.76244 7.41727 6.62952 6.37442 5.54669 4.68246 5.58186 5.24733 5.73236 5.25481 4.5289 4.8385 4.28319 4.02586
threshold=-0.022282291837151299 0.47944347319347325 -0.0079339755193866251 -0.040823845695574422 -0.038069032914393612 0.0086150120992855243 0.0040174598924916207 1.0000000180025095e-35 1.7333575071882221 0.025642898889538284 0.0039119251134916598 1.0976663836017269 0.0044863756876359585 0.0018082428568711455
decision_type=2 8 2 2 2 2 2 2 2 2 2 10 2 2
left_child=1 2 10 4 -4 6 7 -3 9 -9 11 -1 -8 -5
right_child=-2 5 3 13 -6 -7 12 8 -10 -11 -12 -13 -14 -15
leaf_value=-0.026501146066797772 -0.00090906486800773493 0.010263663508112508 0.02188089128710461 -0.0026241283282332295 -0.022954313685520533 0.031746665980387855 -0.02772050069813628 0.0083768329686108433 0.015375893910678321 -0.026697561822623079 0.010510325758876447 0.016120244699383734 -0.0054107572373196695 0.029944886709614257
leaf_weight=19.774089551530782 1665.4920559553429 85.920916494913399 6.7941988529637483 10.121929676271973 11.98905541654676 4.6982130371034136 27.176918236538768 12.267929110210387 14.438721651211379 31.813510459847748 28.27453174488619 5.3195785470306864 75.342338940594345 63.613869418390095
leaf_count=350 24870 1480 93 126 203 66 546 174 205 509 492 95 1533 914
internal_value=-0.000193854 0.00277655 0.0115489 0.0193095 -0.00554611 -0.00243475 -0.00370211 0.00263575 -0.0084901 -0.0170773 -0.00240647 -0.0162887 -0.0123389 0.0255913
internal_weight=2063.04 397.546 145.887 92.5191 18.7833 251.659 246.96 144.441 58.5202 44.0814 53.3682 25.0937 102.519 73.7358
internal_count=31656 6786 2273 1336 296 4513 4447 2368 888 683 937 445 2079 1040
is_linear=0
shrinkage=0.05


Tree=447
num_leaves=15
num_cat=0
split_feature=43 14 42 9 8 14 6 32 35 42 44 44 0 44
split_gain=2.2094 2.57948 2.12799 3.51355 3.46018 3.14685 3.5365 3.0933 2.91887 2.39815 2.86339 3.50245 4.23446 3.51932
threshold=0.20648038829857016 1.7097592401613311 0.087274954724619172 0.4536640433638785 1.3962333989922542 0.62243787388289429 2.9281789494891739 0.080672496779879352 -0.017213845023627602 0.16118207404200044 0.74308741080530083 0.93885340395700279 -0.013141389450151196 0.97152988855116529
decision_type=2 2 2 2 2 2 2 2 2 2 2 2 2 2
left_child=1 2 3 5 7 6 -1 -5 -7 -4 -11 12 -12 -13
right_child=-2 -3 9 4 -6 8 -8 -9 -10 10 11 13 -14 -15
leaf_value=0.022723094898676133 0.00051879313130030833 0.018074742922507294 -0.016358219268952996 -0.0049412401888639951 -0.0030586449314301475 0.015615686256741777 -0.016695212438707859 0.030782227256605905 -0.01694151014808187 0.002817035884024429 0.0054083894382142925 0.019538057989311734 -0.023264165796555575 -0.014414631756912807
leaf_weight=11.396308900788425 1738.1804555440322 8.0357190323993546 53.454497877508402 6.566693861968818 24.119921049103141 4.0302894599735728 4.3878941740840665 17.791503292741254 43.142653684131801 73.874330191407353 15.094962386414407 13.051488304510714 45.412288286723197 8.6057039210572821
leaf_count=160 26561 117 859 109 345 65 70 263 659 1336 284 188 648 117
internal_value=-0.000195451 -0.00392064 -0.00474021 0.000829636 0.0103847 -0.00675062 0.0103849 0.0219502 -0.01293 -0.00765324 -0.00425585 -0.0104119 -0.0162443 0.00587345
internal_weight=2067.14 328.964 320.929 111.435 48.4781 62.9571 15.7842 24.3582 47.1729 209.493 156.039 82.1644 60.5073 21.6572
internal_count=31781 5220 5103 1671 717 954 230 372 724 3432 2573 1237 932 305
is_linear=0
shrinkage=0.05


Tree=448
num_leaves=15
num_cat=0
split_feature=0 34 32 32 32 28 5 19 26 33 41 28 37 20
split_gain=2.02792 4.42066 4.30541 3.40136 6.90095 3.88434 3.43521 3.30107 3.10435 3.08455 4.84992 4.8247 3.56438 5.43413
threshold=0.0078398951134368584 -0.031102803971017997 0.13855013550135506 0.95292516145371675 0.9653975095785442 4.5000000000000009 -0.11045596664325762 0.015146323590842004 4.5000000000000009 0.19477306336025482 -0.018536337560868251 1.5000000000000002 -0.0091483848631896385 5.2339482831559296
decision_type=2 2 2 2 2 2 2 2 2 2 2 2 2 2
left_child=8 -2 -3 9 6 -6 -5 -7 -1 -4 11 -11 13 -12
right_child=1 2 3 4 5 7 -8 -9 -10 10 12 -13 -14 -15
leaf_value=-0.0013833069743666396 0.019371815129724478 -0.018789496951894254 -0.010078941864022728 0.013948056141455735 0.0074617380722798235 -0.017200072279749418 -0.023110950794828077 0.012681052411663583 0.0091925971891875461 0.043455664836582218 -0.0018402699463103416 -0.0011994029092131419 0.0026800211864518378 0.031211132156789757
leaf_weight=1110.1156752980314 31.956282274797559 19.984445612877607 32.306184362620115 3.8179111890494815 97.869391214102507 31.394052874296904 43.571940767113119 8.3504760125651938 69.017501228488982 10.635753305628898 21.372081702575088 9.4384697088971716 552.18119881115854 23.088484251871705
leaf_count=17875 402 227 420 69 1795 591 762 128 1191 144 250 141 7485 267
internal_value=0.000629544 0.00243034 0.00168734 0.00228704 -0.0036244 0.00218003 -0.0190791 -0.0102064 -0.000728072 0.00398692 0.00479889 0.0264074 0.00385844 0.0167435
internal_weight=2065.1 885.967 854.01 834.026 185.004 137.614 47.3899 39.7445 1179.13 649.022 616.716 20.0742 596.642 44.4606
internal_count=31747 12681 12279 12052 3345 2514 831 719 19066 8707 8287 285 8002 517
is_linear=0
shrinkage=0.05


Tree=449
num_leaves=15
num_cat=0
split_feature=43 43 18 23 39 40 16 16 17 36 18 13 41 14
split_gain=1.77262 3.06714 4.30681 3.09991 4.22319 3.33688 6.98141 6.41514 5.00035 3.46809 3.35154 3.50722 3.38536 3.30396
threshold=0.55918857600427074 0.69258241758241768 0.15127639470319512 -0.038625795388164789 0.0040174598924916207 1.0000000180025095e-35 0.45141342848965793 1.0976663836017269 2.54575217007962 -0.010048787579985672 0.13210193691225691 0.01477471056214477 -0.0014339709978078428 1.2243664749081697
decision_type=2 2 2 2 2 2 8 8 2 2 2 2 2 2
left_child=-1 2 -2 4 -3 7 8 9 -7 -5 11 12 -9 -10
right_child=1 3 -4 5 -6 6 -8 10 13 -11 -12 -13 -14 -15
leaf_value=-0.0015940637600135423 0.0093158505771407385 -0.0081502801663179743 -0.0057684849446378323 0.001522601109068657 0.033700590428975601 0.013913174359483202 -0.0020557795422477244 0.015358880469412259 -0.017500958453123164 -0.012908639817873185 -0.0072092008946874038 0.034431359296171415 -0.010246328396299683 0.016837865808187535
leaf_weight=943.00729869119823 206.70234026946127 7.3568063462153104 57.235154903959483 54.335557045415044 10.126391688361762 137.52552232332528 373.37483885046095 28.08776515442878 20.26201701164246 160.31544729135931 25.322095832321793 10.194110118784009 16.782461343333125 5.2459032963961354
leaf_count=15416 3354 89 977 945 128 2053 5213 454 250 2045 343 130 204 66
internal_value=-3.64028e-06 0.00134514 0.00599836 -0.000128234 0.0181939 -0.000619956 0.00172797 -0.00484638 0.0101967 -0.00930409 0.00690457 0.0134548 0.00571485 -0.00883673
internal_weight=2055.87 1112.87 263.937 848.929 17.4832 831.446 536.408 295.037 163.033 214.651 80.3864 55.0643 44.8702 25.5079
internal_count=31667 16251 4331 11920 217 11703 7582 4121 2369 2990 1131 788 658 316
is_linear=0
shrinkage=0.05


Tree=450
num_leaves=15
num_cat=0
split_feature=23 11 15 39 11 39 13 39 38 38 39 42 18 19
split_gain=2.67155 2.61715 1.66498 1.72053 1.51743 3.66341 4.68524 4.62469 4.6031 4.48232 5.37043 4.01674 3.67017 3.63585
threshold=0.040860066443871641 0.51299812348977125 2.3214111969443665 0.0049336053215082703 0.50822715109872962 0.0043325440964272375 0.017671886460952357 0.0038057527281756512 1.3678439522742425 1.2285083024280856 0.0041912337653502302 0.97993288590604044 0.092745881779626144 0.0095352755273610586
decision_type=2 2 2 2 2 2 2 2 2 2 2 2 2 2
left_child=4 2 -2 -4 -1 7 -7 12 11 -9 -11 -8 -6 -14
right_child=1 -3 3 -5 5 6 8 9 -10 10 -12 -13 13 -15
leaf_value=-0.00070913959196315472 -0.010549495760977107 -0.018328674466305771 0.01951389597013577 -0.0072913672492203076 0.0079895905866680644 0.0034424164595387623 0.035145240341020796 8.7092244364374532e-05 -0.0025150347336112548 -0.030216843111280308 0.0056687395220780369 -0.0055772405613790628 -0.010142908149130967 0.0019482862136569687
leaf_weight=1143.5571005009115 12.060661487746986 32.944123161025345 10.836034456267955 6.2694403752684584 155.02772534033284 234.74300783476792 29.60021591745317 54.738217101432383 15.784945422317831 32.323334591463208 12.529405968263744 5.8291706144809714 80.273572100326419 225.34219341306016
leaf_count=18159 228 552 193 127 2040 3747 386 791 220 508 228 55 1158 3208
internal_value=0.000148168 -0.0096646 0.00137188 0.0102623 0.000477932 0.0020769 0.00662866 -0.000284509 0.0196278 -0.00978307 -0.0206292 0.0285841 0.00185207 -0.00133976
internal_weight=2051.86 62.1103 29.1661 17.1055 1989.75 846.192 285.957 560.234 51.2143 99.591 44.8527 35.4294 460.643 305.616
internal_count=31600 1100 548 320 30500 12341 4408 7933 661 1527 736 441 6406 4366
is_linear=0
shrinkage=0.05


Tree=451
num_leaves=15
num_cat=0
split_feature=21 4 27 0 10 11 27 14 42 14 19 27 42 43
split_gain=2.47041 3.56269 3.63497 3.41787 3.29175 3.23822 3.30638 3.07301 2.91787 3.22587 3.00303 2.86214 2.38405 3.92101
threshold=0.070907272094641635 -0.087236680305334866 5.5000000000000009 0.013365952670060135 0.41150012927780083 0.51802877605182773 13.500000000000002 0.65371894490714799 0.10075573853702556 0.73094402944026038 0.011128020372583763 10.500000000000002 0.16722595078299779 0.34167187825724415
decision_type=8 2 2 2 2 2 2 2 2 2 2 2 2 2
left_child=1 -1 4 5 -3 11 -7 -5 9 -2 -11 -4 13 -10
right_child=8 2 3 7 -6 6 -8 -9 12 10 -12 -13 -14 -15
leaf_value=-0.016947850906869715 0.016964245592784137 0.017838275176472237 -0.0066587649627223482 -0.002480716477182756 -0.018099818307932863 0.012035975725236207 -0.023856863230026046 0.038802603111362424 -0.015278428222652438 -0.0080534356013840583 0.0071281222619485277 0.02232005476044676 -0.00058989922242292812 0.004957561878260925
leaf_weight=8.9552651774138194 41.761547598056495 4.8193675652146366 9.0331628536805493 5.0073612174019244 14.640420329757033 7.320163011550906 9.5855884663760644 16.018095725215971 64.25778569187969 46.722585045965388 83.365613603033125 26.681274226866663 1702.2797297942452 33.552197128068656
leaf_count=126 644 68 131 58 185 99 131 204 1043 740 1324 392 26094 573
internal_value=-3.83079e-05 0.00735933 0.0104419 0.0153185 -0.0073724 0.00718503 -0.00911547 0.030383 -0.000438829 0.0056919 0.00157924 0.0150729 -0.00103826 -0.00843328
internal_weight=2074 102.061 93.1054 73.6456 19.4598 52.6202 16.9058 21.0255 1971.94 171.85 130.088 35.7144 1800.09 97.81
internal_count=31812 1394 1268 1015 253 753 230 262 30418 2708 2064 523 27710 1616
is_linear=0
shrinkage=0.05


Tree=452
num_leaves=15
num_cat=0
split_feature=27 32 25 16 39 28 16 44 16 39 39 16 41 21
split_gain=1.99109 6.96742 2.75661 2.44082 4.02943 4.09067 5.69841 5.15616 3.64499 3.6583 7.80861 5.26079 5.3724 6.98934
threshold=2.5000000000000004 0.051949025487256377 2.2500000000000004 0.73173199105052322 0.0022590704591998021 4.5000000000000009 0.76443927426562563 0.82072218607677305 0.77034063330819846 0.0036347139623045658 0.0037307622036984417 0.85055119149298264 -0.022775352741304985 0.59930555555555565
decision_type=2 2 2 8 2 2 10 2 8 2 2 8 2 10
left_child=1 2 -1 -2 5 7 -7 -5 -6 11 -11 -10 13 -13
right_child=3 -3 -4 4 8 6 -8 -9 9 10 -12 12 -14 -15
leaf_value=0.0025638607901845179 0.0020150319919734799 -0.0011109587110445622 -0.033328907877870281 0.037887259203859228 -0.017837277241329025 0.016247059279773268 -0.0064767003590008813 0.0015337337342385313 0.011053694427816105 0.03098985659848405 -0.00088336748075471005 0.021437433713841578 -0.013184393335800052 -0.014858088637015208
leaf_weight=5.8863216489553478 1006.0456801056862 206.66737286373973 20.91518040234223 14.429983939975498 35.647096650674939 35.618927001953125 81.067154922522604 20.47424581926316 31.595174541696906 15.27430565562099 364.21530320355669 24.810419058892876 184.92020291602239 19.259178934618831
leaf_count=98 15660 2908 432 204 617 423 1127 252 453 220 5992 414 2671 380
internal_value=-0.00019292 -0.00449102 -0.0262822 0.000365147 -0.00164123 0.00560524 0.000842388 0.019427 -0.00329613 -0.00235432 0.000785834 -0.00685602 -0.00951054 0.00567793
internal_weight=2066.83 233.469 26.8015 1833.36 827.312 151.59 116.686 34.9042 675.722 640.075 379.49 260.585 228.99 44.0696
internal_count=31851 3438 530 28413 12753 2006 1550 456 10747 10130 6212 3918 3465 794
is_linear=0
shrinkage=0.05


Tree=453
num_leaves=15
num_cat=0
split_feature=37 35 4 17 38 41 44 23 3 18 0 32 19 37
split_gain=1.5943 3.10213 1.72889 4.05562 2.86945 2.70836 2.34343 2.07494 2.03051 1.93093 2.85827 3.15326 2.1907 1.74977
threshold=0.055498251672459926 0.024607997380695249 0.14852627793507747 2.4369468802524588 1.0184057279160619 0.034580269327092523 0.96589918018489451 0.039555189506442552 0.048335476279237295 0.2534564993538822 0.0046511627906976613 0.32750991760756792 0.014479811345785848 0.049001476752028934
decision_type=2 2 2 2 2 2 2 2 2 2 2 2 2 2
left_child=2 -2 7 4 8 -6 -5 9 -4 13 -11 -12 -13 -1
right_child=1 -3 3 6 5 -7 -8 -9 -10 10 11 12 -14 -15
leaf_value=6.4400079255007119e-05 -0.02037382511432663 0.0088187515702401152 -0.014154698773625091 -0.018769946205843716 0.032803188577635249 -0.0014036218315050574 0.010141535683716632 -0.013115092323429929 0.010972431313381964 -0.020522754393586459 0.02297115412071284 0.010046499926011022 -0.021465998718213176 0.01313181153106574
leaf_weight=1871.4485255500767 20.390754374675456 10.624357920140026 8.1298820013180393 14.603782731108369 19.124828481115404 7.0893116649240246 6.9929195325821629 25.675051064230502 15.83892051130533 22.486029215157032 6.945621250197294 5.4074121406301847 8.6506612654775363 20.974129058420658
leaf_count=28659 387 264 94 215 255 132 91 500 247 403 70 67 93 324
internal_value=-0.000109779 -0.0105378 7.47385e-05 0.00743519 0.014809 0.0248093 -0.00926187 -0.000212819 0.00147759 -8.35717e-06 -0.00986088 0.00330483 -0.00988909 0.000243452
internal_weight=2064.38 31.0151 2033.37 71.7796 50.1829 26.2141 21.5967 1961.59 23.9688 1935.91 43.4897 21.0037 14.0581 1892.42
internal_count=31801 651 31150 1034 728 387 306 30116 341 29616 633 230 160 28983
is_linear=0
shrinkage=0.05


Tree=454
num_leaves=15
num_cat=0
split_feature=24 14 4 39 27 23 39 39 42 44 14 32 33 37
split_gain=1.81638 4.24488 2.86643 5.10115 5.74348 5.73507 5.3241 5.16351 5.55466 5.09441 3.98376 3.89306 4.62288 4.899
threshold=0.037903656590996496 0.5340529863424085 -0.048878176943738631 0.0034048941301260071 11.500000000000002 -0.010847785568523447 0.0029883216966102772 0.0024427568091758187 0.7450322410843534 0.8878430682617876 0.63199016103694705 0.053394310150264308 0.040899966543994651 -0.015944761768246048
decision_type=2 2 2 2 2 2 2 2 2 2 2 2 2 2
left_child=2 -2 3 4 6 -5 7 -1 9 -9 -6 -4 -13 -14
right_child=1 -3 11 5 10 -7 -8 8 -10 -11 -12 12 13 -15
leaf_value=-0.004315399039034171 0.024622814289600805 -0.006883499150900591 0.012063470520918794 0.0047286471212478962 0.0023376021660267967 -0.0138802553738197 -0.02160988727518412 0.045137250802425324 -0.0161715476488653 -0.00089375382996001538 -0.022128503990500658 0.024870835816710457 -0.010189356306071914 0.0013837252028201196
leaf_weight=44.816053170710802 6.5752014415338627 158.59936440549791 77.933800106402487 225.65326750418171 19.707375065423548 45.503577083814889 17.075710208155215 14.169690310955053 4.7069704364985219 8.4782872125506383 77.687301482539624 14.825202393811194 93.608691519591957 1255.4463463563006
leaf_count=693 75 2064 1461 3830 271 816 322 178 52 110 1341 313 1638 18608
internal_value=6.60382e-06 -0.0049427 0.0004488 -0.00297776 -0.0092244 0.00141107 4.47162e-05 0.00623638 0.0215189 0.0308602 -0.0173055 0.00154332 0.000900314 0.000546028
internal_weight=2064.79 165.175 1899.61 457.798 186.641 271.157 89.2467 72.171 27.3549 22.648 97.3947 1441.81 1363.88 1349.06
internal_count=31772 2139 29633 7613 2967 4646 1355 1033 340 288 1612 22020 20559 20246
is_linear=0
shrinkage=0.05


Tree=455
num_leaves=15
num_cat=0
split_feature=24 11 14 11 5 10 37 44 11 15 17 33 3 3
split_gain=2.50809 3.32555 2.81199 2.85374 2.63987 2.9378 2.36205 2.10479 2.60473 2.47809 2.8419 2.64412 2.58532 4.55855
threshold=0.037903656590996496 0.56345441322239653 0.50795287631147035 0.48095958948967554 0.11439114391143902 0.53609247878423316 -0.011874836926434594 0.4006802721088436 0.43795473354438014 1.539194302106589 -2.7254498471667152 0.040336248389939676 0.043404861960049675 0.058707744027972304
decision_type=2 2 2 2 2 2 2 2 2 2 2 2 2 2
left_child=7 2 -2 -4 6 -6 -5 -1 9 -9 -11 -12 -13 -14
right_child=1 -3 3 4 5 -7 -8 8 -10 10 11 12 13 -15
leaf_value=-0.005535091503453572 0.018884685568810854 0.014052203023699096 -0.0011453520276119334 -0.0041958493587339269 0.013038569212237658 -0.015629212868568269 -0.026662142177481946 0.0047586151810201753 0.0014900494868920911 0.0043534097872957875 0.0049993447998926263 -0.014608285926787777 0.024486854034646188 -0.015583447720798017
leaf_weight=143.44896281976253 4.4645156236365429 13.823463262524454 58.261461476329714 18.346143654547632 12.86774154007435 12.928105754777787 42.49820912303403 61.174788974225521 1481.3179679580498 45.187366280704737 24.324797993991524 120.25386873586103 8.7129292655736226 9.9254057002253813
leaf_count=2702 57 165 813 269 140 143 533 851 22506 762 498 1938 114 166
internal_value=-0.000336649 -0.00618828 -0.00845597 -0.00990016 -0.0154036 -0.00153373 -0.020721 0.000182406 0.000665262 -0.00381149 -0.0063797 -0.00939229 -0.0119989 0.00436567
internal_weight=2057.54 163.19 149.366 144.902 86.6402 25.7958 60.8444 1894.35 1750.9 269.579 208.404 163.217 138.892 18.6383
internal_count=31657 2120 1955 1898 1085 283 802 29537 26835 4329 3478 2716 2218 280
is_linear=0
shrinkage=0.05


Tree=456
num_leaves=15
num_cat=0
split_feature=41 37 12 38 34 24 6 19 44 34 34 33 36 27
split_gain=1.89153 5.20076 5.80191 6.23036 3.12407 2.81308 1.71642 4.11731 2.5788 1.71347 7.29841 4.1445 5.60833 3.66786
threshold=0.050035819308260183 0.038857049345527812 66.101163679749945 0.7066687792874885 0.097756304357771398 0.034202159718737996 1.5232339123818408 0.011785657369143472 0.5069933489827857 -0.009894429985293161 -0.0046647246180501747 0.20837467172454044 0.0065335368045803541 2.5000000000000004
decision_type=2 2 2 2 2 2 2 2 2 2 2 2 2 2
left_child=4 2 -2 5 6 -4 7 8 -1 11 -11 13 -13 -8
right_child=1 -3 3 -5 -6 -7 9 -9 -10 10 -12 12 -14 -15
leaf_value=-0.003154533103832543 0.0295049697186072 0.035188069363447885 -0.010239276389393146 -0.031420299322698179 -0.024963158563416285 0.03102077051543799 -0.010628779784424851 -0.0064369154378043948 0.034673078837072928 0.013969448137325466 -6.9497207249151057e-05 -0.014771203805741893 0.020352052204776622 0.00086003195696934028
leaf_weight=5.106753014028075 5.7426871554926064 9.2981051541864854 4.0442779529839772 13.155376484151928 7.4847448421642175 4.340138265863061 73.387823142576963 16.654381401371211 11.680382569320498 96.055914776399732 1102.6864508327562 93.476981213316321 8.454878179356454 606.29737859405577
leaf_count=84 97 181 75 259 147 58 1231 255 160 1248 16062 1260 107 10523
internal_value=0.000188425 0.0107447 -0.00174563 -0.0140663 -2.86606e-05 0.0147284 0.000125611 0.0105899 0.0250826 -7.73193e-05 0.0011088 -0.00189193 -0.0110424 -0.000449012
internal_weight=2057.87 36.5806 27.2825 21.5398 2021.29 8.38442 2013.8 33.4415 16.7871 1980.36 1198.74 781.617 101.932 679.685
internal_count=31747 670 489 392 31077 133 30930 499 244 30431 17310 13121 1367 11754
is_linear=0
shrinkage=0.05


Tree=457
num_leaves=15
num_cat=0
split_feature=0 2 30 3 19 8 32 30 10 10 3 7 3 16
split_gain=1.83261 4.75983 4.65063 6.14809 4.41803 3.89556 3.16471 3.0689 2.90542 6.02755 5.19528 4.54988 2.70986 2.57597
threshold=0.021062344573738016 0.04497269566501539 6.8500000000000005 0.062298075963555972 0.0091185410334346812 1.156947033961073 0.15438709040663248 10.4 0.51412948420301052 0.5831783834650498 0.036096860448145536 1.9971588989009301 0.10259291270527228 0.83691490606235475
decision_type=2 2 2 2 2 2 2 2 2 2 2 8 2 8
left_child=-1 2 5 4 7 -2 -6 -4 -3 10 -10 -12 -13 -11
right_child=1 8 3 -5 6 -7 -8 -9 9 13 11 12 -14 -15
leaf_value=-0.00072599450772280552 -0.017473022827460834 -0.014686947942714693 0.014903543346253365 -0.013260379303605827 -0.0045677245232800144 0.0087554284936057665 0.030058462798260757 -0.021048421202180471 -0.01351342951575208 0.0048016277170913673 -0.01056263584682233 0.030535558454816553 0.00057662588763622005 -0.018948988379162771
leaf_weight=1787.9765619654208 19.23560705082491 33.119882015977055 7.3223122740164381 11.560849426314233 6.0135902445763341 29.247548885177821 57.819992320612073 6.5673976447433233 13.167956642806528 14.127585988491772 8.6188322752714139 31.954586139880121 9.7306042090058309 31.479600871447474
leaf_count=27951 313 452 93 160 58 442 727 72 176 185 130 383 151 430
internal_value=-0.000134344 0.00359061 0.0100507 0.0165302 0.021495 -0.00231133 0.0267016 -0.0031673 -0.00279697 0.00129868 0.0109178 0.0179566 0.024353 -0.0118443
internal_weight=2067.94 279.966 137.767 89.2841 77.7233 48.4832 63.8336 13.8897 142.199 109.079 63.472 50.304 41.6852 45.6072
internal_count=31723 3772 1865 1110 950 755 785 165 1907 1455 840 664 534 615
is_linear=0
shrinkage=0.05


Tree=458
num_leaves=15
num_cat=0
split_feature=8 8 43 13 42 38 16 28 42 32 41 2 39 42
split_gain=2.23745 3.58492 3.41055 2.88902 4.4984 3.51575 3.68019 2.94043 2.90402 2.80255 5.56025 4.70027 4.64385 3.5731
threshold=3.0852981903230243 1.0676106889478418 0.98813395142876925 0.014480822034243447 0.94906606710480823 1.6122572433152016 0.22082977719839716 1.0000000180025095e-35 0.99326591692363519 0.94352909912304017 0.0031186844387960382 0.021626298589309648 0.0031572565324953826 0.89099909990999115
decision_type=2 2 2 2 2 2 10 2 2 2 2 2 2 2
left_child=1 -1 3 7 -5 6 -6 -3 -8 10 13 -12 -11 -9
right_child=-2 2 -4 4 5 -7 8 9 -10 12 11 -13 -14 -15
leaf_value=-0.00082700596627728021 -0.00479656138804096 -0.0086615718351187483 -0.020067449747663203 0.0042386411310341258 -0.0026370645384464733 -0.0039966027209533571 0.036626406618516315 0.0048994402155730955 0.0032220505792724275 -0.02397779224493848 -0.0033173029788190374 0.023340977193946847 0.0042706691008569508 -0.012029237989290759
leaf_weight=1281.7684510713443 205.09083471307531 54.870967893861234 9.6338002979755384 173.17551584588364 9.2782472204416973 11.501215005293487 32.884647231549025 104.33012098958716 9.0969752520322782 17.843044799752533 21.036262806504965 56.718226823955774 36.795973232015967 38.601078960113227
leaf_count=19778 3142 939 130 2821 107 130 335 1760 92 317 298 743 664 473
internal_value=9.51018e-05 0.000646618 0.00390607 0.00448614 0.00865215 0.0196189 0.0248018 0.00142471 0.0305013 0.0035535 0.00604984 0.016364 -0.00619106 7.54989e-05
internal_weight=2062.63 1857.53 575.766 566.132 235.937 62.7611 51.2599 330.196 41.9816 275.325 220.686 77.7545 54.639 142.931
internal_count=31729 28587 8809 8679 3485 664 534 5194 427 4255 3274 1041 981 2233
is_linear=0
shrinkage=0.05


Tree=459
num_leaves=15
num_cat=0
split_feature=41 28 41 14 37 37 28 32 7 39 39 44 41 3
split_gain=1.67921 2.83006 2.37069 2.61611 2.28232 9.08995 3.45946 4.29766 3.10025 4.66189 7.80211 5.58429 6.4293 4.88905
threshold=-0.067021430731697293 5.5000000000000009 -0.057088843239907809 0.92000294953400508 -0.026125988270423391 -0.024506591610810421 1.5000000000000002 0.067340830763649565 1.0311726470016718 0.0037159571762567403 0.0041294735289663107 0.96070711749266646 0.002126144979945122 -0.044720691112813675
decision_type=2 2 2 2 2 2 2 2 8 2 2 2 2 2
left_child=1 -1 3 -2 8 6 -6 -8 -4 -10 -11 12 -12 -14
right_child=2 -3 4 -5 5 -7 7 -9 9 10 11 -13 13 -15
leaf_value=-0.024895777718374111 -0.0073610436561463493 0.0087235478344120775 0.013004699091090198 0.022683342948314755 -0.0044573927034776166 -4.2272384540469255e-05 0.046378369249157669 -0.0021292173914861947 -0.026367064775674076 0.024899861064267503 -0.02158748343844899 0.017402699884653604 0.030366727474530036 -0.010942217141478557
leaf_weight=11.68010134343058 7.6894943537190583 6.7862486597150555 14.686276076361535 17.947219129651785 5.6132759023457792 1840.7327443067916 14.603585982695224 5.3997026272118083 23.842608733102679 15.284006227739154 61.636366399005055 12.466181346215306 8.3438382251188177 11.434590986929832
leaf_count=239 130 154 254 271 121 27465 216 73 513 268 1521 223 110 180
internal_value=-1.56136e-05 -0.0133146 0.000137055 0.0139412 -7.27467e-05 0.000407037 0.0274274 0.0354769 -0.00595038 -0.00843867 -0.00353967 -0.00919464 -0.0140385 0.00909573
internal_weight=2058.15 18.4664 2039.68 25.6367 2014.04 1866.35 25.6166 20.0033 147.694 133.008 109.165 93.881 81.4148 19.7784
internal_count=31738 393 31345 401 30944 27875 410 289 3069 2815 2302 2034 1811 290
is_linear=0
shrinkage=0.05


Tree=460
num_leaves=15
num_cat=0
split_feature=5 39 39 23 39 33 28 21 27 42 28 37 27 33
split_gain=1.62436 4.40319 6.79051 4.71901 4.13644 4.13079 5.77979 4.03622 5.59835 3.6268 3.14606 3.54173 2.99746 2.80578
threshold=-0.1302618394684105 0.0067029209049772409 0.0039788946014328525 -0.0093369389451735656 0.0065367221567237234 0.69819963779695338 4.5000000000000009 0.66252889060092468 15.500000000000002 0.37727573651108909 3.5000000000000004 -0.011874836926434594 3.5000000000000004 0.94491800910207335
decision_type=2 2 2 2 2 2 2 10 2 2 2 2 2 2
left_child=1 2 9 10 -2 6 -4 13 12 -1 11 -3 -9 -6
right_child=4 3 5 -5 7 -7 -8 8 -10 -11 -12 -13 -14 -15
leaf_value=0.0084587037124244074 0.0013121303018449912 0.04219178200520713 -0.027250239059050319 -0.016583744094560433 -0.024258718990778035 0.003593321202855194 0.0039539558947213485 -0.007893583056814606 -0.017015530672898644 -0.0073238076779856085 -0.0049116809921423248 -0.0017367273839836738 0.025079697179347382 0.0061763694493049935
leaf_weight=76.939640824683011 1713.1963362726383 12.487017643637961 60.67312419693917 6.5452252030372611 37.415401128586382 21.147246956359595 17.674352603033185 7.1272365292534259 18.207279822323471 60.636884158477187 6.6008243430405846 5.7017299761064377 17.456615207251161 7.0699627082794896
leaf_count=1143 25679 156 1276 124 734 332 286 142 424 993 79 95 280 125
internal_value=0.000216921 -0.0033753 -0.00575702 0.0129567 0.000760297 -0.0153692 -0.020396 -0.00955608 0.00151898 0.00148966 0.0222307 0.031016 0.0158018 -0.0192864
internal_weight=2068.88 268.406 237.071 31.3348 1800.47 99.4947 78.3475 87.2765 42.7911 137.577 24.7896 18.1887 24.5839 44.4854
internal_count=31868 4484 4030 454 27384 1894 1562 1705 846 2136 330 251 422 859
is_linear=0
shrinkage=0.05


Tree=461
num_leaves=15
num_cat=0
split_feature=19 19 43 41 28 43 24 2 32 16 16 6 30 27
split_gain=2.5877 4.10326 4.03137 3.8511 6.17996 5.59711 4.0868 3.72615 3.38719 3.29192 3.17411 3.15458 4.356 3.08102
threshold=0.012686485818078505 0.013650513310972827 0.53025218629245485 0.0063314530634024932 2.5000000000000004 0.85764944275582577 0.038022117753664521 -0.042113214372303191 0.90496715927750426 0.15972415984663721 1.2372578862297556 1.863178890544974 8.0500000000000025 11.500000000000002
decision_type=2 2 2 2 2 2 2 2 2 8 8 2 2 2
left_child=-1 -2 7 9 -5 6 11 -3 -7 -4 13 -6 -13 -9
right_child=1 2 3 4 5 8 -8 10 -10 -11 -12 12 -14 -15
leaf_value=0.0011326163223494032 -0.0088541075658045663 0.002587303876639599 -0.0083006234175722893 -0.015900438549714284 -0.011025407488448026 -0.020202144898422376 0.03889728505273387 -0.0047857811387828743 0.0061556245366482425 0.010178622916904922 0.0045349808923590869 0.027636891401339621 -0.009312964244956614 -0.022596240446845106
leaf_weight=1337.8434131841641 186.43005720898509 79.820927066728473 24.225106729194522 52.705959541723132 13.118003606796263 21.198558973148465 9.1720517529174668 47.657831165939569 19.411351165734231 164.99053247505799 24.143164633773267 17.544629435986284 9.2451462820172292 52.863751602824777
leaf_count=21129 3007 1313 326 808 190 256 89 664 287 2177 309 231 111 901
internal_value=-0.000168918 -0.00257008 -0.000323164 0.0030689 -0.00308459 0.00488854 0.0155676 -0.00576598 -0.0083096 0.00765995 -0.011008 0.00647194 0.0154263 -0.0147791
internal_weight=2060.37 722.527 536.097 331.611 142.396 89.6897 49.0798 204.486 40.6099 189.216 124.665 39.9078 26.7898 100.522
internal_count=31798 10669 7662 4475 1972 1164 621 3187 543 2503 1874 532 342 1565
is_linear=0
shrinkage=0.05


Tree=462
num_leaves=15
num_cat=0
split_feature=43 2 9 27 19 42 20 8 6 10 20 42 43 16
split_gain=1.61138 2.2866 3.04669 2.31122 2.296 2.42876 2.14286 2.29053 2.09056 2.05902 1.90595 5.02245 3.66068 4.09979
threshold=0.053768714506969552 -0.018586246244639944 0.53075455751845524 20.500000000000004 0.011256980864092107 0.087274954724619172 30.510664284878963 -0.17466382073734807 2.3061928871144342 0.50067165832310179 9.7725474517990083 0.26778683914510693 0.18797682556071821 0.71954746049612051
decision_type=2 2 2 2 2 2 2 2 2 2 2 2 2 8
left_child=1 2 3 9 -4 -6 10 -8 -3 -1 -2 12 -12 -14
right_child=6 8 4 -5 5 -7 7 -9 -10 -11 11 -13 13 -15
leaf_value=-0.012560276888022779 0.00093518290904818537 0.0092814507563103305 0.00023845746531277643 0.023846922488321452 0.038944559496218958 0.00080256944815410838 -0.0030501023045635522 0.029300007859911156 -0.025059334949842329 0.0099944867023674146 -0.0034977509174030697 -0.0051739347895604646 5.0377235183779348e-05 0.018431260762761161
leaf_weight=22.234261449426413 1294.1311390851624 4.2949829939752799 9.0882190000265854 3.7933024838566771 13.004342272877695 5.711668085306882 8.1213177638128382 7.6891409847885361 5.1921411021612585 11.562127969227729 87.357059400528669 468.23285091901198 57.456198359839618 59.337658999953419
leaf_count=382 19330 68 136 63 180 92 104 91 75 166 1358 7817 947 905
internal_value=0.000262482 0.00722504 0.0106015 0.000778435 0.0217389 0.0299278 -1.80401e-05 0.0159425 -0.011675 -0.00455042 -0.000186467 -0.00233626 0.00414021 0.00976216
internal_weight=2057.21 74.881 65.3939 37.5897 27.8042 18.716 1982.33 15.8105 9.48712 33.7964 1966.51 672.384 204.151 116.794
internal_count=31714 1162 1019 611 408 272 30552 195 143 548 30357 11027 3210 1852
is_linear=0
shrinkage=0.05


Tree=463
num_leaves=15
num_cat=0
split_feature=14 12 3 37 27 5 36 1 10 14 5 37 6 38
split_gain=1.60233 5.76242 3.48077 4.11407 4.92508 4.44765 4.82943 3.41025 2.63305 2.38876 5.1812 4.42448 2.80012 2.35854
threshold=0.61280540251812177 68.975553441525861 0.026467050332562806 -0.0037531978987943577 7.5000000000000009 -0.10220120308895235 -0.0094455986027354704 0.019121534282402045 0.35350098132436236 0.68519008463572262 0.035916922942488612 -0.024506591610810421 4.6613654906965971 -2.1055428124723874
decision_type=2 2 2 2 2 2 2 2 2 2 2 2 2 2
left_child=1 2 3 5 -5 6 -1 13 -7 10 11 -2 -12 -6
right_child=9 -3 -4 4 7 8 -8 -9 -10 -11 12 -13 -14 -15
leaf_value=-0.02514510180230884 0.017381117310053078 -0.016169017493805466 0.022267807944774672 -0.02160304267101372 -0.011618390580727594 -0.0061556575978092163 0.012644476500576511 -0.014235578184099963 0.027922181545447667 0.000435438517470845 0.015725372033649661 -0.01499098767684464 -0.014261726948185541 0.017720230131003344
leaf_weight=9.1160749243572372 7.6211053542792788 23.572566574439406 30.194209867157042 21.144788285717368 4.8415207760408512 4.8123511020094147 16.232539685443044 11.993382939137517 31.684546530246735 1750.1889398538042 28.694371656514704 94.24581125471741 5.884791260585188 30.022899779491127
leaf_count=199 144 400 413 288 76 69 227 188 467 26967 386 1532 64 434
internal_value=0.00037064 0.00476472 0.00824447 0.00427881 -0.00411556 0.0131263 -0.00284941 0.0050978 0.0232285 -6.84732e-05 -0.00631904 -0.0118692 0.0094651 0.0126998
internal_weight=2070.25 183.615 160.042 129.848 68.0026 61.8455 25.3486 46.8578 36.4969 1886.64 136.446 101.867 34.5792 34.8644
internal_count=31854 2761 2361 1948 986 962 426 698 536 29093 2126 1676 450 510
is_linear=0
shrinkage=0.05


Tree=464
num_leaves=15
num_cat=0
split_feature=32 2 40 39 37 7 37 36 36 23 32 33 30 15
split_gain=1.94759 4.03311 5.34315 4.04539 5.24247 4.23941 3.93699 3.4465 7.42951 5.73815 4.02619 3.37371 3.36031 3.35035
threshold=0.20837467172454044 -0.011988894688665539 1.0000000180025095e-35 0.0023729402593236095 -0.0026767188167755025 5.0639580550876708 -0.026125988270423391 -0.00018058561141565119 0.0011806937509060147 -0.020480415025396267 0.093988412780359104 0.080268456375838945 11.65 2.0345189262280852
decision_type=2 2 2 2 2 10 2 2 2 2 2 2 2 2
left_child=7 6 3 4 -3 12 -2 -1 9 -9 -11 -10 -5 -6
right_child=1 2 -4 5 13 -7 -8 8 11 10 -12 -13 -14 -15
leaf_value=0.00041687296986074276 0.02416919592827434 0.020656758156396924 0.0009703766253784862 -0.020591905222843911 -0.02280603240208973 0.0057304187846449334 -0.010757822093880159 -0.0018637638795435765 -0.014202945651163715 0.0043481271337508318 0.056092710860649056 0.0088820583617416887 0.003997718238921982 0.007049999614665247
leaf_weight=680.53065710980445 3.8905352270230642 19.990481669083238 959.04312419285998 89.305197584442794 15.241484915837647 22.35884727537632 146.40888400794938 9.4331188201904315 20.747910449281335 5.9871583934873369 11.931044491007922 36.073434607125819 14.574667530134318 14.143200488761066
leaf_count=11673 68 244 14205 1147 188 243 2353 141 332 102 135 455 179 172
internal_value=-0.000360315 -0.00154719 -0.000510551 -0.008401 0.00348604 -0.013006 -0.00910469 0.00163112 0.0108744 0.0300013 0.0435236 -1.4227e-05 -0.0171168 -0.0095004
internal_weight=2049.66 1284.96 1134.66 175.614 49.3752 126.239 150.299 764.703 84.1727 27.3513 17.9182 56.8213 103.88 29.3847
internal_count=31637 18799 16378 2173 604 1569 2421 12838 1165 378 237 787 1326 360
is_linear=0
shrinkage=0.05


Tree=465
num_leaves=15
num_cat=0
split_feature=20 37 44 36 36 3 13 33 17 42 38 2 19 0
split_gain=2.55908 2.72696 3.82855 3.71729 4.45945 3.37085 3.93658 3.34406 3.38586 3.93916 3.13725 2.85857 2.90916 2.48842
threshold=0.75562622186882933 0.013341446615137921 0.90601158721964103 0.0042973897876569253 0.0020337396334233486 0.083125493554703347 0.010965048051638037 0.64575131233595806 2.2629505546072322 0.95986577181208055 2.8625662087715802 0.045923192565258904 0.0089343957816151957 -0.0054249547920433563
decision_type=2 2 2 2 2 2 2 2 2 2 2 2 2 2
left_child=1 2 3 4 11 6 -4 -3 9 -9 -10 12 -1 -2
right_child=13 7 5 -5 -6 -7 -8 8 10 -11 -12 -13 -14 -15
leaf_value=-0.0054195076775364988 -0.0014714629612547886 0.016473109030379171 0.0055324583775356127 0.0247570267773016 -0.021755252706251053 0.012048099009156604 -0.022461595331962798 -0.0079770747145647379 -0.024620936990633509 0.023014504711977794 0.0026059996436625888 -0.0081251111696613691 0.034049338062708864 0.0022932144459224752
leaf_weight=5.0858540739864138 726.1373597276397 7.3360015451908103 16.57240978255868 20.222739384509623 10.767815637402235 13.236234337091444 31.639273862354457 56.512071511242539 48.732069262769073 7.3666460402309886 12.057544902898369 9.1542382817715389 9.5613146349787694 1094.7238507375587
leaf_count=74 12708 88 205 287 174 193 381 1032 755 123 229 136 129 15339
internal_value=0.000139022 -0.00457153 0.00101971 0.010161 -0.000426969 -0.00728264 -0.0132232 -0.00935258 -0.0114489 -0.00299184 -0.0194329 0.0113237 0.0224532 0.000791988
internal_weight=2069.11 248.244 116.24 54.792 34.5692 61.4479 48.2117 132.004 124.668 63.8787 60.7896 23.8014 14.6472 1820.86
internal_count=31853 3806 1579 800 513 779 586 2227 2139 1155 984 339 203 28047
is_linear=0
shrinkage=0.05


Tree=466
num_leaves=15
num_cat=0
split_feature=9 5 33 38 1 0 18 7 11 32 6 18 23 30
split_gain=1.70524 3.51152 4.24186 3.89261 3.25764 4.40858 3.02292 2.57315 2.546 3.23913 2.61218 2.11426 2.91123 2.67888
threshold=2.9940195478747182 0.12217738998324636 0.94858577848268577 -2.117890124090164 0.045668756739486456 0.012072663773071148 0.11444787112116755 6.2311536504299365 0.47001187421843993 0.94623128549303048 2.3772496807233936 0.10412220085234868 -0.0083200664784957006 7.5500000000000016
decision_type=2 2 2 2 2 2 2 10 2 2 2 2 2 2
left_child=4 2 3 6 -1 -6 -2 -4 -7 11 -11 -10 13 -13
right_child=1 -3 7 -5 5 8 -8 -9 9 10 -12 12 -14 -15
leaf_value=-5.9596543088397811e-05 0.020592552526286643 -0.018236322697876114 0.028601909051521032 -0.0087269143671927282 -0.014890479435231991 -0.0094160199414252549 -0.0057470556995763977 -0.0047290166687048805 0.0010559301969901586 0.016787966082161512 -0.01653093659455521 -0.010712047604820774 0.040229956713533715 0.021864729047818679
leaf_weight=1766.8128916134592 19.344281887635589 32.540640238672495 12.368508758023383 114.60193624766544 10.736547782085834 6.46722218254581 16.57818020414561 6.8116179164499036 8.7052385546267015 5.5469922125339499 8.4018222773447615 6.7304212143644646 19.607786919921644 10.412120358087121
leaf_count=27443 300 496 226 1655 172 79 319 107 107 98 167 96 199 113
internal_value=-9.10696e-05 -0.00439163 -0.00129098 -0.00428522 0.000391356 0.0101581 0.00921987 0.0182346 0.0150033 0.0181864 -0.00234749 0.0240958 0.0287733 0.00954385
internal_weight=2045.67 202.245 169.705 150.524 1843.42 76.6082 35.9225 19.1801 65.8716 59.4044 13.9488 45.4556 36.7503 17.1425
internal_count=31577 3103 2607 2274 28474 1031 619 333 859 780 265 515 408 209
is_linear=0
shrinkage=0.05


Tree=467
num_leaves=15
num_cat=0
split_feature=2 0 34 39 37 37 33 37 32 33 39 28 37 28
split_gain=1.73292 3.22743 3.07013 2.85427 2.41674 3.24807 3.69906 2.83765 2.79556 2.48624 3.01896 2.45283 2.43914 2.00056
threshold=-0.050695272469465917 -1.0000000180025095e-35 -0.053977736693210064 0.0027004803966359692 -0.01946975325348543 -0.0010854749043097132 0.15768752590136761 -0.026125988270423391 0.010256679991584264 0.050933932895191984 0.0041294735289663107 5.5000000000000009 0.0054517666688891362 2.5000000000000004
decision_type=2 2 2 2 2 2 2 2 2 2 2 2 2 2
left_child=1 3 -3 -1 7 6 -6 8 13 -10 -11 -9 -7 -5
right_child=-2 2 -4 4 5 12 -8 11 9 10 -12 -13 -14 -15
leaf_value=0.016213029279759109 -8.2989833703488367e-05 0.00011050558269023962 0.03295704705931133 0.029704656671089014 -0.024685229062849777 0.021741449569296384 0.010227515251417284 0.027302955499142328 -0.018883414087820998 0.022683297825165261 -0.011184773156710454 -0.0078015662432802573 -0.0076675197877162458 -0.0028368758928333411
leaf_weight=23.470317008905113 1889.6352995100897 11.740829640068116 13.185237484984098 5.1061165155842883 27.305766530334949 8.0394202424213308 6.8534564021974793 14.011135347653182 19.826326003763825 7.0348192080855396 9.925828227773307 4.2267355495132497 11.341432819142936 7.3888860596343875
leaf_count=412 28652 220 165 102 567 93 103 242 490 120 193 117 188 148
internal_value=0.000356991 0.00512505 0.0200889 0.00195891 -0.00133805 -0.00884943 -0.0172691 0.0048176 -0.00179996 -0.00868114 0.00482897 0.0192392 0.0064886 0.0151502
internal_weight=2059.09 169.456 24.9261 144.53 121.06 53.5401 34.1592 67.5198 49.282 36.787 16.9606 18.2379 19.3809 12.495
internal_count=31812 3160 385 2775 2363 951 670 1412 1053 803 313 359 281 250
is_linear=0
shrinkage=0.05


Tree=468
num_leaves=15
num_cat=0
split_feature=17 5 16 18 24 31 41 34 39 39 12 17 18 34
split_gain=2.18175 4.38818 3.44515 2.57253 2.21753 2.13636 2.97762 2.6599 3.55587 3.34836 3.0717 2.53193 4.1557 2.26009
threshold=3.2658506516070678 -0.073770491803278701 0.85055119149298264 0.12412653685568367 0.039312447564611837 0.060286965602924951 0.050035819308260183 0.038523154886917939 0.0019107634942864815 0.0062218678944719876 72.131810784820942 3.0953993490185989 0.12998975265713622 0.026264342377059106
decision_type=2 2 8 2 2 2 2 2 2 2 2 2 2 2
left_child=4 3 -3 -2 5 6 7 11 -9 -10 -11 13 -13 -1
right_child=1 2 -4 -5 -6 -7 -8 8 9 10 -12 12 -14 -15
leaf_value=0.0020424459968662982 -0.0073705645233598837 0.0099275136496916813 -0.018547132598030366 0.029639596384435613 -0.0093279246434511218 -0.00021630679397367789 0.023526995440619671 0.024460791661533816 -0.013521032041112782 0.025081136860288233 -0.012513821200074616 0.036070714181772427 -0.0079581407617817981 0.011378861723923064
leaf_weight=549.58677417319268 5.2303382977843267 9.8404911914840323 49.160622897557914 6.4188862899318337 47.692913523875177 1212.6162428562529 12.673290259204803 4.1319389594718805 62.202976158820093 8.2288268031552416 5.2392418049275866 9.4816320422105473 6.0965337920933953 69.131582806352526
leaf_count=8201 67 129 600 75 621 19357 230 68 1024 133 100 103 60 956
internal_value=0.000482584 -0.00785386 -0.0133934 0.0157994 0.000797954 0.00107031 0.00320384 0.00268208 -0.00567925 -0.00873909 0.0110278 0.00377024 0.021093 0.00316849
internal_weight=2057.73 70.6503 59.0011 11.6492 1987.08 1939.39 726.773 714.1 79.803 75.671 13.4681 634.297 15.5782 618.718
internal_count=31724 871 729 142 30853 30232 10875 10645 1325 1257 233 9320 163 9157
is_linear=0
shrinkage=0.05


Tree=469
num_leaves=15
num_cat=0
split_feature=23 35 39 1 21 31 37 35 44 8 2 39 23 42
split_gain=1.30425 2.2689 3.45275 2.84043 2.11249 1.75868 1.5836 3.53594 3.55426 2.59311 2.44622 1.94705 7.76422 3.09891
threshold=0.039555189506442552 0.00089517031724617457 0.0049193005963097123 0.030538445974918508 0.73245723584620059 0.61776422345377457 0.049001476752028934 0.015453778813097009 0.8591076661310143 0.2897072429314213 0.040112467324395003 0.0064908497132076361 -0.032872520580085378 0.89099909990999115
decision_type=2 2 2 2 10 2 2 2 2 2 2 2 2 2
left_child=6 4 3 5 -2 -3 11 8 -8 -9 -10 -1 -13 -14
right_child=1 2 -4 -5 -6 -7 7 9 10 -11 -12 12 13 -15
leaf_value=0.00016816994307245533 -0.032057740139782104 0.026240148528710129 -0.016626911490328685 -0.0070108782803476669 0.00016196957319069064 -0.0027904285150373107 0.03629782961206808 0.017105773822960361 -0.0173443285554634 -0.012959216228150258 0.016360038440844063 0.019107247965558218 -0.018944372414697465 0.0021236239622716515
leaf_weight=1837.8149074767716 8.8747674645856041 13.697074593976142 17.490398280322552 15.579071945510803 7.9535952406004062 6.004550050944089 10.955011021345856 5.4525944907218244 5.5010201353579742 18.823559517040849 6.0468160482123494 18.600404576398432 59.977886645821854 22.585620294790715
leaf_count=27759 187 220 331 257 137 123 165 98 75 410 88 282 1220 322
internal_value=-0.000225573 -0.00671603 -0.00100944 0.00783574 -0.0202808 0.0186185 1.82099e-05 0.00864811 0.021006 -0.00443825 -8.50146e-05 -0.000211699 -0.00679558 -0.013389
internal_weight=2055.36 69.5995 52.7711 35.2807 16.8284 19.7016 1985.76 46.779 22.5028 24.2762 11.5478 1938.98 101.164 82.5635
internal_count=31674 1255 931 600 324 343 30419 836 328 508 163 29583 1824 1542
is_linear=0
shrinkage=0.05


Tree=470
num_leaves=15
num_cat=0
split_feature=18 31 36 15 35 14 34 30 11 21 35 33 41 35
split_gain=2.21696 4.4875 3.84221 2.56876 2.52888 2.24974 2.07135 2.3136 2.04211 1.98193 3.26916 3.57247 2.9762 6.78758
threshold=0.22389794657135392 -0.07133375178436574 -0.003084731890042713 2.5782738516032162 0.028197716761344974 1.8627277088813179 0.078449271868670359 9.9500000000000011 0.48847823724853906 0.82642654856591957 0.018712593448889873 0.98984745413316855 -0.022282291837151299 -0.022994371587846171
decision_type=2 2 2 2 2 2 2 2 2 8 2 2 2 2
left_child=9 2 -2 -4 5 6 7 8 -3 12 -11 -12 13 -1
right_child=1 4 3 -5 -6 -7 -8 -9 -10 10 11 -13 -14 -15
leaf_value=-0.0028267980972832298 -0.010819141783764967 -0.0085099914282202576 0.024836441861788291 -0.0072543313955076572 0.013595384824253305 0.00762301820021212 0.009073453313304192 -0.0056947707507164248 -0.033194333578255408 -0.00097060907744505828 -0.023910875840761042 0.0084173163120275802 0.00027322851468977293 0.012315840409525122
leaf_weight=127.94191442569718 15.104543016292153 17.275595215149224 19.964931990019981 5.7867579702287903 4.961236451752483 7.6118040755391112 4.2640974055975667 26.025122750550508 27.539892214350402 221.97262059198692 28.218232019804418 8.6438520103692991 1382.3761385784019 165.61157376971096
leaf_count=2334 250 318 235 99 83 105 64 340 393 3945 550 172 20519 2466
internal_value=0.000192562 -0.00603956 0.00707157 0.0176182 -0.012201 -0.014435 -0.0170069 -0.0190714 -0.0254882 0.000621087 -0.00341022 -0.0162303 0.00125198 0.00577928
internal_weight=2063.3 128.534 40.8562 25.7517 87.6777 82.7165 75.1047 70.8406 44.8155 1934.76 258.835 36.8621 1675.93 293.553
internal_count=31873 1887 584 334 1303 1220 1115 1051 711 29986 4667 722 25319 4800
is_linear=0
shrinkage=0.05


Tree=471
num_leaves=15
num_cat=0
split_feature=31 35 18 15 38 30 0 13 36 3 41 14 14 43
split_gain=1.96793 2.40841 4.13433 3.94868 3.47536 3.39371 3.09607 2.92377 3.20288 2.89216 2.53817 2.6547 4.22447 2.53439
threshold=0.59092179397238642 0.0074051600143832949 0.07174967817166876 2.4943447708235271 2.2443484216600598 8.6500000000000004 0.0017261845566728386 0.010965048051638037 0.011091004569744546 0.035122135433927955 0.014068672398714401 0.82576430688856151 1.3875173018584623 0.47635027165228511
decision_type=2 2 2 2 2 2 2 2 2 2 2 2 2 2
left_child=-1 5 9 4 -4 10 -7 -6 -9 13 -2 -12 -13 -3
right_child=1 2 3 -5 7 6 -8 8 -10 -11 11 12 -14 -15
leaf_value=0.0011039698637076358 0.00098814200072955076 -0.0025619154408657628 -0.019703064849302135 0.0020797693452134806 -0.017250823234666573 -0.017335635830080558 0.002821365303218447 0.028042167668415243 -0.0034948089218514878 -0.015371986974809454 -0.0076097538904673556 0.032879467349244101 -0.00764304237996724 0.023053557859207072
leaf_weight=1489.0524840899743 237.72191132279113 14.356575855985282 85.207981728948653 51.243329221848398 15.282114359783007 40.517081174999475 30.655171722173691 6.7270671259611872 22.807082482613623 6.8391354335471979 7.2529998458921936 17.388322142884139 6.7582530435174695 19.705696947872639
leaf_count=22479 4138 204 1360 917 254 634 359 129 416 109 116 237 100 293
internal_value=0.000152261 -0.0023548 -0.0063417 -0.00954869 -0.0140388 0.000302286 -0.00903835 -0.00237294 0.00670849 0.00736303 0.00289233 0.0151926 0.0221723 0.0133112
internal_weight=2051.52 562.463 222.169 181.268 130.024 340.294 71.1723 44.8163 29.5341 40.9014 269.121 31.3996 24.1466 34.0623
internal_count=31745 9266 3682 3076 2159 5584 993 799 545 606 4591 453 337 497
is_linear=0
shrinkage=0.05


Tree=472
num_leaves=15
num_cat=0
split_feature=39 39 33 34 41 44 4 33 39 41 2 32 38 33
split_gain=2.29021 5.62719 4.54143 4.59071 5.77279 4.41078 3.75449 3.93533 3.42882 10.3526 9.27599 4.40325 4.15078 3.34366
threshold=0.0030475271591457148 0.0029595148600636404 0.020168124194969838 -0.048450201035997363 -0.052843884075925378 0.62605160834217044 -0.015008535943631938 0.97156334231805941 0.0031438214120158262 -0.01467813479424651 0.022396417146513196 0.033727676032305774 1.0184057279160619 0.95017730496453912
decision_type=2 2 2 2 2 2 2 2 2 2 2 2 2 2
left_child=1 2 -1 4 -4 6 -5 -8 9 11 -11 -2 -12 -10
right_child=8 -3 3 5 -6 -7 7 -9 13 10 12 -13 -14 -15
leaf_value=0.024680830215896097 -0.0012946691967374525 -0.020072917486342948 0.016912741778951957 -0.0023138690051467364 -0.027567375617132996 -0.00252049535314465 0.018687437343070212 -0.018860022699826381 -0.00014111012235549499 -0.023462076751685813 -0.0071482208055298306 0.050377733966881444 0.033292086901939959 0.0075453696011727502
leaf_weight=11.839281503111122 4.9886663267388967 35.914203340187669 5.7713791094720355 49.704973376356065 27.053161208517849 546.98822842538357 62.57085883943364 3.7701077535748473 1103.7387507269159 20.327446213923395 7.6423009801656034 13.503404966555534 12.351142056286333 157.2579542719759
leaf_count=181 70 631 90 871 521 7526 1033 114 17519 275 92 155 171 2575
internal_value=0.000170406 -0.00204064 -0.000991139 -0.00160088 -0.0185448 -0.000629522 0.00801961 0.0153814 0.00141916 0.0127291 -0.00235981 0.0391293 0.0194965 0.000843479
internal_weight=2063.42 743.612 707.698 695.859 32.8245 663.034 116.046 66.341 1319.81 58.813 40.3209 18.4921 19.9934 1261
internal_count=31824 10967 10336 10155 611 9544 2018 1147 20857 763 538 225 263 20094
is_linear=0
shrinkage=0.05


Tree=473
num_leaves=15
num_cat=0
split_feature=4 23 23 2 21 0 27 18 11 0 21 38 33 33
split_gain=1.42556 3.25986 2.38748 2.37507 3.8056 3.68898 2.31787 2.19976 2.03543 2.68881 1.98701 1.66013 1.56102 1.46174
threshold=0.14852627793507747 0.022114313423292623 0.039555189506442552 0.057789877805421004 0.44746732026143798 0.0075010419560989092 9.5000000000000018 0.25974593235332516 0.44882029813265151 0.01944444444444449 0.98263888888888895 -0.5595759265079242 0.9592666334826615 0.91289757805660943
decision_type=2 2 2 2 10 2 2 2 2 2 10 2 2 2
left_child=2 -2 7 4 6 -6 -3 -1 11 -10 -5 -9 -4 -7
right_child=1 3 12 10 5 13 -8 8 9 -11 -12 -13 -14 -15
leaf_value=0.00010301757761809426 0.027931469737069017 0.011114060907468745 -0.019497939066607333 -0.012931964638479111 -0.0076651672665725076 0.043270670952039826 -0.022189704968746692 -0.0089648061409055516 -0.023832006624488811 0.0062437438511814235 0.013009982256358119 0.021316242834279964 0.0036111510900942809 0.0078346165570643347
leaf_weight=1910.9865333484486 9.4583298005163652 4.9947545928880555 21.162760371342305 27.000443357974291 5.8973682802170542 7.5164510831236822 7.4128141738474369 5.0947922198101878 23.418509237468246 7.6735467324033371 5.2330198902636758 3.8922374099493009 8.2268343018367869 7.304008049890399
leaf_count=29474 100 56 416 437 84 82 129 91 363 79 85 55 157 131
internal_value=-0.000121737 0.00643036 -0.000384831 0.00155504 0.0102322 0.0215595 -0.00944155 -0.000154242 -0.0110714 -0.0165726 -0.00753884 0.00708165 -0.0134446 0.0321886
internal_weight=2055.27 74.8172 1980.46 65.3589 33.1254 20.7178 12.4076 1951.07 40.0791 31.0921 32.2335 8.98703 29.3896 14.8205
internal_count=31739 1104 30635 1004 482 297 185 30062 588 442 522 146 573 213
is_linear=0
shrinkage=0.05


Tree=474
num_leaves=15
num_cat=0
split_feature=21 36 20 4 41 16 14 15 42 5 41 23 14 3
split_gain=1.63506 3.22438 5.82625 3.7989 6.08657 4.18184 3.2275 3.31233 3.63654 3.15518 3.06434 3.11734 3.06402 2.95777
threshold=0.16793188736681891 0.0086098338602321762 4.9835002116989049 0.036734512106825552 0.002581769258964695 0.23331447274400866 0.67390855712740139 1.8815870365436491 0.25247621849563601 0.045031102205886027 -0.0079472609228320428 -0.0060858695406216792 0.85970130159330416 0.039390064326125691
decision_type=8 2 2 2 2 10 2 2 2 2 2 2 2 2
left_child=1 3 13 4 6 12 10 8 -8 -10 -1 -12 -5 -3
right_child=-2 2 -4 5 -6 -7 7 -9 9 -11 11 -13 -14 -15
leaf_value=-0.017270328569060096 -0.00068741513907683298 -0.014000987959922077 0.027634070928089761 0.012706995772885988 -0.014880784203973483 0.025367618245959334 0.016600785264110667 0.02473566655767118 -0.010470375257145635 0.018076129280172579 -0.0096832232329197906 0.022193714231865957 -0.013983441139340996 0.018362408487558792
leaf_weight=25.390237784013152 1746.6273568088654 17.439987119287256 27.963438037317246 16.86017154622823 61.6482421644032 24.434073758777231 26.213309214450419 19.093023838941008 41.698327802121639 7.4246759302914134 11.642223296687009 9.8067556871101242 16.167742275632918 5.4660527100786558
leaf_count=372 27408 266 436 207 858 357 355 263 596 95 158 127 198 80
internal_value=-9.0227e-05 0.00321889 0.0141207 0.000863121 -0.00240191 0.0116623 0.00336628 0.00854641 0.0031593 -0.00488441 -0.00689406 0.00633168 -0.000479142 -0.00437182
internal_weight=2057.88 311.248 50.8695 260.379 202.917 57.462 141.269 94.4293 75.3363 49.123 46.8392 21.449 33.0279 22.906
internal_count=31776 4368 782 3586 2824 762 1966 1309 1046 691 657 285 405 346
is_linear=0
shrinkage=0.05


Tree=475
num_leaves=15
num_cat=0
split_feature=8 28 27 39 5 27 2 20 16 16 35 32 11 34
split_gain=1.87871 5.99591 5.57613 3.73925 4.2935 3.20642 4.07821 2.77084 3.83683 2.75655 2.58649 2.48628 2.16844 2.08213
threshold=-0.1916893332944882 5.5000000000000009 17.500000000000004 0.0045931966221864637 -0.034270239811897134 7.5000000000000009 0.028862662999905701 24.557753970008324 0.41587839872299465 0.043976099193975007 -0.032141962273139028 0.13855013550135506 0.50014172342280505 -1.0000000180025095e-35
decision_type=2 2 2 2 2 2 2 2 10 10 2 2 2 2
left_child=1 3 5 10 12 -3 9 -2 -9 -7 -1 -4 -5 -13
right_child=7 2 11 4 -6 6 -8 8 -10 -11 -12 13 -14 -15
leaf_value=0.010918957610235917 0.00027865826388164699 -0.0019045155259846227 -0.030056181686463665 -0.023428020046787023 0.020090381234412126 -0.0032521287491384266 -0.011303174737056053 0.029997894374081416 -0.001691554188922537 0.03248766220481266 -0.019482802022878946 0.020232074462923674 0.0091923447265902045 -0.013338464608604016
leaf_weight=4.5148023823276153 1828.9876795494929 23.564540138468146 8.4659522511065024 9.9804365355521458 13.567541782744227 5.4504239484667769 5.6314144702628246 13.761354325339196 18.436276515945792 27.298179166391492 76.063905805815011 3.5733966734260321 4.4302930952981106 5.1335141062736493
leaf_count=59 28382 341 173 184 187 74 107 173 257 431 1127 51 73 90
internal_value=6.90404e-05 -0.00463172 0.00563846 -0.0120354 0.00329773 0.0125587 0.0206348 0.000554186 0.0140643 0.0268965 -0.017241 -0.0165266 -0.0136149 0.00279363
internal_weight=2048.86 187.674 79.1174 108.557 27.9783 61.9446 38.38 1861.19 32.1976 32.7486 80.5787 17.1729 14.4107 8.70691
internal_count=31709 2897 1267 1630 444 953 612 28812 430 505 1186 314 257 141
is_linear=0
shrinkage=0.05


Tree=476
num_leaves=15
num_cat=0
split_feature=2 39 9 27 15 34 41 36 27 35 28 35 14 39
split_gain=1.86349 3.14253 2.99033 3.50629 4.81144 4.98998 4.5702 3.01101 3.51263 2.63806 3.53145 2.4603 2.45196 2.34054
threshold=-0.041643451704549798 0.0096453288455628974 1.5320242372940411 13.500000000000002 2.2673422322547858 -0.0056328722735152206 0.0033044120557531036 -0.014202789231759603 3.5000000000000004 -0.039323593586946197 1.0000000180025095e-35 -0.03872100122100116 0.86278865145463479 0.0027004803966359692
decision_type=2 2 2 2 2 2 2 2 2 2 2 2 2 2
left_child=1 2 3 4 5 -1 13 11 -9 10 -2 -6 -4 -5
right_child=9 -3 12 6 7 -7 -8 8 -10 -11 -12 -13 -14 -15
leaf_value=0.031187371136339653 0.012110147926816438 0.033309087179710449 0.012506454189023648 0.0079931286974638093 0.0081476579097478092 -0.011116276291621428 0.026056080504515269 -0.013452578681549943 0.014951213725896698 -0.00045123311880566056 -0.02197771563218507 -0.026557573514641108 -0.010522371678986524 -0.0088844128568784878
leaf_weight=33.946930148638785 6.6218446996063021 3.6909986608661702 9.8625328745692951 23.570326576009393 5.2070612981915465 5.827281833626329 8.8605508292093855 10.091685921885071 39.930634317919612 1745.267248780001 24.630191578995436 8.5346393734216672 55.141012041363865 72.70768500585109
leaf_count=487 108 66 194 399 111 90 133 188 637 25991 496 242 1126 1513
internal_value=-0.000132019 0.00364211 0.00265156 0.00554991 0.0118553 0.0244403 -0.000915839 0.00279887 0.00851919 -0.000729849 -0.0140809 -0.0147416 -0.00638466 -0.00456191
internal_weight=2053.89 277.371 273.68 208.677 103.538 39.7742 105.139 63.764 50.0223 1776.52 31.252 13.7417 65.0035 96.278
internal_count=31781 5186 5120 3800 1755 577 2045 1178 825 26595 604 353 1320 1912
is_linear=0
shrinkage=0.05


Tree=477
num_leaves=15
num_cat=0
split_feature=31 41 14 33 36 28 36 30 1 18 32 17 37 12
split_gain=1.96138 2.16226 3.55119 4.08007 5.11168 5.15958 3.42128 2.77642 2.6352 2.94934 2.54298 2.68739 2.50694 2.44224
threshold=0.26701305302806755 0.029377526423692461 1.8627277088813179 0.94229740174802312 0.0038425635214032199 1.5000000000000002 0.014764361398570404 13.300000000000002 0.031146629223727688 0.078947368421052669 0.89864402136693611 1.6703291356912164 0.035939606797307462 75.224885585641729
decision_type=2 2 2 2 2 2 2 2 2 2 2 2 2 2
left_child=-1 2 3 6 -5 -6 12 -7 9 -3 11 -4 -2 -11
right_child=1 8 10 4 5 7 -8 -9 -10 13 -12 -13 -14 -15
leaf_value=0.0012594896403998346 -0.0011801602839754382 0.010818896361298923 0.0021743809960583431 -0.013656649566533605 -0.0036868314125380699 0.031906656128387244 -0.013104374699654293 -0.0038210432233153806 0.0039481257077084242 -0.023276836801388132 -0.0067932520109735568 0.038798167307090181 -0.019696396445246692 0.0024204453250557308
leaf_weight=1050.6427531060763 744.42495140107349 6.7178811430931082 9.0440049758181029 14.420488513074813 19.73586299829185 29.730413992889225 66.506053465884179 5.2669352106750003 24.675579472444952 42.609028908424079 6.6208842210471621 8.3036422338336688 13.77827389910817 10.378323386423288
leaf_count=15674 11568 103 159 241 415 445 1264 71 385 719 105 102 193 206
internal_value=-0.000247136 -0.00182498 -0.00109566 -0.00164526 0.00960822 0.0163678 -0.0026411 0.0267243 -0.00925286 -0.0145922 0.0161468 0.0244632 -0.00164348 -0.0184689
internal_weight=2052.86 1002.21 917.832 893.863 69.1537 54.7332 824.709 34.9973 84.3808 59.7052 23.9685 17.3476 758.203 52.9874
internal_count=31650 15976 14563 14197 1172 931 13025 516 1413 1028 366 261 11761 925
is_linear=0
shrinkage=0.05


Tree=478
num_leaves=15
num_cat=0
split_feature=33 32 33 20 5 39 39 21 5 42 28 33 32 28
split_gain=1.764 4.02269 3.6366 2.18169 1.73256 4.9281 3.84393 6.02109 6.72474 3.6628 3.18689 6.44376 12.7482 8.58227
threshold=0.008097298714922636 0.0080322580645161307 0.0091326105087572995 14.35737982088315 -0.039644765846683964 0.0064908497132076361 0.0057631990788440789 0.83541666666666681 0.051753642419821951 0.9126598859608569 2.5000000000000004 0.28862519892063937 0.38358286009292725 1.0000000180025095e-35
decision_type=2 2 2 2 2 2 2 10 2 2 2 2 2 2
left_child=1 -1 -2 -3 10 6 -6 8 -8 -7 11 13 -13 -4
right_child=2 3 4 -5 5 9 7 -9 -10 -11 -12 12 -14 -15
leaf_value=-0.028296183334731606 0.022319206246310751 0.018003718988079887 0.0052251295315186861 -0.014776836046465236 -0.0013399263382833408 -0.024724623007509383 0.0018647517083139932 -0.013207316800940453 0.036206668752249364 0.0036068073263791143 0.0043547046264464963 0.025307796503020719 -0.0040631451824232013 -0.017819953354437305
leaf_weight=11.983791599981489 13.249604490585623 8.7489912034943682 62.899244657717645 3.507509544491767 1115.5599014060572 32.270552794914693 30.830984662286937 16.606396649032831 22.470040295273066 14.784553311765192 466.02273519616574 47.690668450668454 120.08105864934623 99.394071913789958
leaf_count=290 249 142 1214 68 16195 781 436 287 324 226 7198 614 1984 1880
internal_value=-7.53638e-05 -0.0122693 9.90159e-05 0.0070593 -0.000100631 -0.00127315 -0.000609354 0.0103601 0.0182058 -0.0163316 0.00171131 -0.00203021 0.0047766 -0.00899925
internal_weight=2066.1 24.2403 2041.86 12.2565 2028.61 1232.52 1185.47 69.9074 53.301 47.0551 796.088 330.065 167.772 162.293
internal_count=31888 500 31388 210 31139 18249 17242 1047 760 1007 12890 5692 2598 3094
is_linear=0
shrinkage=0.05


Tree=479
num_leaves=15
num_cat=0
split_feature=17 0 11 23 4 30 38 21 23 4 8 39 14 30
split_gain=1.84125 3.50948 3.89135 5.07551 3.44773 2.777 3.39534 2.46601 2.45979 2.83975 3.5158 2.42061 3.58081 2.58989
threshold=2.7958801985827599 0.012212259229638202 0.54722544118498029 0.007646942134539981 0.042997964623190839 9.9500000000000011 1.3461022486663994 0.50724865726753954 0.0051216980358186346 -0.040775357116498205 0.88501938310388883 0.0037507200877461909 0.92547739134880047 7.1500000000000012
decision_type=2 2 2 2 2 2 2 10 2 2 2 2 2 2
left_child=-1 4 8 5 -2 -4 -7 -5 9 10 -3 12 13 -10
right_child=1 2 3 7 -6 6 -8 -9 11 -11 -12 -13 -14 -15
leaf_value=0.00057666189184037023 -0.024645592585271121 0.023990485422374457 0.0068659216160316568 -0.022198339965118913 0.0049742634537352816 0.045897937774845979 0.00029304408363832999 0.0080525233932040776 0.028806257694684163 -0.013432360272095871 -0.012993929575662158 0.01449606319162298 -0.019047998112268635 -0.0067675216449749947
leaf_weight=1784.0510583387222 28.971265860833228 8.5834677172824758 35.598495573736727 12.264205176383259 11.755214417353271 8.3114697337150556 5.9791824221611014 7.6908231098204842 5.0434795804321784 86.764632941689342 7.8022381151095024 20.979610093869269 16.217868493869901 7.3747475482523441
leaf_count=28280 371 104 454 158 156 82 74 96 62 1122 104 307 210 82
internal_value=-2.63634e-06 -0.00386488 -0.00124419 0.00817551 -0.0164871 0.0162679 0.0318386 -0.011262 -0.00567347 -0.00992223 0.00745931 0.00325937 -0.00590405 0.0118019
internal_weight=2047.39 263.337 222.61 69.8442 40.7265 49.8891 14.2907 19.955 152.766 103.15 16.3857 49.6157 28.6361 12.4182
internal_count=31662 3382 2855 864 527 610 156 254 1991 1330 208 661 354 144
is_linear=0
shrinkage=0.05


Tree=480
num_leaves=15
num_cat=0
split_feature=32 28 41 32 22 27 32 39 32 39 2 12 33 36
split_gain=1.57272 8.47952 6.2429 3.61329 3.37276 4.05045 3.31329 6.73679 5.49064 4.84101 4.76008 4.55337 3.58169 8.66044
threshold=0.026088929219600727 4.5000000000000009 -0.017656818832957857 1.0000000180025095e-35 1.0000000180025095e-35 6.5000000000000009 0.032922368242785542 0.0038769376230280489 0.03478523895946764 0.0075528172214769738 -0.059324625511843747 27.622476110403017 0.033955955263461325 -0.0086566403134443731
decision_type=2 2 2 2 2 2 2 2 2 2 2 2 2 2
left_child=1 4 3 -3 5 -1 7 -2 11 10 -9 -8 13 -10
right_child=6 2 -4 -5 -6 -7 8 9 12 -11 -12 -13 -14 -15
leaf_value=0.011142661796361421 -0.034106665022094966 -0.0085544482318085143 -0.015122880338061648 0.026578811028953916 0.0068192974092073149 -0.023813643103720927 -0.0050879011696344035 -0.016175190218913112 -0.012074130604999407 -0.026476326912881015 0.030276252686365066 0.042784023231092684 -0.00044837448332143461 0.03721678899640235
leaf_weight=7.5649421052075914 16.078674096614122 5.982250500470399 9.5210420251823944 53.614510886371136 21.27809492032975 30.284876173362136 6.3285481743514529 4.36475206073374 12.673010469879957 4.1228282535448662 12.24109504930675 8.5469757495447976 1838.1207726728171 15.002301319502292
leaf_count=220 309 90 180 869 340 774 134 92 375 82 179 105 27647 246
internal_value=0.000175518 0.00542832 0.0167889 0.022663 -0.00812527 -0.0163421 -0.000189006 -0.014111 0.00012016 0.00501309 0.017149 0.0262612 -0.000157886 0.0162519
internal_weight=2045.72 128.246 69.1178 59.5968 59.1279 37.8498 1917.48 36.8073 1880.67 20.7287 16.6058 14.8755 1865.8 27.6753
internal_count=31642 2473 1139 959 1334 994 29169 662 28507 353 271 239 28268 621
is_linear=0
shrinkage=0.05


Tree=481
num_leaves=15
num_cat=0
split_feature=39 39 27 39 33 24 21 27 39 14 7 24 32 32
split_gain=2.32321 2.72565 3.65719 3.81362 6.12487 3.67961 4.69997 4.29023 3.30997 3.97489 3.62741 2.90185 2.45797 2.33795
threshold=0.0010470364808974383 0.0016558931583486218 17.500000000000004 0.0015151452300485692 0.89920571393387128 0.033724262148744251 0.25025879917184274 13.500000000000002 0.0018905330062785543 0.55024254735159694 3.9318749411299221 0.018983637154975887 0.053394310150264308 0.80546234153616714
decision_type=2 2 2 2 2 2 8 2 2 2 10 2 2 2
left_child=-1 2 5 4 -4 6 13 11 9 -3 12 -8 -11 -2
right_child=1 8 3 -5 -6 -7 7 -9 -10 10 -12 -13 -14 -15
leaf_value=-0.014764660265845806 -0.0057078859885994118 0.017629915616718783 -0.029910493825072212 0.011206823761520081 0.019560359995401171 -0.013324469207300921 0.0031604778274145853 0.0059075308340030769 -2.7632446131064627e-06 0.0086977962051623687 0.0088760561178930306 0.045722988504849738 -0.02441164641649797 0.016625939873731069
leaf_weight=21.672339951619506 28.030896425247192 6.2336096055805674 17.28230989351869 15.569901164621113 4.76480041258037 8.9908795328810793 5.7630290035158422 19.593937700614333 1832.6656982132699 3.8385666152462354 9.5650828415527922 18.652402807027102 42.70055756252259 13.296143421903251
leaf_count=244 322 79 249 196 74 101 73 256 28803 53 123 251 647 173
internal_value=-0.000104246 8.845e-05 0.00690097 -0.00574767 -0.0175794 0.0119806 0.0152366 0.025725 -0.000402801 -0.01129 -0.0156829 0.0379214 -0.0211019 0.00249647
internal_weight=2048.62 2026.95 131.944 37.617 22.0471 94.3273 85.3364 44.0094 1895 62.3378 56.1042 24.4154 46.5391 41.327
internal_count=31644 31400 1695 519 323 1176 1075 580 29705 902 823 324 700 495
is_linear=0
shrinkage=0.05


Tree=482
num_leaves=15
num_cat=0
split_feature=20 17 41 18 11 32 15 24 24 7 36 30 13 18
split_gain=1.65375 4.8994 3.5297 3.46524 2.70084 3.10702 3.60012 3.31355 4.26097 4.25779 3.80734 2.61787 3.01807 2.29391
threshold=15.653667721881037 3.0169599804445624 -0.044654303972069757 0.11528150134048258 0.48606375739082125 0.03478523895946764 3.0968287381237709 0.038373693563176096 0.028404766836086111 3.9785746376751931 -0.0080443046489974673 13.300000000000002 0.0087180736028567244 0.18064892097150162
decision_type=2 2 2 2 2 2 2 2 2 8 2 2 2 2
left_child=-1 2 -2 -3 5 6 -4 8 10 -10 -7 12 -12 -14
right_child=1 3 4 -5 -6 7 -8 -9 9 -11 11 -13 13 -15
leaf_value=0.00060888620888897101 -0.0234731905266365 -0.0055617978711498227 0.020855398273964321 0.038695718071012512 -0.0089421257255563324 -0.013567402877283334 -0.014533786683859179 0.023559366710743178 -0.022411099499682282 0.014562295713992191 -0.0083590083743707629 -0.011945993778560459 0.026220953845248491 -0.0069745775406555941
leaf_weight=1761.1448467106093 18.7086530784145 5.4032115545123798 26.993288373574615 6.4539223071187735 110.06102927634493 19.411047544330359 5.4134237384423605 6.0816635675728312 37.598808703944087 5.9006404979154459 7.9629288213327518 7.0280089452862731 27.575829562731091 4.0286848982796064
leaf_count=27121 421 69 401 66 1716 357 117 75 605 81 94 96 411 70
internal_value=3.12959e-05 -0.00344347 -0.00495604 0.0228602 -0.00319292 0.00123518 0.0137913 -0.00271098 -0.005135 -0.0164115 0.00292874 0.0104496 0.0153215 0.0216148
internal_weight=2049.77 288.621 276.764 11.8571 258.055 147.994 32.4067 115.588 109.506 43.4994 66.0065 46.5955 39.5674 31.6045
internal_count=31700 4579 4444 135 4023 2307 518 1789 1714 686 1028 671 575 481
is_linear=0
shrinkage=0.05


Tree=483
num_leaves=15
num_cat=0
split_feature=43 46 36 35 38 33 0 31 21 15 9 18 9 16
split_gain=2.42845 2.44649 2.64045 5.21253 3.86756 3.15682 2.48757 2.90593 2.44138 2.38622 2.27988 2.24392 3.29025 2.02338
threshold=0.99664429530201348 1.0000000180025095e-35 -0.014202789231759603 -0.018341702505680287 -2.3860783407474124 0.96682803388711636 0.0089994375703036384 0.13003569399253742 0.94791666666666674 1.7132735129088987 0.37398283182268982 0.16330645161290328 0.53075455751845524 0.60589077264745261
decision_type=2 2 2 2 2 2 2 2 10 2 2 2 2 8
left_child=1 -1 4 11 -3 6 -5 -8 -6 -7 -11 12 13 -4
right_child=-2 2 3 5 8 9 7 -9 -10 10 -12 -13 -14 -15
leaf_value=-0.00088843774776672284 -0.024278236096798616 0.014128457573549781 0.022972013808850889 0.0021378378532475695 -0.028089298513061384 0.036947838742165444 0.0050802928416383598 -0.0230507859009072 0.0086414203024818559 -0.013697068294793288 0.014622441658575314 0.0026468198567701096 0.043619792546134538 -0.0034246259081574166
leaf_weight=1689.1922606073786 5.439366301521658 7.4672651793807772 9.6131912926211971 213.28041928540915 15.276922898367049 5.3009701780974892 12.895057959482076 17.639793317764997 3.2968225888907901 5.9710675319656756 16.835118973627687 16.113341966643929 11.131374998949466 12.212935079820452
leaf_count=26783 86 109 124 2876 289 72 167 244 59 101 274 222 141 168
internal_value=-0.000224158 -0.00010059 0.00369242 0.00497428 -0.0103645 0.00211361 0.000143461 -0.0121276 -0.0211196 0.0166009 0.00607819 0.0191652 0.0258287 0.0103163
internal_weight=2041.67 2036.23 347.034 320.993 26.041 271.922 243.815 30.5349 18.5737 28.1072 22.8062 49.0708 32.9575 21.8261
internal_count=31715 31629 4846 4389 457 3734 3287 411 348 447 375 655 433 292
is_linear=0
shrinkage=0.05


Tree=484
num_leaves=15
num_cat=0
split_feature=6 41 25 21 12 34 38 38 38 20 28 33 39 2
split_gain=1.93449 3.81392 2.69389 2.10348 2.74934 1.87322 5.1594 5.19373 6.68329 5.14878 4.24477 6.47993 6.84362 6.81146
threshold=1.5509949554180122 0.023832081593259561 2.2500000000000004 0.26288064833005903 65.875205626739202 -0.015624999999999943 -2.6463620581385934 -2.3244344039772766 -2.146029016680473 14.859285643532793 1.0000000180025095e-35 0.025642898889538284 0.0049004454408696921 -0.018090443094999239
decision_type=2 2 2 8 2 2 2 2 2 2 2 2 2 2
left_child=1 2 -1 -4 -5 10 -7 -8 9 -9 11 -2 13 -13
right_child=5 -3 3 4 -6 6 7 8 -10 -11 -12 12 -14 -15
leaf_value=0.02268864772306417 -0.01826634853131761 -0.016139613054448037 0.017212149581526705 -0.014402482571580964 0.015476398652822446 0.020836490340644786 -0.025836131169523786 0.040873269494539358 0.00048452801383943911 -0.0096486184208418105 -0.0038797647407498425 0.025165131400736968 -0.01677079000236182 -0.010364197498678562
leaf_weight=28.453472366556525 16.506331925280392 9.568901405669747 10.743285506963728 18.883112426381562 6.6643926678225389 27.283415696583688 13.32924478407949 12.705106899142267 1250.3688493724912 4.7768194600939742 560.80461232829839 60.222496435046196 12.850750645622609 14.022542779333888
leaf_count=374 448 155 167 344 104 396 209 175 18045 63 9762 939 311 200
internal_value=0.000304499 0.00796085 0.0124245 0.00260403 -0.00535079 -3.2926e-06 0.00109383 0.000594036 0.000972301 0.0279928 -0.00215597 0.00692404 0.0124306 0.0182242
internal_weight=2047.18 74.3132 64.7443 36.2908 25.5475 1972.87 1308.46 1281.18 1267.85 17.4819 664.407 103.602 87.0958 74.245
internal_count=31692 1144 989 615 448 30548 18888 18492 18283 238 11660 1898 1450 1139
is_linear=0
shrinkage=0.05


Tree=485
num_leaves=15
num_cat=0
split_feature=16 13 39 15 21 11 9 21 14 19 2 16 4 21
split_gain=1.61691 4.30591 3.35878 3.19782 3.21902 4.27434 2.93177 3.61091 2.8931 2.98685 4.33197 2.66177 4.36754 3.62832
threshold=0.37080475874424423 0.019637065912656359 0.0022590704591998021 1.0629292283750809 0.3209517837235229 0.51356850846249458 0.0078325350098288928 0.7548611111111112 0.73094402944026038 0.0090494479838572842 -0.014857957361673111 0.44260082325631062 0.10233276899749767 0.49930555555555561
decision_type=8 2 2 2 10 2 2 10 2 2 2 8 2 8
left_child=1 2 8 -4 5 -5 7 -6 9 -1 -11 12 13 -2
right_child=11 -3 3 4 6 -7 -8 -9 -10 10 -12 -13 -14 -15
leaf_value=-0.011734534453095219 0.011827746475075323 -0.026044581410317538 -0.01675852201962702 0.015342788210076669 -0.016395298796330424 -0.0029288264312524849 0.0014759288710289925 0.0088706535389818045 -0.016597461503994014 -0.013294180032277517 0.028516000090294355 0.00060281931851385601 0.031576622590828531 -0.0053780721970329206
leaf_weight=17.252060756087303 64.238899529911578 12.876120009459553 19.856646217405796 76.116182197583839 49.337129045277834 50.579649783205241 238.75020026275888 15.517787076532839 52.955752683803439 6.2152062794193652 11.396943626459686 1364.584208839573 12.276753007434307 50.940981189720333
leaf_count=233 927 176 322 1191 851 755 3936 253 772 101 175 21064 184 819
internal_value=0.000407834 -0.00189625 -0.00108377 0.000694474 0.0016831 0.00821412 -0.00113125 -0.0101477 -0.00974529 0.0014389 0.0140844 0.00126198 0.00803 0.00431092
internal_weight=2042.89 550.854 537.978 450.158 430.301 126.696 303.605 64.8549 87.82 34.8642 17.6121 1492.04 127.457 115.18
internal_count=31759 8765 8589 7308 6986 1946 5040 1104 1281 509 276 22994 1930 1746
is_linear=0
shrinkage=0.05


Tree=486
num_leaves=15
num_cat=0
split_feature=5 37 28 19 20 41 39 12 7 41 33 4 38 39
split_gain=1.86105 4.67428 5.29801 3.59613 4.40593 6.219 6.15591 5.10674 4.91005 4.83816 4.67005 3.74385 5.74961 3.58897
threshold=-0.041788718036574406 -0.032461811036311954 1.5000000000000002 0.013307448011743817 9.7725474517990083 0.0011388794045340547 0.0042242167670955974 29.703213970307669 3.4590672419434525 -0.0013269357345931929 0.029268989149057685 -0.12521382849575105 -3.0907367181214829 0.0035384611922961826
decision_type=2 2 2 2 2 2 2 2 10 2 2 2 2 2
left_child=3 2 -2 4 7 6 10 -1 -7 11 13 -8 -13 -6
right_child=1 -3 -4 -5 5 8 9 -9 -10 -11 -12 12 -14 -15
leaf_value=-0.012867568850652412 0.040489317598909801 -0.0018331032001026567 -0.0021421235741978695 -0.003384924783741524 -0.023363718845539092 -0.014183908355890812 0.011093772692762606 0.014862551599207597 0.012191723426272668 0.022560386827680745 0.011277482858973061 0.018091441825071271 -0.019142746236493275 0.014052087206741823
leaf_weight=15.180392908863722 9.0829839734360593 1216.1179038872942 14.124005011282859 239.35153332119808 14.16102876653895 83.955267207231373 14.231884873472152 122.84829748375341 17.920889190398157 8.5771573390811664 210.44578193780035 8.1154553303495032 64.867720073089004 5.6349945180118075
leaf_count=334 160 18084 280 3646 328 1445 247 1953 235 121 3254 129 1432 108
internal_value=-0.000159628 -0.00137359 0.0187629 0.00170558 0.00386929 0.00131354 0.00468512 0.0114696 -0.0091909 -0.0057596 0.00906071 -0.00961696 -0.0141079 -0.0120273
internal_weight=2044.62 1239.32 23.207 805.29 565.939 427.91 326.034 138.029 101.876 95.7922 230.242 87.2151 72.9832 19.796
internal_count=31756 18524 440 13232 9586 7299 5619 2287 1680 1929 3690 1808 1561 436
is_linear=0
shrinkage=0.05


Tree=487
num_leaves=15
num_cat=0
split_feature=33 41 32 37 34 3 28 39 12 3 41 38 39 37
split_gain=1.56333 3.64811 5.10647 5.12065 3.83901 2.51552 1.7831 5.42714 8.99221 8.34772 7.67213 6.77207 6.22873 5.66353
threshold=0.010256679991584264 -0.021869844253247752 0.0080322580645161307 -0.047661793222785014 -0.085839352168395597 -0.10513856708669538 5.5000000000000009 0.0027162130978013988 61.955574196683116 0.016884271807187993 0.0058908403051581857 -0.51818423129384483 0.0024301695347584691 0.00062426597530029781
decision_type=2 2 2 2 2 2 2 2 2 2 2 2 2 2
left_child=1 2 3 -1 -4 -2 -7 9 -9 11 -10 12 13 -8
right_child=5 -3 4 -5 -6 6 7 8 10 -11 -12 -13 -14 -15
leaf_value=0.026518767330445382 -0.019896109834069212 -0.018291837067078487 0.00047105763078639858 -0.023506538178227902 0.037180109527679722 0.00056200692822334648 0.00063017267578625597 -0.02302197996156877 0.022991496349396554 -0.0095372629933303948 -0.016110384322586446 0.023589117456481776 0.021368117185144073 -0.031478219049393304
leaf_weight=2.8197823055088511 11.270886600948868 6.2456478197127572 10.799402782693504 10.879329722840337 16.681693309452388 1617.0106569281779 70.410536463372409 67.476870198734105 22.704151140525937 109.73456888180226 18.248916178941727 44.176398968324065 23.425306973978877 12.005983325652776
leaf_count=44 231 171 227 292 262 24540 1088 1556 324 1546 327 584 341 183
internal_value=-9.31986e-05 0.00843037 0.0140249 -0.00887192 0.0250475 -0.00031623 -0.00015536 -0.00327126 -0.0123966 0.000700174 0.00571041 0.00825469 0.001079 -0.00558014
internal_weight=2043.89 47.4259 41.1802 13.6991 27.4811 1996.46 1985.19 368.183 108.43 259.753 40.9531 150.018 105.842 82.4165
internal_count=31716 996 825 336 489 30720 30489 5949 2207 3742 651 2196 1612 1271
is_linear=0
shrinkage=0.05


Tree=488
num_leaves=15
num_cat=0
split_feature=10 14 5 9 16 39 34 9 36 38 32 39 1 32
split_gain=2.16224 3.56358 5.52011 3.13006 3.23499 3.05011 3.68662 3.61204 3.36122 3.16172 4.42617 2.75303 4.04421 3.30028
threshold=0.45857970064760523 1.3058830985150476 -0.025336323309437022 0.61674386230902645 0.2880013349922666 0.0046373505356786483 -0.037944198187907861 -0.19532121037070185 0.0069712103027379521 -2.5731736252747983 0.099645390070922005 0.0044067389675453887 -0.018272879655988613 0.20154833392205349
decision_type=2 2 2 2 8 2 2 2 2 2 2 2 2 2
left_child=1 2 11 4 -3 9 -7 -8 -9 10 -4 12 -1 -13
right_child=-2 3 5 -5 -6 6 7 8 -10 -11 -12 13 -14 -15
leaf_value=0.0079757744715282606 0.0015537391387361703 -0.0058687368750807538 -0.013781332143761463 0.00061009477368436976 0.028574677038444986 0.020783041214527107 0.021250793740270467 -0.024754464840200777 0.0070283725516472554 -0.014955875506627955 0.023583754795694439 -0.012877588474551166 -0.0054856903222767692 0.0071775699403177325
leaf_weight=158.46958389785141 1417.5672743641771 7.3765078801661756 12.046428796835245 66.257223572116345 19.589404915925115 12.394502371083943 4.5344825955107799 18.271296788938347 10.132901438977568 152.3459876193665 10.019275461323558 60.227702481672168 80.437660263851285 26.082957017235458
leaf_count=2752 21147 114 180 1174 303 194 72 331 171 2336 176 1251 1183 393
internal_value=0.000467046 -0.00194008 -0.00349352 0.00685657 0.0197085 -0.00951987 0.00187584 -0.00704014 -0.0140614 -0.0124516 0.00440736 0.000660887 0.00342389 -0.00675579
internal_weight=2055.75 638.186 544.963 93.2231 26.9659 219.745 45.3332 32.9387 28.4042 174.412 22.0657 325.218 238.907 86.3107
internal_count=31777 10630 9039 1591 417 3460 768 574 502 2692 356 5579 3935 1644
is_linear=0
shrinkage=0.05


Tree=489
num_leaves=15
num_cat=0
split_feature=34 34 41 21 38 33 33 4 34 38 34 36 34 39
split_gain=2.01256 5.34958 3.61849 3.60424 3.4883 3.43775 5.98763 6.18884 4.43818 5.41376 3.62116 10.0282 4.35086 7.74441
threshold=-0.055487256980164205 -0.066929805893291852 -0.021547012765073727 0.90604056437389779 -0.61822453105054687 0.040899966543994651 0.023811023622047248 -0.036849206798235383 -0.034710456940743144 -1.1004785171443212 -0.051265549774368584 -0.010048787579985672 -0.03231113498480611 0.0027004803966359692
decision_type=2 2 2 8 2 2 2 2 2 2 2 2 2 2
left_child=1 3 4 -1 -3 6 7 -2 9 -8 11 -7 13 -12
right_child=5 2 -4 -5 -6 10 8 -9 -10 -11 12 -13 -14 -15
leaf_value=0.0089580668213407027 -0.018875441278633602 -0.026427901542415606 0.010166835411052379 -0.011445892700586279 0.0061161638704859602 0.045495275811436649 0.037518164059072268 0.022180371409589256 -0.010603462659730667 -0.0039354780357354607 0.0077711488492455301 -0.012500413978850164 0.00042392514351984999 -0.014932427674512048
leaf_weight=60.022037977352738 22.376190020702783 43.227104160934687 7.828015054576098 27.573552434332669 7.9330411776900283 10.138593232259156 27.489268091507256 8.9998363647609931 6.3640941195189944 9.2288747876882535 50.891816306859255 11.390258738771079 1633.224119276274 115.25845913402736
leaf_count=1127 566 980 181 610 145 110 511 148 131 128 770 161 23967 2204
internal_value=-9.87959e-05 -0.00564297 -0.016644 0.00226402 -0.0212863 0.000343699 0.0105241 -0.00566901 0.0216804 0.0278761 -0.000100264 0.0182386 -0.000369614 -0.00795445
internal_weight=2041.95 146.584 58.9882 87.5956 51.1601 1895.36 74.4583 31.376 43.0822 36.7181 1820.9 21.5289 1799.37 166.15
internal_count=31739 3043 1306 1737 1125 28696 1484 714 770 639 27212 271 26941 2974
is_linear=0
shrinkage=0.05


Tree=490
num_leaves=15
num_cat=0
split_feature=34 34 39 34 21 1 0 34 39 39 23 3 36 24
split_gain=2.36194 5.28092 8.59622 5.15375 5.9193 4.68749 4.50025 4.33453 4.31071 9.84704 6.12686 5.3952 5.24799 5.95337
threshold=0.021495011052123817 0.02572440558005307 0.0037507200877461909 0.020468293309078848 0.43893263342082245 0.026530745718728047 0.022619865092762374 0.030305485978095462 0.0045593436695141642 0.0052131927921316825 -0.020480415025396267 0.01398811793697108 0.018031959654608579 0.022362985043170591
decision_type=2 2 2 2 10 2 2 2 2 2 2 2 2 2
left_child=3 2 -2 5 -5 6 -1 -3 12 10 -10 -11 13 -7
right_child=1 7 -4 4 -6 8 -8 -9 9 11 -12 -13 -14 -15
leaf_value=-3.2114425914486708e-05 0.0011149016887224349 0.0089754689503747983 -0.029094164488428949 0.042911165630092181 -0.0041669223439588631 0.028886456427107989 -0.019964077029669128 -0.0027297009901170485 -0.001244992167468986 -0.024373207777537768 0.04594719037119576 0.010735491205385052 -0.02640206254542693 0.0015713153024251797
leaf_weight=1135.0805080111604 48.522530766204 93.680662490893155 40.115045500919223 10.576569685712458 10.272721571847795 17.699906218796968 24.043921115808189 393.56268850481138 8.6575807183980924 11.000453093089162 24.2070575915277 29.622024571057409 9.5074040489271265 170.47366181761026
leaf_count=18375 659 1284 702 123 130 250 297 6431 147 251 301 385 200 1946
internal_value=0.000191069 -0.0025051 -0.0133804 0.00126596 0.0233959 0.000862996 -0.000529538 -0.000410878 0.00671728 0.0166483 0.0349925 -0.000401073 0.00270582 0.0048218
internal_weight=2027.02 575.881 88.6376 1451.14 20.8493 1430.29 1159.12 487.243 271.168 73.4871 32.8646 40.6225 197.681 188.174
internal_count=31481 9076 1361 22405 253 22152 18672 7715 3480 1084 448 636 2396 2196
is_linear=0
shrinkage=0.05


Tree=491
num_leaves=15
num_cat=0
split_feature=15 21 16 28 4 4 8 10 37 28 39 39 27 39
split_gain=2.05541 3.22315 3.68874 2.59028 3.84319 3.5428 3.38319 2.00433 3.44826 1.68253 5.33092 8.31215 7.35994 6.5085
threshold=1.0629292283750809 0.36254496402877706 0.48695358503410974 2.5000000000000004 -0.071677436142931802 -0.037579513985512451 -0.13049083227476274 0.69061662172968552 0.002121048636178791 5.5000000000000009 0.0027162130978013988 0.0024301695347584691 20.500000000000004 0.0041996887310685677
decision_type=2 10 8 2 2 2 2 2 2 2 2 2 2 2
left_child=1 3 -3 6 -5 -6 -1 9 -9 -2 11 -11 -13 -12
right_child=7 2 -4 4 5 -7 -8 8 -10 10 13 12 -14 -15
leaf_value=0.0092683294409558956 0.0011261036808578933 -0.017557140579783422 0.015684023782255467 -0.024678692690901383 0.026350371406503044 -0.0049102560480794163 -0.029721635372799676 0.0065924009295974806 -0.017285718123839479 -0.0024842278630063828 -0.021105759501527651 0.030823919933497781 -0.021246247634331646 0.0028939008694734369
leaf_weight=4.4234077651053694 1527.3652790240012 7.2964952141046551 22.503999333828688 10.798160530626772 7.8576381560415021 26.843934705480933 23.577987492084503 20.573333622887731 35.953059594612569 208.31132282875478 65.033463679952547 30.851645349990577 4.6407889742404214 45.537339847534895
leaf_count=67 23691 112 298 130 96 348 370 286 522 2988 1456 452 90 825
internal_value=-0.000258592 -0.00696203 0.00619193 -0.0123499 -0.00410767 0.00459533 -0.0230913 0.000115668 -0.00876556 0.000404977 -0.00267553 0.0014885 0.0222327 -0.0115242
internal_weight=2041.57 103.302 29.8005 73.5011 45.4997 34.7016 28.0014 1938.27 56.5264 1881.74 354.375 243.804 35.4924 110.571
internal_count=31731 1421 410 1011 574 444 437 30310 808 29502 5811 3530 542 2281
is_linear=0
shrinkage=0.05


Tree=492
num_leaves=15
num_cat=0
split_feature=1 12 32 24 44 17 44 44 11 4 37 36 30 35
split_gain=1.80885 2.5941 2.17963 1.67182 2.74276 2.57352 1.82898 1.64481 1.53965 2.21173 2.85933 2.86158 2.64719 4.53326
threshold=-0.049560260029147367 32.214674871097138 0.051949025487256377 0.039312447564611837 0.87815482502651132 -1.7849876622190137 0.77187095254915816 0.78098713938130004 0.56626218612232848 0.069221683359586797 0.013961340187602646 0.0044323318435461898 7.7500000000000009 0.011006318826749075
decision_type=2 2 2 2 2 2 2 2 2 2 2 2 2 2
left_child=1 2 7 8 5 -5 -7 -1 -2 10 12 -12 -10 -14
right_child=3 -3 -4 4 -6 6 -8 -9 9 -11 11 -13 13 -15
leaf_value=-0.011510445876386152 0.00070921320059000217 -0.0072914055590207749 0.033914232175334909 -0.014097556101780824 -0.020658433175669788 -0.0019020383317486088 0.027511100671424739 0.016964395305605891 -0.012341837821746221 -0.012464534886156875 0.023910237568448765 0.00036078865261829238 -0.0056230735697817176 0.021678912294854968
leaf_weight=5.9264776492491418 1738.5787201679777 9.5087430672720057 8.6090397615917009 9.3898848462849873 20.280718736350536 9.0810902151279134 5.9215423278510562 4.5539144724607468 58.216274279169738 49.246288950089365 14.608887635171412 38.161842816974968 52.135706533677876 15.753424284979699
leaf_count=122 27343 165 127 163 238 116 62 82 831 731 192 603 637 212
internal_value=0.000163271 0.011669 0.0206667 -2.88504e-05 -0.00908822 0.00240941 0.0136822 0.0023454 0.000199456 -0.00361742 -0.000909015 0.00838531 -0.00496983 0.00176478
internal_weight=2039.97 28.5982 19.0894 2011.37 44.6732 24.3925 15.0026 10.4804 1966.7 228.122 178.876 52.7707 126.105 67.8891
internal_count=31624 496 331 31128 579 341 178 204 30549 3206 2475 795 1680 849
is_linear=0
shrinkage=0.05


Tree=493
num_leaves=15
num_cat=0
split_feature=32 37 5 28 39 21 37 32 14 39 32 32 37 32
split_gain=2.0138 4.60202 4.87842 4.77543 4.46754 3.66778 3.51165 3.24883 2.66238 2.55349 2.30942 3.64924 7.36301 4.76377
threshold=0.020168124194969838 -0.0064100540186691748 -0.017923873771664985 4.5000000000000009 0.0034452615849274062 0.96005128543757723 -0.022216766709410359 0.023715785526809152 1.2519231496679721 0.0027248845711360112 0.026088929219600727 0.032922368242785542 -0.019005351759760144 0.03478523895946764
decision_type=2 2 2 2 2 10 2 2 2 2 2 2 2 2
left_child=1 2 3 5 9 -1 -4 -2 -6 -5 -9 12 -12 -13
right_child=7 -3 6 4 8 -7 -8 10 -10 -11 11 13 -14 -15
leaf_value=-0.023157165989732813 -0.024130787246547561 0.028939050668175745 0.037079152805162031 0.0091337917216102495 0.02594235269227262 0.018478838962096063 -0.0072417299237165266 0.014796603704518822 -0.007340026369937829 -0.026671294580356469 0.0076015238327065485 0.023402410104937293 -0.033680626468737478 -0.00020092469671077951
leaf_weight=27.774091273080561 9.1102858162485045 14.377609530463813 9.1130568422377092 5.0435570115223509 19.209496065974239 2.4566148957237592 4.4758050329983226 20.841228601522744 5.5230318699032059 7.3958384920842946 17.368995789438486 16.623225484974682 18.228825301863253 1871.7471841860097
leaf_count=759 269 244 140 97 288 58 63 275 77 198 316 255 354 28428
internal_value=0.00012886 0.00703621 0.00169142 -0.00427099 0.00739674 -0.0176314 0.0244598 -0.00022538 0.0185256 -0.0136976 -5.1805e-05 -0.000250586 -0.0150827 6.81064e-05
internal_weight=2049.29 95.3691 80.9915 67.4026 37.1719 30.2307 13.5889 1953.92 24.7325 12.4394 1944.81 1923.97 35.5978 1888.37
internal_count=31821 1924 1680 1477 660 817 203 29897 365 295 29628 29353 670 28683
is_linear=0
shrinkage=0.05


Tree=494
num_leaves=15
num_cat=0
split_feature=14 4 14 41 21 10 22 17 39 38 1 8 39 38
split_gain=2.25405 3.48217 2.0539 5.36761 3.26385 2.59779 2.34563 1.95133 1.82304 3.8797 5.53132 5.63736 3.40187 4.48851
threshold=0.42539577217313634 -0.087236680305334866 0.51717762662786571 -0.020326730740372664 0.58263888888888904 0.39626882335537222 2.5000000000000004 2.5344191833468259 0.001356391560087678 -2.2071098490091989 0.016831395849973844 0.22477955701617944 0.0014699974720613479 -0.6499044803916082
decision_type=2 2 2 2 8 2 2 2 2 2 2 2 2 2
left_child=1 -1 3 -2 5 -5 7 -7 9 -4 11 -11 13 -10
right_child=2 -3 8 4 -6 6 -8 -9 12 10 -12 -13 -14 -15
leaf_value=0.011319696911140443 -0.016347394440639467 -0.026702195336260278 -0.033518610823097969 -0.0038062463301624856 -0.0092744733913532138 0.045054470888886172 0.0020599624766561428 0.0073836928946865929 -0.013348987124166274 -0.0069782818495885126 -0.014250247957943272 0.036121278692621217 0.00016110819099810942 0.027065339629153862
leaf_weight=5.6590249761939075 10.905957376584409 12.87023026216775 7.1621009260416022 5.943632621318101 6.4454019200056782 13.79751561582089 6.9972895737737408 6.9908000612631431 6.0394224422052529 12.680595368146898 33.450393591076136 9.9697096552699787 1882.4805666813627 19.660805679857731
leaf_count=79 197 168 109 85 102 189 85 96 88 158 411 123 29598 255
internal_value=0.000235457 -0.0151521 0.000413447 0.00984899 0.0179826 0.0237161 0.0292861 0.0362741 0.000144673 -0.00788481 -0.00213717 0.0150937 0.000430789 0.0169409
internal_weight=2041.05 18.5293 2022.52 51.0806 40.1746 33.7292 27.7856 20.7883 1971.44 63.2628 56.1007 22.6503 1908.18 25.7002
internal_count=31743 247 31496 754 557 455 370 285 30742 801 692 281 29941 343
is_linear=0
shrinkage=0.05


Tree=495
num_leaves=15
num_cat=0
split_feature=33 37 37 28 4 33 0 34 34 35 1 34 44 8
split_gain=1.81939 2.18808 3.68807 3.78501 3.66427 1.76062 4.25054 3.62395 4.60517 4.5792 3.56205 3.7901 3.24213 3.50806
threshold=0.0091326105087572995 -0.044479677119035825 -0.027308107739361039 5.5000000000000009 -0.075026262511927386 0.0739497887148894 -0.0049554013875124361 -0.053977736693210064 -0.033695620889280124 -0.0046732484799021081 -0.038149406970521986 -0.051265549774368584 0.91064169570267139 0.96879415517535161
decision_type=2 2 2 2 2 2 2 2 2 2 2 2 2 2
left_child=1 -1 3 -3 -4 6 -2 -8 9 -9 -7 -12 -13 -14
right_child=5 2 4 -5 -6 10 7 8 -10 -11 11 12 13 -15
leaf_value=0.0306283634113131 -0.0068015325965820762 -0.03005952552126865 -0.010228111746764777 0.014707140160992527 0.028143365309299246 0.013414614103885565 -0.0059067401599044271 0.031047310057253016 -0.012561279881235935 -0.0080195135689259227 0.030417328748135977 0.0017924923588829409 -0.0071880320114055445 0.00040001132493536147
leaf_weight=5.4173346888273946 227.00124058173969 7.6617942731827515 6.4760337639600065 3.7455502022057772 12.300561068579553 48.253979369066656 31.01949096750468 27.5045938109979 8.481360372155903 7.461430316790941 5.3657396994531146 1040.4596293778159 255.70993810240179 365.16944015305489
leaf_count=89 4787 214 139 85 214 819 521 382 137 99 75 16326 3283 4765
internal_value=0.000273947 0.0107533 0.00334051 -0.0153581 0.0155412 6.2787e-05 -0.0034288 0.00663351 0.0152723 0.0227505 0.000684748 0.000277176 8.88529e-05 -0.00275759
internal_weight=2052.03 35.6013 30.1839 11.4073 18.7766 2016.43 301.468 74.4669 43.4474 34.966 1714.96 1666.7 1661.34 620.879
internal_count=31935 741 652 299 353 31194 5926 1139 618 481 25268 24449 24374 8048
is_linear=0
shrinkage=0.05


Tree=496
num_leaves=15
num_cat=0
split_feature=11 5 0 42 19 7 5 5 39 34 39 44 44 21
split_gain=1.79855 2.50125 1.95147 1.88445 1.875 5.01327 4.10124 3.559 5.37558 3.39902 4.22133 3.14879 3.48743 5.15739
threshold=0.62890703114331525 0.01848407211380854 0.048839270449049905 0.84959079113713498 0.014760046485604524 2.3547479624352938 -0.084482524778215926 0.029587842813469271 0.0043325440964272375 -0.055487256980164205 0.0027248845711360112 0.98596473948586638 0.94881152910349997 0.51124732438217568
decision_type=2 2 2 2 2 8 2 2 2 2 2 2 2 8
left_child=2 -2 4 -3 -1 7 -7 9 -9 -6 -11 12 -8 -14
right_child=1 3 -4 -5 5 6 11 8 -10 10 -12 -13 13 -15
leaf_value=-0.0010834991404791894 -0.0016500721433437924 -0.00099828972133954286 -0.019643868119655954 0.032936384927524216 0.011103280643754616 0.021893522651498409 0.0017036881527315137 -0.0052179796530745261 0.022671243752308064 0.0098913387946030443 -0.016009323564675191 -0.014018196517290964 -0.0090132925674441464 0.03161685521138928
leaf_weight=1642.7265144600533 20.123778718523681 5.3950291946530333 8.229625956155358 8.8765822164714319 15.532595590222625 40.364515763707459 86.924384389072657 39.325552862137556 23.943562283180654 15.633781486190854 82.225046705454588 15.741316540166734 8.4504466895014065 21.531855990178883
leaf_count=26214 294 78 119 100 258 548 1237 514 315 209 1175 175 89 262
internal_value=-0.000295466 0.0102858 -0.00050257 0.0231775 -0.000374531 0.00292445 0.00885704 -0.00296951 0.00622385 -0.00814535 -0.0115918 0.0042389 0.00717132 0.0205138
internal_weight=2035.02 34.3954 2000.63 14.2716 1992.4 349.673 173.013 176.661 63.2691 113.391 97.8588 132.648 116.907 29.9823
internal_count=31587 472 31115 178 30996 4782 2311 2471 829 1642 1384 1763 1588 351
is_linear=0
shrinkage=0.05


Tree=497
num_leaves=15
num_cat=0
split_feature=36 32 33 32 9 16 24 17 14 41 39 40 33 32
split_gain=1.49076 3.05783 4.90581 3.56071 3.68086 3.48088 2.78157 3.01832 2.43073 1.98018 1.93355 1.9246 6.68321 5.27439
threshold=0.019080608230889199 0.9826073805202663 0.70472994566954317 0.83277404921700238 0.60611515512598146 0.85685194296028555 0.027007449442073589 2.6444831122673009 0.90503613807087735 0.027091347660535062 0.0063342169483552773 1.0000000180025095e-35 0.10079428606612895 0.30396078431372553
decision_type=2 2 2 2 2 10 2 2 2 2 2 2 2 2
left_child=11 2 3 4 -2 8 7 -7 -4 -3 -10 13 -13 -1
right_child=1 9 5 -5 -6 6 -8 -9 10 -11 -12 12 -14 -15
leaf_value=0.00056867043612273131 0.018767132275394661 0.016359582142250174 -0.0017399839777076009 0.035048641472398237 -0.023625326551373917 -0.013229761706960661 -0.015244150945505167 0.023479480846491353 -0.034961269825963072 -0.010264475596208822 -0.0049106157424642499 -0.020539672267433251 0.0026347049220485537 -0.0091660281650506933
leaf_weight=744.94204385066405 4.7782198702916485 18.180357770994309 11.411520728375761 4.7875580335967234 5.9664529310539365 4.7028639055788544 12.535621883347629 10.859085442498325 24.965840322896838 6.0481443479657164 8.7436595489270967 27.156498511321843 984.73600845783949 165.96617725072429
leaf_count=12573 80 316 282 108 117 87 252 190 453 94 229 535 14144 2222
internal_value=8.46932e-05 -0.00537151 -0.00959506 0.0130265 -0.00480016 -0.0149198 -0.000704558 0.0118664 -0.0228186 0.00909446 -0.0288078 0.000418387 0.00191483 -0.00124533
internal_weight=2035.78 112.979 88.7508 15.5322 10.7447 73.2186 28.0976 15.5619 45.121 24.2285 33.7095 1922.8 1011.89 910.908
internal_count=31682 2208 1798 305 197 1493 529 277 964 410 682 29474 14679 14795
is_linear=0
shrinkage=0.05


Tree=498
num_leaves=15
num_cat=0
split_feature=6 6 8 6 36 41 41 28 28 4 28 5 18 23
split_gain=2.05266 3.58449 2.71767 2.9059 2.63895 2.59575 4.24607 3.51991 3.44418 5.15518 4.43498 6.56421 4.87626 4.74303
threshold=2.2122819339968252 2.2394205977771078 -0.12239907069705709 2.2760291946439595 0.029101909375975791 -0.0014339709978078428 -0.0022400500112176309 2.5000000000000004 1.5000000000000002 -0.026311764421760971 4.5000000000000009 0.028416431759455078 0.07840236686390531 -0.011743859957126122
decision_type=2 2 2 2 2 2 2 2 2 2 2 2 2 2
left_child=5 -2 -3 -4 -5 6 -1 -8 9 -7 12 -12 -10 -14
right_child=1 2 3 4 -6 8 7 -9 10 -11 11 -13 13 -15
leaf_value=0.0032681875148015426 -0.019101966172314171 0.0093136941353326088 0.01281789461909448 -0.0017124900867877214 -0.019932695308282972 0.010341581030211083 0.045827492659491507 0.0022638492762104222 0.027455488548801893 -0.015808806977078524 -0.017648882898203409 0.0059704272061555826 0.017417669540043437 -0.0018748255897692385
leaf_weight=403.77810459956527 23.309140064753592 54.773295052349567 28.928825384005904 1119.605779645266 15.295475821709259 21.331117933616042 6.0833601839840403 8.9178800126537663 18.644295897334814 69.698562042787671 55.683987914118916 53.401692496612668 37.536143972538412 123.79306841827929
leaf_count=6458 385 834 439 17115 465 356 82 130 238 1274 901 803 496 1779
internal_value=-0.000237811 -0.00150738 -0.00109416 -0.00162173 -0.0020444 0.00173295 0.0044254 0.0269699 -0.00125252 -0.00946155 0.00144957 -0.0063314 0.00620944 0.00300258
internal_weight=2040.78 1241.91 1218.6 1163.83 1134.9 798.868 418.779 15.0012 380.089 91.0297 289.059 109.086 179.974 161.329
internal_count=31755 19238 18853 18019 17580 12517 6670 212 5847 1630 4217 1704 2513 2275
is_linear=0
shrinkage=0.05


Tree=499
num_leaves=15
num_cat=0
split_feature=34 34 41 34 39 32 41 16 28 13 44 41 9 21
split_gain=2.08792 6.81392 4.1797 4.05204 4.92035 5.08523 7.77024 4.24785 3.61409 3.20245 3.20122 4.53667 5.1056 5.4733
threshold=0.021495011052123817 0.01993402758520724 0.01683975561569612 0.02572440558005307 0.0038057527281756512 0.83706653393064556 0.0084901997655242329 0.52942300591298996 5.5000000000000009 0.014111243239850428 0.85488665923448537 0.010988983523456898 1.0352342909391843 0.28795803782505919
decision_type=2 2 2 2 2 2 2 10 2 2 2 2 2 10
left_child=1 2 -1 4 5 -2 -7 -8 9 -4 11 -5 -13 -14
right_child=3 -3 8 10 -6 6 7 -9 -10 -11 -12 12 13 -15
leaf_value=-0.00040165968663867421 -0.018516062140226424 0.022497075672936 0.029188726993801047 0.011796060509958073 -0.02532748459861018 0.045255445363427176 -0.021453807629393175 0.012964116516077172 -0.015220533237268817 0.0027273334007286566 -0.0054818023330526679 -0.0082102436883857762 -0.016150908638686526 0.01441480713667951
leaf_weight=1372.322141724173 22.067443610168993 29.91903442889452 23.928358068689704 85.081204987131059 36.184733690693974 6.0426589027047148 12.339172802865507 13.82622662745416 5.6111308131366959 20.777370821684599 218.51841950928792 116.38959025964141 14.308366776444016 61.618368551135063
leaf_count=21506 318 386 293 1296 643 82 158 182 85 225 3174 2086 222 1087
internal_value=-0.000341405 0.000676158 0.000140066 -0.00284649 -0.0122823 -0.00218249 0.00999285 -0.00410474 0.0136157 0.018402 -0.00101988 0.0025298 -0.00176465 0.00801272
internal_weight=2038.93 1452.56 1422.64 586.376 90.4602 54.2755 32.2081 26.1654 50.3169 44.7057 495.916 277.398 192.316 75.9267
internal_count=31743 22495 22109 9248 1383 740 422 340 603 518 7865 4691 3395 1309
is_linear=0
shrinkage=0.05


end of trees

feature_importances:
btc_vol_24h=618
btc_roc_24h=469
altseason=465
breadth_ema50=398
median_roc4=377
btc_roc_4h=364
breadth_roc24_pos=360
btc_z20=351
median_roc24=332
dow=321
hour=235
roc_168h=175
atr_ratio_72=153
bbw_pctile_720=140
ema50_slope_24h=127
dist_hh168_atr=125
roc_72h=115
rexp72=112
breakout_dist_atr=103
roc_1h=96
rank_roc4=96
rvol_hod=95
roc_12h=94
uni_adr_pct=91
z20=86
qvol_z168=82
ema20_ext_atr=82
trades_z168=77
rank_roc24=76
rsi14=72
med_range24=69
rank_volratio=69
d_final=65
roc_24h=63
vol_ratio=59
taker_share=58
roc_4h=55
atr_pct=54
taker_share_4h=52
uni_log_spot30=42
ma_align=31
tp_rr=30
btc_above_ema50=27
p1h_age=17
pat_P1H=15
pat_P1=4
tier=2
pat_P2=1

parameters:
[boosting: gbdt]
[objective: binary]
[metric: binary_logloss]
[tree_learner: serial]
[device_type: cpu]
[data_sample_strategy: bagging]
[data: ]
[valid: ]
[num_iterations: 500]
[learning_rate: 0.05]
[num_leaves: 15]
[num_threads: 6]
[seed: 0]
[deterministic: 0]
[force_col_wise: 0]
[force_row_wise: 0]
[histogram_pool_size: -1]
[max_depth: -1]
[min_data_in_leaf: 60]
[min_sum_hessian_in_leaf: 0.001]
[bagging_fraction: 0.8]
[pos_bagging_fraction: 1]
[neg_bagging_fraction: 1]
[bagging_freq: 1]
[bagging_seed: 3]
[bagging_by_query: 0]
[feature_fraction: 0.8]
[feature_fraction_bynode: 1]
[feature_fraction_seed: 2]
[extra_trees: 0]
[extra_seed: 6]
[early_stopping_round: 0]
[early_stopping_min_delta: 0]
[first_metric_only: 0]
[max_delta_step: 0]
[lambda_l1: 0]
[lambda_l2: 5]
[linear_lambda: 0]
[min_gain_to_split: 0]
[drop_rate: 0.1]
[max_drop: 50]
[skip_drop: 0.5]
[xgboost_dart_mode: 0]
[uniform_drop: 0]
[drop_seed: 4]
[top_rate: 0.2]
[other_rate: 0.1]
[min_data_per_group: 100]
[max_cat_threshold: 32]
[cat_l2: 10]
[cat_smooth: 10]
[max_cat_to_onehot: 4]
[top_k: 20]
[monotone_constraints: ]
[monotone_constraints_method: basic]
[monotone_penalty: 0]
[feature_contri: ]
[forcedsplits_filename: ]
[refit_decay_rate: 0.9]
[cegb_tradeoff: 1]
[cegb_penalty_split: 0]
[cegb_penalty_feature_lazy: ]
[cegb_penalty_feature_coupled: ]
[path_smooth: 0]
[interaction_constraints: ]
[verbosity: -1]
[saved_feature_importance_type: 0]
[use_quantized_grad: 0]
[num_grad_quant_bins: 4]
[quant_train_renew_leaf: 0]
[stochastic_rounding: 1]
[linear_tree: 0]
[max_bin: 255]
[max_bin_by_feature: ]
[min_data_in_bin: 3]
[bin_construct_sample_cnt: 200000]
[data_random_seed: 1]
[is_enable_sparse: 1]
[enable_bundle: 1]
[use_missing: 1]
[zero_as_missing: 0]
[feature_pre_filter: 1]
[pre_partition: 0]
[two_round: 0]
[header: 0]
[label_column: ]
[weight_column: ]
[group_column: ]
[ignore_column: ]
[categorical_feature: ]
[forcedbins_filename: ]
[precise_float_parser: 0]
[parser_config_file: ]
[objective_seed: 5]
[num_class: 1]
[is_unbalance: 0]
[scale_pos_weight: 1]
[sigmoid: 1]
[boost_from_average: 1]
[reg_sqrt: 0]
[alpha: 0.9]
[fair_c: 1]
[poisson_max_delta_step: 0.7]
[tweedie_variance_power: 1.5]
[lambdarank_truncation_level: 30]
[lambdarank_norm: 1]
[label_gain: ]
[lambdarank_position_bias_regularization: 0]
[eval_at: ]
[multi_error_top_k: 1]
[auc_mu_weights: ]
[num_machines: 1]
[local_listen_port: 12400]
[time_out: 120]
[machine_list_filename: ]
[machines: ]
[gpu_platform_id: -1]
[gpu_device_id: -1]
[gpu_use_dp: 0]
[num_gpu: 1]

end of parameters

pandas_categorical:[]
